X,Y,Z
371042.4563,5813017.43,-1
371047.4563,5813017.43,-1
371117.4563,5813017.43,-1
371122.4563,5813017.43,-1
371127.4563,5813017.43,-1
371132.4563,5813017.43,-1
371137.4563,5813017.43,-1
370957.4563,5813012.43,-1
370962.4563,5813012.43,-1
370967.4563,5813012.43,-1
370972.4563,5813012.43,-1
371032.4563,5813012.43,-1
371037.4563,5813012.43,-1
371042.4563,5813012.43,-1
371047.4563,5813012.43,-1
371052.4563,5813012.43,-1
371112.4563,5813012.43,-1
371117.4563,5813012.43,-1
371122.4563,5813012.43,-1
371127.4563,5813012.43,-1
371132.4563,5813012.43,-1
371137.4563,5813012.43,-1
371142.4563,5813012.43,-1
371147.4563,5813012.43,-1
371152.4563,5813012.43,-1
371157.4563,5813012.43,-1
370942.4563,5813007.43,-1
370947.4563,5813007.43,-1
370952.4563,5813007.43,-1
370957.4563,5813007.43,-1
370962.4563,5813007.43,-1
370967.4563,5813007.43,-1
370972.4563,5813007.43,-1
371022.4563,5813007.43,-1
371027.4563,5813007.43,-1
371032.4563,5813007.43,-1
371037.4563,5813007.43,-1
371042.4563,5813007.43,-1
371047.4563,5813007.43,-1
371052.4563,5813007.43,-1
371057.4563,5813007.43,-1
371082.4563,5813007.43,-1
371087.4563,5813007.43,-1
371092.4563,5813007.43,-1
371112.4563,5813007.43,-1
371117.4563,5813007.43,-1
371122.4563,5813007.43,-1
371127.4563,5813007.43,-1
371132.4563,5813007.43,-1
371137.4563,5813007.43,-1
371142.4563,5813007.43,-1
371147.4563,5813007.43,-1
371152.4563,5813007.43,-1
371157.4563,5813007.43,-1
371162.4563,5813007.43,-1
370932.4563,5813002.43,-1
370937.4563,5813002.43,-1
370942.4563,5813002.43,-1
370947.4563,5813002.43,-1
370952.4563,5813002.43,-1
370957.4563,5813002.43,-1
370962.4563,5813002.43,-1
370967.4563,5813002.43,-1
370972.4563,5813002.43,-1
370977.4563,5813002.43,-1
371007.4563,5813002.43,-1
371012.4563,5813002.43,-1
371017.4563,5813002.43,-1
371022.4563,5813002.43,-1
371027.4563,5813002.43,-1
371032.4563,5813002.43,-1
371037.4563,5813002.43,-1
371042.4563,5813002.43,-1
371047.4563,5813002.43,-1
371052.4563,5813002.43,-1
371057.4563,5813002.43,-1
371062.4563,5813002.43,-1
371072.4563,5813002.43,-1
371077.4563,5813002.43,-1
371082.4563,5813002.43,-1
371087.4563,5813002.43,-1
371092.4563,5813002.43,-1
371097.4563,5813002.43,-1
371112.4563,5813002.43,-1
371117.4563,5813002.43,-1
371122.4563,5813002.43,-1
371127.4563,5813002.43,-1
371132.4563,5813002.43,-1
371137.4563,5813002.43,-1
371142.4563,5813002.43,-1
371147.4563,5813002.43,-1
371152.4563,5813002.43,-1
371157.4563,5813002.43,-1
371162.4563,5813002.43,-1
371167.4563,5813002.43,-1
371172.4563,5813002.43,-1
370922.4563,5812997.43,-1
370927.4563,5812997.43,-1
370932.4563,5812997.43,-1
370937.4563,5812997.43,-1
370942.4563,5812997.43,-1
370947.4563,5812997.43,-1
370952.4563,5812997.43,-1
370957.4563,5812997.43,-1
370962.4563,5812997.43,-1
370967.4563,5812997.43,-1
370972.4563,5812997.43,-1
370977.4563,5812997.43,-1
371002.4563,5812997.43,-1
371007.4563,5812997.43,-1
371012.4563,5812997.43,-1
371017.4563,5812997.43,-1
371022.4563,5812997.43,-1
371027.4563,5812997.43,-1
371032.4563,5812997.43,-1
371037.4563,5812997.43,-1
371042.4563,5812997.43,-1
371047.4563,5812997.43,-1
371052.4563,5812997.43,-1
371057.4563,5812997.43,-1
371062.4563,5812997.43,-1
371067.4563,5812997.43,-1
371072.4563,5812997.43,-1
371077.4563,5812997.43,-1
371082.4563,5812997.43,-1
371087.4563,5812997.43,-1
371092.4563,5812997.43,-1
371097.4563,5812997.43,-1
371102.4563,5812997.43,-1
371107.4563,5812997.43,-1
371112.4563,5812997.43,-1
371117.4563,5812997.43,-1
371122.4563,5812997.43,-1
371127.4563,5812997.43,-1
371132.4563,5812997.43,-1
371137.4563,5812997.43,-1
371142.4563,5812997.43,-1
371147.4563,5812997.43,-1
371152.4563,5812997.43,-1
371157.4563,5812997.43,-1
371162.4563,5812997.43,-1
371167.4563,5812997.43,-1
371172.4563,5812997.43,-1
371177.4563,5812997.43,-1
371182.4563,5812997.43,-1
370917.4563,5812992.43,-1
370922.4563,5812992.43,-1
370927.4563,5812992.43,-1
370932.4563,5812992.43,-1
370937.4563,5812992.43,-1
370942.4563,5812992.43,-1
370947.4563,5812992.43,-1
370952.4563,5812992.43,-1
370957.4563,5812992.43,-1
370962.4563,5812992.43,-1
370967.4563,5812992.43,-1
370972.4563,5812992.43,-1
370977.4563,5812992.43,-1
370982.4563,5812992.43,-1
370997.4563,5812992.43,-1
371002.4563,5812992.43,-1
371007.4563,5812992.43,-1
371012.4563,5812992.43,-1
371017.4563,5812992.43,-1
371022.4563,5812992.43,-1
371027.4563,5812992.43,-1
371032.4563,5812992.43,-1
371037.4563,5812992.43,-1
371042.4563,5812992.43,-1
371047.4563,5812992.43,-1
371052.4563,5812992.43,-1
371057.4563,5812992.43,-1
371062.4563,5812992.43,-1
371067.4563,5812992.43,-1
371072.4563,5812992.43,-1
371077.4563,5812992.43,-1
371082.4563,5812992.43,-1
371087.4563,5812992.43,-1
371092.4563,5812992.43,-1
371097.4563,5812992.43,-1
371102.4563,5812992.43,-1
371107.4563,5812992.43,-1
371112.4563,5812992.43,-1
371117.4563,5812992.43,-1
371122.4563,5812992.43,-1
371127.4563,5812992.43,-1
371132.4563,5812992.43,-1
371137.4563,5812992.43,-1
371142.4563,5812992.43,-1
371147.4563,5812992.43,-1
371152.4563,5812992.43,-1
371157.4563,5812992.43,-1
371162.4563,5812992.43,-1
371167.4563,5812992.43,-1
371172.4563,5812992.43,-1
371177.4563,5812992.43,-1
371182.4563,5812992.43,-1
371187.4563,5812992.43,-1
371192.4563,5812992.43,-1
370912.4563,5812987.43,-1
370917.4563,5812987.43,-1
370922.4563,5812987.43,-1
370927.4563,5812987.43,-1
370932.4563,5812987.43,-1
370937.4563,5812987.43,-1
370942.4563,5812987.43,-1
370947.4563,5812987.43,-1
370952.4563,5812987.43,-1
370957.4563,5812987.43,-1
370962.4563,5812987.43,-1
370967.4563,5812987.43,-1
370972.4563,5812987.43,-1
370977.4563,5812987.43,-1
370982.4563,5812987.43,-1
370997.4563,5812987.43,-1
371002.4563,5812987.43,-1
371007.4563,5812987.43,-1
371012.4563,5812987.43,-1
371017.4563,5812987.43,-1
371022.4563,5812987.43,-1
371027.4563,5812987.43,-1
371032.4563,5812987.43,-1
371037.4563,5812987.43,-1
371042.4563,5812987.43,-1
371047.4563,5812987.43,-1
371052.4563,5812987.43,-1
371057.4563,5812987.43,-1
371062.4563,5812987.43,-1
371067.4563,5812987.43,-1
371072.4563,5812987.43,-1
371077.4563,5812987.43,-1
371082.4563,5812987.43,-1
371087.4563,5812987.43,-1
371092.4563,5812987.43,-1
371097.4563,5812987.43,-1
371102.4563,5812987.43,-1
371107.4563,5812987.43,-1
371112.4563,5812987.43,-1
371117.4563,5812987.43,-1
371122.4563,5812987.43,-1
371127.4563,5812987.43,-1
371132.4563,5812987.43,-1
371137.4563,5812987.43,-1
371142.4563,5812987.43,-1
371147.4563,5812987.43,-1
371152.4563,5812987.43,-1
371157.4563,5812987.43,-1
371162.4563,5812987.43,-1
371167.4563,5812987.43,-1
371172.4563,5812987.43,-1
371177.4563,5812987.43,-1
371182.4563,5812987.43,-1
371187.4563,5812987.43,-1
371192.4563,5812987.43,-1
371197.4563,5812987.43,-1
371202.4563,5812987.43,-1
371207.4563,5812987.43,-1
370897.4563,5812982.43,-1
370902.4563,5812982.43,-1
370907.4563,5812982.43,-1
370912.4563,5812982.43,-1
370917.4563,5812982.43,-1
370922.4563,5812982.43,-1
370927.4563,5812982.43,-1
370932.4563,5812982.43,-1
370937.4563,5812982.43,-1
370942.4563,5812982.43,-1
370947.4563,5812982.43,-1
370952.4563,5812982.43,-1
370957.4563,5812982.43,-1
370962.4563,5812982.43,-1
370967.4563,5812982.43,-1
370972.4563,5812982.43,-1
370977.4563,5812982.43,-1
370982.4563,5812982.43,-1
370987.4563,5812982.43,-1
370997.4563,5812982.43,-1
371002.4563,5812982.43,-1
371007.4563,5812982.43,-1
371012.4563,5812982.43,-1
371017.4563,5812982.43,-1
371022.4563,5812982.43,-1
371027.4563,5812982.43,-1
371032.4563,5812982.43,-1
371037.4563,5812982.43,-1
371042.4563,5812982.43,-1
371047.4563,5812982.43,-1
371052.4563,5812982.43,-1
371057.4563,5812982.43,-1
371062.4563,5812982.43,-1
371067.4563,5812982.43,-1
371072.4563,5812982.43,-1
371077.4563,5812982.43,-1
371082.4563,5812982.43,-1
371087.4563,5812982.43,-1
371092.4563,5812982.43,-1
371097.4563,5812982.43,-1
371102.4563,5812982.43,-1
371107.4563,5812982.43,-1
371112.4563,5812982.43,-1
371117.4563,5812982.43,-1
371122.4563,5812982.43,-1
371127.4563,5812982.43,-1
371132.4563,5812982.43,-1
371137.4563,5812982.43,-1
371142.4563,5812982.43,-1
371147.4563,5812982.43,-1
371152.4563,5812982.43,-1
371157.4563,5812982.43,-5
371162.4563,5812982.43,-5
371167.4563,5812982.43,-5
371172.4563,5812982.43,-5
371177.4563,5812982.43,-5
371182.4563,5812982.43,-5
371187.4563,5812982.43,-1
371192.4563,5812982.43,-1
371197.4563,5812982.43,-1
371202.4563,5812982.43,-1
371207.4563,5812982.43,-1
371212.4563,5812982.43,-1
371217.4563,5812982.43,-1
370892.4563,5812977.43,-1
370897.4563,5812977.43,-1
370902.4563,5812977.43,-1
370907.4563,5812977.43,-1
370912.4563,5812977.43,-1
370917.4563,5812977.43,-1
370922.4563,5812977.43,-1
370927.4563,5812977.43,-1
370932.4563,5812977.43,-1
370937.4563,5812977.43,-1
370942.4563,5812977.43,-1
370947.4563,5812977.43,-1
370952.4563,5812977.43,-1
370957.4563,5812977.43,-1
370962.4563,5812977.43,-1
370967.4563,5812977.43,-1
370972.4563,5812977.43,-1
370977.4563,5812977.43,-1
370982.4563,5812977.43,-1
370987.4563,5812977.43,-1
370992.4563,5812977.43,-1
370997.4563,5812977.43,-1
371002.4563,5812977.43,-1
371007.4563,5812977.43,-1
371012.4563,5812977.43,-1
371017.4563,5812977.43,-1
371022.4563,5812977.43,-1
371027.4563,5812977.43,-1
371032.4563,5812977.43,-1
371037.4563,5812977.43,-1
371042.4563,5812977.43,-1
371047.4563,5812977.43,-1
371052.4563,5812977.43,-1
371057.4563,5812977.43,-1
371062.4563,5812977.43,-1
371067.4563,5812977.43,-1
371072.4563,5812977.43,-1
371077.4563,5812977.43,-1
371082.4563,5812977.43,-1
371087.4563,5812977.43,-1
371092.4563,5812977.43,-1
371097.4563,5812977.43,-1
371102.4563,5812977.43,-1
371107.4563,5812977.43,-1
371112.4563,5812977.43,-1
371117.4563,5812977.43,-1
371122.4563,5812977.43,-1
371127.4563,5812977.43,-1
371132.4563,5812977.43,-1
371137.4563,5812977.43,-1
371142.4563,5812977.43,-1
371147.4563,5812977.43,-1
371152.4563,5812977.43,-5
371157.4563,5812977.43,-5
371162.4563,5812977.43,-5
371167.4563,5812977.43,-5
371172.4563,5812977.43,-5
371177.4563,5812977.43,-5
371182.4563,5812977.43,-5
371187.4563,5812977.43,-5
371192.4563,5812977.43,-5
371197.4563,5812977.43,-5
371202.4563,5812977.43,-1
371207.4563,5812977.43,-1
371212.4563,5812977.43,-1
371217.4563,5812977.43,-1
371222.4563,5812977.43,-1
371227.4563,5812977.43,-1
371232.4563,5812977.43,-1
370887.4563,5812972.43,-1
370892.4563,5812972.43,-1
370897.4563,5812972.43,-1
370902.4563,5812972.43,-1
370907.4563,5812972.43,-1
370912.4563,5812972.43,-1
370917.4563,5812972.43,-1
370922.4563,5812972.43,-1
370927.4563,5812972.43,-1
370932.4563,5812972.43,-1
370937.4563,5812972.43,-1
370942.4563,5812972.43,-1
370947.4563,5812972.43,-1
370952.4563,5812972.43,-1
370957.4563,5812972.43,-1
370962.4563,5812972.43,-1
370967.4563,5812972.43,-1
370972.4563,5812972.43,-1
370977.4563,5812972.43,-1
370982.4563,5812972.43,-1
370987.4563,5812972.43,-1
370992.4563,5812972.43,-1
370997.4563,5812972.43,-1
371002.4563,5812972.43,-1
371007.4563,5812972.43,-1
371012.4563,5812972.43,-1
371017.4563,5812972.43,-1
371022.4563,5812972.43,-1
371027.4563,5812972.43,-1
371032.4563,5812972.43,-1
371037.4563,5812972.43,-1
371042.4563,5812972.43,-1
371047.4563,5812972.43,-1
371052.4563,5812972.43,-1
371057.4563,5812972.43,-1
371062.4563,5812972.43,-1
371067.4563,5812972.43,-1
371072.4563,5812972.43,-1
371077.4563,5812972.43,-1
371082.4563,5812972.43,-1
371087.4563,5812972.43,-1
371092.4563,5812972.43,-1
371097.4563,5812972.43,-1
371102.4563,5812972.43,-1
371107.4563,5812972.43,-1
371112.4563,5812972.43,-1
371117.4563,5812972.43,-1
371122.4563,5812972.43,-1
371127.4563,5812972.43,-5
371132.4563,5812972.43,-5
371137.4563,5812972.43,-5
371142.4563,5812972.43,-5
371147.4563,5812972.43,-5
371152.4563,5812972.43,-5
371157.4563,5812972.43,-5
371162.4563,5812972.43,-5
371167.4563,5812972.43,-5
371172.4563,5812972.43,-5
371177.4563,5812972.43,-5
371182.4563,5812972.43,-5
371187.4563,5812972.43,-5
371192.4563,5812972.43,-5
371197.4563,5812972.43,-5
371202.4563,5812972.43,-5
371207.4563,5812972.43,-5
371212.4563,5812972.43,-1
371217.4563,5812972.43,-1
371222.4563,5812972.43,-1
371227.4563,5812972.43,-1
371232.4563,5812972.43,-1
371237.4563,5812972.43,-1
371242.4563,5812972.43,-1
370887.4563,5812967.43,-1
370892.4563,5812967.43,-1
370897.4563,5812967.43,-1
370902.4563,5812967.43,-1
370907.4563,5812967.43,-1
370912.4563,5812967.43,-1
370917.4563,5812967.43,-1
370922.4563,5812967.43,-1
370927.4563,5812967.43,-1
370932.4563,5812967.43,-1
370937.4563,5812967.43,-1
370942.4563,5812967.43,-1
370947.4563,5812967.43,-1
370952.4563,5812967.43,-1
370957.4563,5812967.43,-1
370962.4563,5812967.43,-1
370967.4563,5812967.43,-1
370972.4563,5812967.43,-1
370977.4563,5812967.43,-1
370982.4563,5812967.43,-1
370987.4563,5812967.43,-1
370992.4563,5812967.43,-1
370997.4563,5812967.43,-1
371002.4563,5812967.43,-1
371007.4563,5812967.43,-1
371012.4563,5812967.43,-1
371017.4563,5812967.43,-1
371022.4563,5812967.43,-1
371027.4563,5812967.43,-1
371032.4563,5812967.43,-1
371037.4563,5812967.43,-1
371042.4563,5812967.43,-1
371047.4563,5812967.43,-1
371052.4563,5812967.43,-1
371057.4563,5812967.43,-1
371062.4563,5812967.43,-1
371067.4563,5812967.43,-1
371072.4563,5812967.43,-1
371077.4563,5812967.43,-1
371082.4563,5812967.43,-1
371087.4563,5812967.43,-1
371092.4563,5812967.43,-1
371097.4563,5812967.43,-1
371102.4563,5812967.43,-1
371107.4563,5812967.43,-1
371112.4563,5812967.43,-1
371117.4563,5812967.43,-5
371122.4563,5812967.43,-5
371127.4563,5812967.43,-5
371132.4563,5812967.43,-5
371137.4563,5812967.43,-5
371142.4563,5812967.43,-5
371147.4563,5812967.43,-5
371152.4563,5812967.43,-5
371157.4563,5812967.43,-5
371162.4563,5812967.43,-5
371167.4563,5812967.43,-5
371172.4563,5812967.43,-5
371177.4563,5812967.43,-5
371182.4563,5812967.43,-5
371187.4563,5812967.43,-5
371192.4563,5812967.43,-5
371197.4563,5812967.43,-5
371202.4563,5812967.43,-5
371207.4563,5812967.43,-5
371212.4563,5812967.43,-5
371217.4563,5812967.43,-5
371222.4563,5812967.43,-5
371227.4563,5812967.43,-5
371232.4563,5812967.43,-1
371237.4563,5812967.43,-1
371242.4563,5812967.43,-1
371247.4563,5812967.43,-1
371252.4563,5812967.43,-1
370882.4563,5812962.43,-1
370887.4563,5812962.43,-1
370892.4563,5812962.43,-1
370897.4563,5812962.43,-1
370902.4563,5812962.43,-1
370907.4563,5812962.43,-1
370912.4563,5812962.43,-1
370917.4563,5812962.43,-1
370922.4563,5812962.43,-1
370927.4563,5812962.43,-1
370932.4563,5812962.43,-1
370937.4563,5812962.43,-1
370942.4563,5812962.43,-1
370947.4563,5812962.43,-1
370952.4563,5812962.43,-1
370957.4563,5812962.43,-1
370962.4563,5812962.43,-1
370967.4563,5812962.43,-1
370972.4563,5812962.43,-1
370977.4563,5812962.43,-1
370982.4563,5812962.43,-1
370987.4563,5812962.43,-1
370992.4563,5812962.43,-1
370997.4563,5812962.43,-1
371002.4563,5812962.43,-1
371007.4563,5812962.43,-1
371012.4563,5812962.43,-1
371017.4563,5812962.43,-1
371022.4563,5812962.43,-1
371027.4563,5812962.43,-1
371032.4563,5812962.43,-1
371037.4563,5812962.43,-1
371042.4563,5812962.43,-1
371047.4563,5812962.43,-1
371052.4563,5812962.43,-1
371057.4563,5812962.43,-1
371062.4563,5812962.43,-1
371067.4563,5812962.43,-1
371072.4563,5812962.43,-1
371077.4563,5812962.43,-1
371082.4563,5812962.43,-1
371087.4563,5812962.43,-1
371092.4563,5812962.43,-1
371097.4563,5812962.43,-1
371102.4563,5812962.43,-1
371107.4563,5812962.43,-1
371112.4563,5812962.43,-1
371117.4563,5812962.43,-5
371122.4563,5812962.43,-5
371127.4563,5812962.43,-5
371132.4563,5812962.43,-5
371137.4563,5812962.43,-5
371142.4563,5812962.43,-5
371147.4563,5812962.43,-5
371152.4563,5812962.43,-5
371157.4563,5812962.43,-5
371162.4563,5812962.43,-5
371167.4563,5812962.43,-5
371172.4563,5812962.43,-5
371177.4563,5812962.43,-5
371182.4563,5812962.43,-5
371187.4563,5812962.43,-5
371192.4563,5812962.43,-5
371197.4563,5812962.43,-5
371202.4563,5812962.43,-5
371207.4563,5812962.43,-5
371212.4563,5812962.43,-5
371217.4563,5812962.43,-5
371222.4563,5812962.43,-5
371227.4563,5812962.43,-5
371232.4563,5812962.43,-5
371237.4563,5812962.43,-5
371242.4563,5812962.43,-5
371247.4563,5812962.43,-1
371252.4563,5812962.43,-1
370877.4563,5812957.43,-1
370882.4563,5812957.43,-1
370887.4563,5812957.43,-1
370892.4563,5812957.43,-1
370897.4563,5812957.43,-1
370902.4563,5812957.43,-1
370907.4563,5812957.43,-1
370912.4563,5812957.43,-1
370917.4563,5812957.43,-1
370922.4563,5812957.43,-1
370927.4563,5812957.43,-1
370932.4563,5812957.43,-1
370937.4563,5812957.43,-1
370942.4563,5812957.43,-1
370947.4563,5812957.43,-1
370952.4563,5812957.43,-1
370957.4563,5812957.43,-1
370962.4563,5812957.43,-1
370967.4563,5812957.43,-1
370972.4563,5812957.43,-1
370977.4563,5812957.43,-1
370982.4563,5812957.43,-1
370987.4563,5812957.43,-1
370992.4563,5812957.43,-1
370997.4563,5812957.43,-1
371002.4563,5812957.43,-1
371007.4563,5812957.43,-1
371012.4563,5812957.43,-1
371017.4563,5812957.43,-1
371022.4563,5812957.43,-1
371027.4563,5812957.43,-1
371032.4563,5812957.43,-1
371037.4563,5812957.43,-1
371042.4563,5812957.43,-1
371047.4563,5812957.43,-1
371052.4563,5812957.43,-1
371057.4563,5812957.43,-1
371062.4563,5812957.43,-1
371067.4563,5812957.43,-1
371072.4563,5812957.43,-1
371077.4563,5812957.43,-1
371082.4563,5812957.43,-1
371087.4563,5812957.43,-1
371092.4563,5812957.43,-1
371097.4563,5812957.43,-5
371102.4563,5812957.43,-5
371107.4563,5812957.43,-5
371112.4563,5812957.43,-5
371117.4563,5812957.43,-5
371122.4563,5812957.43,-5
371127.4563,5812957.43,-5
371132.4563,5812957.43,-5
371137.4563,5812957.43,-5
371142.4563,5812957.43,-5
371147.4563,5812957.43,-5
371152.4563,5812957.43,-5
371157.4563,5812957.43,-5
371162.4563,5812957.43,-5
371167.4563,5812957.43,-5
371172.4563,5812957.43,-10
371177.4563,5812957.43,-10
371182.4563,5812957.43,-10
371187.4563,5812957.43,-10
371192.4563,5812957.43,-10
371197.4563,5812957.43,-10
371202.4563,5812957.43,-10
371207.4563,5812957.43,-5
371212.4563,5812957.43,-5
371217.4563,5812957.43,-10
371222.4563,5812957.43,-10
371227.4563,5812957.43,-10
371232.4563,5812957.43,-5
371237.4563,5812957.43,-5
371242.4563,5812957.43,-5
371247.4563,5812957.43,-5
371252.4563,5812957.43,-1
370877.4563,5812952.43,-1
370882.4563,5812952.43,-1
370887.4563,5812952.43,-1
370892.4563,5812952.43,-1
370897.4563,5812952.43,-1
370902.4563,5812952.43,-1
370907.4563,5812952.43,-1
370912.4563,5812952.43,-1
370917.4563,5812952.43,-1
370922.4563,5812952.43,-1
370927.4563,5812952.43,-1
370932.4563,5812952.43,-1
370937.4563,5812952.43,-1
370942.4563,5812952.43,-1
370947.4563,5812952.43,-1
370952.4563,5812952.43,-1
370957.4563,5812952.43,-1
370962.4563,5812952.43,-1
370967.4563,5812952.43,-1
370972.4563,5812952.43,-1
370977.4563,5812952.43,-1
370982.4563,5812952.43,-1
370987.4563,5812952.43,-1
370992.4563,5812952.43,-1
370997.4563,5812952.43,-1
371002.4563,5812952.43,-1
371007.4563,5812952.43,-1
371012.4563,5812952.43,-1
371017.4563,5812952.43,-1
371022.4563,5812952.43,-1
371027.4563,5812952.43,-1
371032.4563,5812952.43,-1
371037.4563,5812952.43,-1
371042.4563,5812952.43,-1
371047.4563,5812952.43,-1
371052.4563,5812952.43,-1
371057.4563,5812952.43,-1
371062.4563,5812952.43,-1
371067.4563,5812952.43,-1
371072.4563,5812952.43,-1
371077.4563,5812952.43,-1
371082.4563,5812952.43,-1
371087.4563,5812952.43,-1
371092.4563,5812952.43,-1
371097.4563,5812952.43,-5
371102.4563,5812952.43,-5
371107.4563,5812952.43,-5
371112.4563,5812952.43,-5
371117.4563,5812952.43,-5
371122.4563,5812952.43,-5
371127.4563,5812952.43,-5
371132.4563,5812952.43,-5
371137.4563,5812952.43,-5
371142.4563,5812952.43,-5
371147.4563,5812952.43,-5
371152.4563,5812952.43,-5
371157.4563,5812952.43,-5
371162.4563,5812952.43,-10
371167.4563,5812952.43,-10
371172.4563,5812952.43,-10
371177.4563,5812952.43,-10
371182.4563,5812952.43,-10
371187.4563,5812952.43,-10
371192.4563,5812952.43,-10
371197.4563,5812952.43,-10
371202.4563,5812952.43,-10
371207.4563,5812952.43,-10
371212.4563,5812952.43,-10
371217.4563,5812952.43,-10
371222.4563,5812952.43,-10
371227.4563,5812952.43,-10
371232.4563,5812952.43,-10
371237.4563,5812952.43,-10
371242.4563,5812952.43,-10
371247.4563,5812952.43,-5
371252.4563,5812952.43,-5
370872.4563,5812947.43,-1
370877.4563,5812947.43,-1
370882.4563,5812947.43,-1
370887.4563,5812947.43,-1
370892.4563,5812947.43,-1
370897.4563,5812947.43,-1
370902.4563,5812947.43,-1
370907.4563,5812947.43,-1
370912.4563,5812947.43,-1
370917.4563,5812947.43,-1
370922.4563,5812947.43,-1
370927.4563,5812947.43,-1
370932.4563,5812947.43,-1
370937.4563,5812947.43,-1
370942.4563,5812947.43,-1
370947.4563,5812947.43,-1
370952.4563,5812947.43,-1
370957.4563,5812947.43,-1
370962.4563,5812947.43,-1
370967.4563,5812947.43,-1
370972.4563,5812947.43,-1
370977.4563,5812947.43,-1
370982.4563,5812947.43,-1
370987.4563,5812947.43,-1
370992.4563,5812947.43,-1
370997.4563,5812947.43,-1
371002.4563,5812947.43,-1
371007.4563,5812947.43,-1
371012.4563,5812947.43,-1
371017.4563,5812947.43,-1
371022.4563,5812947.43,-1
371027.4563,5812947.43,-1
371032.4563,5812947.43,-1
371037.4563,5812947.43,-1
371042.4563,5812947.43,-1
371047.4563,5812947.43,-1
371052.4563,5812947.43,-1
371057.4563,5812947.43,-1
371062.4563,5812947.43,-1
371067.4563,5812947.43,-1
371072.4563,5812947.43,-1
371077.4563,5812947.43,-1
371082.4563,5812947.43,-1
371087.4563,5812947.43,-1
371092.4563,5812947.43,-5
371097.4563,5812947.43,-5
371102.4563,5812947.43,-5
371107.4563,5812947.43,-5
371112.4563,5812947.43,-5
371117.4563,5812947.43,-5
371122.4563,5812947.43,-5
371127.4563,5812947.43,-5
371132.4563,5812947.43,-5
371137.4563,5812947.43,-5
371142.4563,5812947.43,-5
371147.4563,5812947.43,-5
371152.4563,5812947.43,-5
371157.4563,5812947.43,-10
371162.4563,5812947.43,-10
371167.4563,5812947.43,-10
371172.4563,5812947.43,-10
371177.4563,5812947.43,-10
371182.4563,5812947.43,-10
371187.4563,5812947.43,-10
371192.4563,5812947.43,-10
371197.4563,5812947.43,-10
371202.4563,5812947.43,-10
371207.4563,5812947.43,-10
371212.4563,5812947.43,-10
371217.4563,5812947.43,-10
371222.4563,5812947.43,-10
371227.4563,5812947.43,-10
371232.4563,5812947.43,-10
371237.4563,5812947.43,-10
371242.4563,5812947.43,-10
371247.4563,5812947.43,-10
370872.4563,5812942.43,-1
370877.4563,5812942.43,-1
370882.4563,5812942.43,-1
370887.4563,5812942.43,-1
370892.4563,5812942.43,-1
370897.4563,5812942.43,-1
370902.4563,5812942.43,-1
370907.4563,5812942.43,-1
370912.4563,5812942.43,-1
370917.4563,5812942.43,-1
370922.4563,5812942.43,-1
370927.4563,5812942.43,-1
370932.4563,5812942.43,-1
370937.4563,5812942.43,-1
370942.4563,5812942.43,-1
370947.4563,5812942.43,-1
370952.4563,5812942.43,-1
370957.4563,5812942.43,-1
370962.4563,5812942.43,-1
370967.4563,5812942.43,-1
370972.4563,5812942.43,-1
370977.4563,5812942.43,-1
370982.4563,5812942.43,-1
370987.4563,5812942.43,-1
370992.4563,5812942.43,-1
370997.4563,5812942.43,-1
371002.4563,5812942.43,-1
371007.4563,5812942.43,-1
371012.4563,5812942.43,-1
371017.4563,5812942.43,-1
371022.4563,5812942.43,-1
371027.4563,5812942.43,-1
371032.4563,5812942.43,-1
371037.4563,5812942.43,-1
371042.4563,5812942.43,-1
371047.4563,5812942.43,-1
371052.4563,5812942.43,-1
371057.4563,5812942.43,-1
371062.4563,5812942.43,-1
371067.4563,5812942.43,-1
371072.4563,5812942.43,-1
371077.4563,5812942.43,-1
371082.4563,5812942.43,-5
371087.4563,5812942.43,-5
371092.4563,5812942.43,-5
371097.4563,5812942.43,-5
371102.4563,5812942.43,-5
371107.4563,5812942.43,-5
371112.4563,5812942.43,-5
371117.4563,5812942.43,-5
371122.4563,5812942.43,-5
371127.4563,5812942.43,-5
371132.4563,5812942.43,-10
371137.4563,5812942.43,-10
371142.4563,5812942.43,-10
371147.4563,5812942.43,-10
371152.4563,5812942.43,-10
371157.4563,5812942.43,-10
371162.4563,5812942.43,-10
371167.4563,5812942.43,-10
371172.4563,5812942.43,-10
371177.4563,5812942.43,-10
371182.4563,5812942.43,-10
371187.4563,5812942.43,-10
371192.4563,5812942.43,-10
371197.4563,5812942.43,-10
371202.4563,5812942.43,-10
371207.4563,5812942.43,-10
371212.4563,5812942.43,-10
371217.4563,5812942.43,-10
371222.4563,5812942.43,-10
371227.4563,5812942.43,-10
371232.4563,5812942.43,-10
371237.4563,5812942.43,-10
371242.4563,5812942.43,-10
371247.4563,5812942.43,-10
370872.4563,5812937.43,-1
370877.4563,5812937.43,-1
370882.4563,5812937.43,-1
370887.4563,5812937.43,-1
370892.4563,5812937.43,-1
370897.4563,5812937.43,-1
370902.4563,5812937.43,-1
370907.4563,5812937.43,-1
370912.4563,5812937.43,-1
370917.4563,5812937.43,-1
370922.4563,5812937.43,-1
370927.4563,5812937.43,-1
370932.4563,5812937.43,-1
370937.4563,5812937.43,-1
370942.4563,5812937.43,-1
370947.4563,5812937.43,-1
370952.4563,5812937.43,-1
370957.4563,5812937.43,-1
370962.4563,5812937.43,-1
370967.4563,5812937.43,-1
370972.4563,5812937.43,-1
370977.4563,5812937.43,-1
370982.4563,5812937.43,-1
370987.4563,5812937.43,-1
370992.4563,5812937.43,-1
370997.4563,5812937.43,-1
371002.4563,5812937.43,-1
371007.4563,5812937.43,-1
371012.4563,5812937.43,-1
371017.4563,5812937.43,-1
371022.4563,5812937.43,-1
371027.4563,5812937.43,-1
371032.4563,5812937.43,-1
371037.4563,5812937.43,-1
371042.4563,5812937.43,-1
371047.4563,5812937.43,-1
371052.4563,5812937.43,-1
371057.4563,5812937.43,-1
371062.4563,5812937.43,-1
371067.4563,5812937.43,-1
371072.4563,5812937.43,-5
371077.4563,5812937.43,-5
371082.4563,5812937.43,-5
371087.4563,5812937.43,-5
371092.4563,5812937.43,-5
371097.4563,5812937.43,-5
371102.4563,5812937.43,-5
371107.4563,5812937.43,-5
371112.4563,5812937.43,-5
371117.4563,5812937.43,-5
371122.4563,5812937.43,-10
371127.4563,5812937.43,-10
371132.4563,5812937.43,-10
371137.4563,5812937.43,-10
371142.4563,5812937.43,-10
371147.4563,5812937.43,-10
371152.4563,5812937.43,-10
371157.4563,5812937.43,-10
371162.4563,5812937.43,-10
371167.4563,5812937.43,-10
371172.4563,5812937.43,-10
371177.4563,5812937.43,-10
371182.4563,5812937.43,-10
371187.4563,5812937.43,-10
371192.4563,5812937.43,-10
371197.4563,5812937.43,-10
371202.4563,5812937.43,-10
371207.4563,5812937.43,-10
371212.4563,5812937.43,-10
371217.4563,5812937.43,-10
371222.4563,5812937.43,-10
371227.4563,5812937.43,-10
371232.4563,5812937.43,-10
371237.4563,5812937.43,-10
371242.4563,5812937.43,-10
370867.4563,5812932.43,-1
370872.4563,5812932.43,-1
370877.4563,5812932.43,-1
370882.4563,5812932.43,-1
370887.4563,5812932.43,-1
370892.4563,5812932.43,-1
370897.4563,5812932.43,-1
370902.4563,5812932.43,-1
370907.4563,5812932.43,-1
370912.4563,5812932.43,-1
370917.4563,5812932.43,-1
370922.4563,5812932.43,-1
370927.4563,5812932.43,-1
370932.4563,5812932.43,-1
370937.4563,5812932.43,-1
370942.4563,5812932.43,-1
370947.4563,5812932.43,-1
370952.4563,5812932.43,-1
370957.4563,5812932.43,-1
370962.4563,5812932.43,-1
370967.4563,5812932.43,-1
370972.4563,5812932.43,-1
370977.4563,5812932.43,-1
370982.4563,5812932.43,-1
370987.4563,5812932.43,-1
370992.4563,5812932.43,-1
370997.4563,5812932.43,-1
371002.4563,5812932.43,-1
371007.4563,5812932.43,-1
371012.4563,5812932.43,-1
371017.4563,5812932.43,-1
371022.4563,5812932.43,-1
371027.4563,5812932.43,-1
371032.4563,5812932.43,-1
371037.4563,5812932.43,-1
371042.4563,5812932.43,-1
371047.4563,5812932.43,-1
371052.4563,5812932.43,-1
371057.4563,5812932.43,-1
371062.4563,5812932.43,-1
371067.4563,5812932.43,-5
371072.4563,5812932.43,-5
371077.4563,5812932.43,-5
371082.4563,5812932.43,-5
371087.4563,5812932.43,-5
371092.4563,5812932.43,-5
371097.4563,5812932.43,-5
371102.4563,5812932.43,-5
371107.4563,5812932.43,-5
371112.4563,5812932.43,-5
371117.4563,5812932.43,-10
371122.4563,5812932.43,-10
371127.4563,5812932.43,-10
371132.4563,5812932.43,-10
371137.4563,5812932.43,-10
371142.4563,5812932.43,-10
371147.4563,5812932.43,-10
371152.4563,5812932.43,-10
371157.4563,5812932.43,-10
371162.4563,5812932.43,-10
371167.4563,5812932.43,-10
371172.4563,5812932.43,-10
371177.4563,5812932.43,-10
371182.4563,5812932.43,-10
371187.4563,5812932.43,-10
371192.4563,5812932.43,-10
371197.4563,5812932.43,-10
371202.4563,5812932.43,-10
371207.4563,5812932.43,-10
371212.4563,5812932.43,-10
371217.4563,5812932.43,-10
371222.4563,5812932.43,-10
371227.4563,5812932.43,-10
371232.4563,5812932.43,-10
371237.4563,5812932.43,-15
371242.4563,5812932.43,-15
370872.4563,5812927.43,-1
370877.4563,5812927.43,-1
370882.4563,5812927.43,-1
370887.4563,5812927.43,-1
370892.4563,5812927.43,-1
370897.4563,5812927.43,-1
370902.4563,5812927.43,-1
370907.4563,5812927.43,-1
370912.4563,5812927.43,-1
370917.4563,5812927.43,-1
370922.4563,5812927.43,-1
370927.4563,5812927.43,-1
370932.4563,5812927.43,-1
370937.4563,5812927.43,-1
370942.4563,5812927.43,-1
370947.4563,5812927.43,-1
370952.4563,5812927.43,-1
370957.4563,5812927.43,-1
370962.4563,5812927.43,-1
370967.4563,5812927.43,-1
370972.4563,5812927.43,-1
370977.4563,5812927.43,-1
370982.4563,5812927.43,-1
370987.4563,5812927.43,-1
370992.4563,5812927.43,-1
370997.4563,5812927.43,-1
371002.4563,5812927.43,-1
371007.4563,5812927.43,-1
371012.4563,5812927.43,-1
371017.4563,5812927.43,-1
371022.4563,5812927.43,-1
371027.4563,5812927.43,-1
371032.4563,5812927.43,-1
371037.4563,5812927.43,-1
371042.4563,5812927.43,-1
371047.4563,5812927.43,-1
371052.4563,5812927.43,-1
371057.4563,5812927.43,-5
371062.4563,5812927.43,-5
371067.4563,5812927.43,-5
371072.4563,5812927.43,-5
371077.4563,5812927.43,-5
371082.4563,5812927.43,-5
371087.4563,5812927.43,-5
371092.4563,5812927.43,-5
371097.4563,5812927.43,-5
371102.4563,5812927.43,-5
371107.4563,5812927.43,-5
371112.4563,5812927.43,-10
371117.4563,5812927.43,-10
371122.4563,5812927.43,-10
371127.4563,5812927.43,-10
371132.4563,5812927.43,-10
371137.4563,5812927.43,-10
371142.4563,5812927.43,-10
371147.4563,5812927.43,-10
371152.4563,5812927.43,-10
371157.4563,5812927.43,-10
371162.4563,5812927.43,-10
371167.4563,5812927.43,-10
371172.4563,5812927.43,-10
371177.4563,5812927.43,-10
371182.4563,5812927.43,-10
371187.4563,5812927.43,-10
371192.4563,5812927.43,-10
371197.4563,5812927.43,-10
371202.4563,5812927.43,-10
371207.4563,5812927.43,-10
371212.4563,5812927.43,-10
371217.4563,5812927.43,-10
371222.4563,5812927.43,-15
371227.4563,5812927.43,-15
371232.4563,5812927.43,-15
371237.4563,5812927.43,-15
370872.4563,5812922.43,-1
370877.4563,5812922.43,-1
370882.4563,5812922.43,-1
370887.4563,5812922.43,-1
370892.4563,5812922.43,-1
370897.4563,5812922.43,-1
370902.4563,5812922.43,-1
370907.4563,5812922.43,-1
370912.4563,5812922.43,-1
370917.4563,5812922.43,-1
370922.4563,5812922.43,-1
370927.4563,5812922.43,-1
370932.4563,5812922.43,-1
370937.4563,5812922.43,-1
370942.4563,5812922.43,-1
370947.4563,5812922.43,-1
370952.4563,5812922.43,-1
370957.4563,5812922.43,-1
370962.4563,5812922.43,-1
370967.4563,5812922.43,-1
370972.4563,5812922.43,-1
370977.4563,5812922.43,-1
370982.4563,5812922.43,-1
370987.4563,5812922.43,-1
370992.4563,5812922.43,-1
370997.4563,5812922.43,-1
371002.4563,5812922.43,-1
371007.4563,5812922.43,-1
371012.4563,5812922.43,-1
371017.4563,5812922.43,-1
371022.4563,5812922.43,-1
371027.4563,5812922.43,-1
371032.4563,5812922.43,-1
371037.4563,5812922.43,-1
371042.4563,5812922.43,-1
371047.4563,5812922.43,-1
371052.4563,5812922.43,-1
371057.4563,5812922.43,-5
371062.4563,5812922.43,-5
371067.4563,5812922.43,-5
371072.4563,5812922.43,-5
371077.4563,5812922.43,-5
371082.4563,5812922.43,-5
371087.4563,5812922.43,-5
371092.4563,5812922.43,-5
371097.4563,5812922.43,-5
371102.4563,5812922.43,-5
371107.4563,5812922.43,-10
371112.4563,5812922.43,-10
371117.4563,5812922.43,-10
371122.4563,5812922.43,-10
371127.4563,5812922.43,-10
371132.4563,5812922.43,-10
371137.4563,5812922.43,-10
371142.4563,5812922.43,-10
371147.4563,5812922.43,-10
371152.4563,5812922.43,-10
371157.4563,5812922.43,-10
371162.4563,5812922.43,-10
371167.4563,5812922.43,-10
371172.4563,5812922.43,-10
371177.4563,5812922.43,-10
371182.4563,5812922.43,-10
371187.4563,5812922.43,-10
371192.4563,5812922.43,-10
371197.4563,5812922.43,-10
371202.4563,5812922.43,-10
371207.4563,5812922.43,-10
371212.4563,5812922.43,-10
371217.4563,5812922.43,-15
371222.4563,5812922.43,-15
371227.4563,5812922.43,-15
371232.4563,5812922.43,-15
371237.4563,5812922.43,-15
370872.4563,5812917.43,-1
370877.4563,5812917.43,-1
370882.4563,5812917.43,-1
370887.4563,5812917.43,-1
370892.4563,5812917.43,-1
370897.4563,5812917.43,-1
370902.4563,5812917.43,-1
370907.4563,5812917.43,-1
370912.4563,5812917.43,-1
370917.4563,5812917.43,-1
370922.4563,5812917.43,-1
370927.4563,5812917.43,-1
370932.4563,5812917.43,-1
370937.4563,5812917.43,-1
370942.4563,5812917.43,-1
370947.4563,5812917.43,-1
370952.4563,5812917.43,-1
370957.4563,5812917.43,-1
370962.4563,5812917.43,-1
370967.4563,5812917.43,-1
370972.4563,5812917.43,-1
370977.4563,5812917.43,-1
370982.4563,5812917.43,-1
370987.4563,5812917.43,-1
370992.4563,5812917.43,-1
370997.4563,5812917.43,-1
371002.4563,5812917.43,-1
371007.4563,5812917.43,-1
371012.4563,5812917.43,-1
371017.4563,5812917.43,-1
371022.4563,5812917.43,-1
371027.4563,5812917.43,-1
371032.4563,5812917.43,-1
371037.4563,5812917.43,-1
371042.4563,5812917.43,-1
371047.4563,5812917.43,-1
371052.4563,5812917.43,-1
371057.4563,5812917.43,-5
371062.4563,5812917.43,-5
371067.4563,5812917.43,-5
371072.4563,5812917.43,-5
371077.4563,5812917.43,-5
371082.4563,5812917.43,-5
371087.4563,5812917.43,-5
371092.4563,5812917.43,-5
371097.4563,5812917.43,-5
371102.4563,5812917.43,-5
371107.4563,5812917.43,-10
371112.4563,5812917.43,-10
371117.4563,5812917.43,-10
371122.4563,5812917.43,-10
371127.4563,5812917.43,-10
371132.4563,5812917.43,-10
371137.4563,5812917.43,-10
371142.4563,5812917.43,-10
371147.4563,5812917.43,-10
371152.4563,5812917.43,-10
371157.4563,5812917.43,-10
371162.4563,5812917.43,-10
371167.4563,5812917.43,-10
371172.4563,5812917.43,-10
371177.4563,5812917.43,-10
371182.4563,5812917.43,-10
371187.4563,5812917.43,-10
371192.4563,5812917.43,-15
371197.4563,5812917.43,-15
371202.4563,5812917.43,-15
371207.4563,5812917.43,-15
371212.4563,5812917.43,-15
371217.4563,5812917.43,-15
371222.4563,5812917.43,-15
371227.4563,5812917.43,-15
371232.4563,5812917.43,-15
370872.4563,5812912.43,-1
370877.4563,5812912.43,-1
370882.4563,5812912.43,-1
370887.4563,5812912.43,-1
370892.4563,5812912.43,-1
370897.4563,5812912.43,-1
370902.4563,5812912.43,-1
370907.4563,5812912.43,-1
370912.4563,5812912.43,-1
370917.4563,5812912.43,-1
370922.4563,5812912.43,-1
370927.4563,5812912.43,-1
370932.4563,5812912.43,-1
370937.4563,5812912.43,-1
370942.4563,5812912.43,-1
370947.4563,5812912.43,-1
370952.4563,5812912.43,-1
370957.4563,5812912.43,-1
370962.4563,5812912.43,-1
370967.4563,5812912.43,-1
370972.4563,5812912.43,-1
370977.4563,5812912.43,-1
370982.4563,5812912.43,-1
370987.4563,5812912.43,-1
370992.4563,5812912.43,-1
370997.4563,5812912.43,-1
371002.4563,5812912.43,-1
371007.4563,5812912.43,-1
371012.4563,5812912.43,-1
371017.4563,5812912.43,-1
371022.4563,5812912.43,-1
371027.4563,5812912.43,-1
371032.4563,5812912.43,-1
371037.4563,5812912.43,-1
371042.4563,5812912.43,-1
371047.4563,5812912.43,-1
371052.4563,5812912.43,-1
371057.4563,5812912.43,-5
371062.4563,5812912.43,-5
371067.4563,5812912.43,-5
371072.4563,5812912.43,-5
371077.4563,5812912.43,-5
371082.4563,5812912.43,-5
371087.4563,5812912.43,-5
371092.4563,5812912.43,-5
371097.4563,5812912.43,-5
371102.4563,5812912.43,-10
371107.4563,5812912.43,-10
371112.4563,5812912.43,-10
371117.4563,5812912.43,-10
371122.4563,5812912.43,-10
371127.4563,5812912.43,-10
371132.4563,5812912.43,-10
371137.4563,5812912.43,-10
371142.4563,5812912.43,-10
371147.4563,5812912.43,-10
371152.4563,5812912.43,-10
371157.4563,5812912.43,-10
371162.4563,5812912.43,-10
371167.4563,5812912.43,-10
371172.4563,5812912.43,-10
371177.4563,5812912.43,-10
371182.4563,5812912.43,-15
371187.4563,5812912.43,-15
371192.4563,5812912.43,-15
371197.4563,5812912.43,-15
371202.4563,5812912.43,-15
371207.4563,5812912.43,-15
371212.4563,5812912.43,-15
371217.4563,5812912.43,-15
371222.4563,5812912.43,-15
371227.4563,5812912.43,-15
371232.4563,5812912.43,-15
370872.4563,5812907.43,-1
370877.4563,5812907.43,-1
370882.4563,5812907.43,-1
370887.4563,5812907.43,-1
370892.4563,5812907.43,-1
370897.4563,5812907.43,-1
370902.4563,5812907.43,-1
370907.4563,5812907.43,-1
370912.4563,5812907.43,-1
370917.4563,5812907.43,-1
370922.4563,5812907.43,-1
370927.4563,5812907.43,-1
370932.4563,5812907.43,-1
370937.4563,5812907.43,-1
370942.4563,5812907.43,-1
370947.4563,5812907.43,-1
370952.4563,5812907.43,-1
370957.4563,5812907.43,-1
370962.4563,5812907.43,-1
370967.4563,5812907.43,-1
370972.4563,5812907.43,-1
370977.4563,5812907.43,-1
370982.4563,5812907.43,-1
370987.4563,5812907.43,-1
370992.4563,5812907.43,-1
370997.4563,5812907.43,-1
371002.4563,5812907.43,-1
371007.4563,5812907.43,-1
371012.4563,5812907.43,-1
371017.4563,5812907.43,-1
371022.4563,5812907.43,-1
371027.4563,5812907.43,-1
371032.4563,5812907.43,-1
371037.4563,5812907.43,-1
371042.4563,5812907.43,-1
371047.4563,5812907.43,-1
371052.4563,5812907.43,-1
371057.4563,5812907.43,-5
371062.4563,5812907.43,-5
371067.4563,5812907.43,-5
371072.4563,5812907.43,-5
371077.4563,5812907.43,-5
371082.4563,5812907.43,-5
371087.4563,5812907.43,-5
371092.4563,5812907.43,-5
371097.4563,5812907.43,-10
371102.4563,5812907.43,-10
371107.4563,5812907.43,-10
371112.4563,5812907.43,-10
371117.4563,5812907.43,-10
371122.4563,5812907.43,-10
371127.4563,5812907.43,-10
371132.4563,5812907.43,-10
371137.4563,5812907.43,-10
371142.4563,5812907.43,-10
371147.4563,5812907.43,-10
371152.4563,5812907.43,-10
371157.4563,5812907.43,-10
371162.4563,5812907.43,-10
371167.4563,5812907.43,-10
371172.4563,5812907.43,-10
371177.4563,5812907.43,-15
371182.4563,5812907.43,-15
371187.4563,5812907.43,-15
371192.4563,5812907.43,-15
371197.4563,5812907.43,-15
371202.4563,5812907.43,-15
371207.4563,5812907.43,-15
371212.4563,5812907.43,-15
371217.4563,5812907.43,-15
371222.4563,5812907.43,-15
371227.4563,5812907.43,-15
370872.4563,5812902.43,-1
370877.4563,5812902.43,-1
370882.4563,5812902.43,-1
370887.4563,5812902.43,-1
370892.4563,5812902.43,-1
370897.4563,5812902.43,-1
370902.4563,5812902.43,-1
370907.4563,5812902.43,-1
370912.4563,5812902.43,-1
370917.4563,5812902.43,-1
370922.4563,5812902.43,-1
370927.4563,5812902.43,-1
370932.4563,5812902.43,-1
370937.4563,5812902.43,-1
370942.4563,5812902.43,-1
370947.4563,5812902.43,-1
370952.4563,5812902.43,-1
370957.4563,5812902.43,-1
370962.4563,5812902.43,-1
370967.4563,5812902.43,-1
370972.4563,5812902.43,-1
370977.4563,5812902.43,-1
370982.4563,5812902.43,-1
370987.4563,5812902.43,-1
370992.4563,5812902.43,-1
370997.4563,5812902.43,-1
371002.4563,5812902.43,-1
371007.4563,5812902.43,-1
371012.4563,5812902.43,-1
371017.4563,5812902.43,-1
371022.4563,5812902.43,-1
371027.4563,5812902.43,-1
371032.4563,5812902.43,-1
371037.4563,5812902.43,-1
371042.4563,5812902.43,-1
371047.4563,5812902.43,-5
371052.4563,5812902.43,-5
371057.4563,5812902.43,-5
371062.4563,5812902.43,-5
371067.4563,5812902.43,-5
371072.4563,5812902.43,-5
371077.4563,5812902.43,-5
371082.4563,5812902.43,-5
371087.4563,5812902.43,-5
371092.4563,5812902.43,-5
371097.4563,5812902.43,-10
371102.4563,5812902.43,-10
371107.4563,5812902.43,-10
371112.4563,5812902.43,-10
371117.4563,5812902.43,-10
371122.4563,5812902.43,-10
371127.4563,5812902.43,-10
371132.4563,5812902.43,-10
371137.4563,5812902.43,-10
371142.4563,5812902.43,-10
371147.4563,5812902.43,-10
371152.4563,5812902.43,-10
371157.4563,5812902.43,-10
371162.4563,5812902.43,-10
371167.4563,5812902.43,-10
371172.4563,5812902.43,-15
371177.4563,5812902.43,-15
371182.4563,5812902.43,-15
371187.4563,5812902.43,-15
371192.4563,5812902.43,-15
371197.4563,5812902.43,-15
371202.4563,5812902.43,-15
371207.4563,5812902.43,-15
371212.4563,5812902.43,-15
371217.4563,5812902.43,-15
371222.4563,5812902.43,-15
370872.4563,5812897.43,-1
370877.4563,5812897.43,-1
370882.4563,5812897.43,-1
370887.4563,5812897.43,-1
370892.4563,5812897.43,-1
370897.4563,5812897.43,-1
370902.4563,5812897.43,-1
370907.4563,5812897.43,-1
370912.4563,5812897.43,-1
370917.4563,5812897.43,-1
370922.4563,5812897.43,-1
370927.4563,5812897.43,-1
370932.4563,5812897.43,-1
370937.4563,5812897.43,-1
370942.4563,5812897.43,-1
370947.4563,5812897.43,-1
370952.4563,5812897.43,-1
370957.4563,5812897.43,-1
370962.4563,5812897.43,-1
370967.4563,5812897.43,-1
370972.4563,5812897.43,-1
370977.4563,5812897.43,-1
370982.4563,5812897.43,-1
370987.4563,5812897.43,-1
370992.4563,5812897.43,-1
370997.4563,5812897.43,-1
371002.4563,5812897.43,-1
371007.4563,5812897.43,-1
371012.4563,5812897.43,-1
371017.4563,5812897.43,-1
371022.4563,5812897.43,-1
371027.4563,5812897.43,-1
371032.4563,5812897.43,-1
371037.4563,5812897.43,-1
371042.4563,5812897.43,-5
371047.4563,5812897.43,-5
371052.4563,5812897.43,-5
371057.4563,5812897.43,-5
371062.4563,5812897.43,-5
371067.4563,5812897.43,-5
371072.4563,5812897.43,-5
371077.4563,5812897.43,-5
371082.4563,5812897.43,-5
371087.4563,5812897.43,-10
371092.4563,5812897.43,-10
371097.4563,5812897.43,-10
371102.4563,5812897.43,-10
371107.4563,5812897.43,-10
371112.4563,5812897.43,-10
371117.4563,5812897.43,-10
371122.4563,5812897.43,-10
371127.4563,5812897.43,-10
371132.4563,5812897.43,-10
371137.4563,5812897.43,-10
371142.4563,5812897.43,-10
371147.4563,5812897.43,-10
371152.4563,5812897.43,-10
371157.4563,5812897.43,-15
371162.4563,5812897.43,-15
371167.4563,5812897.43,-15
371172.4563,5812897.43,-15
371177.4563,5812897.43,-15
371182.4563,5812897.43,-15
371187.4563,5812897.43,-15
371192.4563,5812897.43,-15
371197.4563,5812897.43,-15
371202.4563,5812897.43,-15
371207.4563,5812897.43,-15
371212.4563,5812897.43,-15
371217.4563,5812897.43,-15
370877.4563,5812892.43,-1
370882.4563,5812892.43,-1
370887.4563,5812892.43,-1
370892.4563,5812892.43,-1
370897.4563,5812892.43,-1
370902.4563,5812892.43,-1
370907.4563,5812892.43,-1
370912.4563,5812892.43,-1
370917.4563,5812892.43,-1
370922.4563,5812892.43,-1
370927.4563,5812892.43,-1
370932.4563,5812892.43,-1
370937.4563,5812892.43,-1
370942.4563,5812892.43,-1
370947.4563,5812892.43,-1
370952.4563,5812892.43,-1
370957.4563,5812892.43,-1
370962.4563,5812892.43,-1
370967.4563,5812892.43,-1
370972.4563,5812892.43,-1
370977.4563,5812892.43,-1
370982.4563,5812892.43,-1
370987.4563,5812892.43,-1
370992.4563,5812892.43,-1
370997.4563,5812892.43,-1
371002.4563,5812892.43,-1
371007.4563,5812892.43,-1
371012.4563,5812892.43,-1
371017.4563,5812892.43,-1
371022.4563,5812892.43,-1
371027.4563,5812892.43,-1
371032.4563,5812892.43,-1
371037.4563,5812892.43,-1
371042.4563,5812892.43,-5
371047.4563,5812892.43,-5
371052.4563,5812892.43,-5
371057.4563,5812892.43,-5
371062.4563,5812892.43,-5
371067.4563,5812892.43,-5
371072.4563,5812892.43,-5
371077.4563,5812892.43,-5
371082.4563,5812892.43,-10
371087.4563,5812892.43,-10
371092.4563,5812892.43,-10
371097.4563,5812892.43,-10
371102.4563,5812892.43,-10
371107.4563,5812892.43,-10
371112.4563,5812892.43,-10
371117.4563,5812892.43,-10
371122.4563,5812892.43,-10
371127.4563,5812892.43,-10
371132.4563,5812892.43,-10
371137.4563,5812892.43,-10
371142.4563,5812892.43,-10
371147.4563,5812892.43,-10
371152.4563,5812892.43,-15
371157.4563,5812892.43,-15
371162.4563,5812892.43,-15
371167.4563,5812892.43,-15
371172.4563,5812892.43,-15
371177.4563,5812892.43,-15
371182.4563,5812892.43,-15
371187.4563,5812892.43,-15
371192.4563,5812892.43,-15
371197.4563,5812892.43,-15
371202.4563,5812892.43,-15
371207.4563,5812892.43,-15
371212.4563,5812892.43,-15
370882.4563,5812887.43,-1
370887.4563,5812887.43,-1
370892.4563,5812887.43,-1
370897.4563,5812887.43,-1
370902.4563,5812887.43,-1
370907.4563,5812887.43,-1
370912.4563,5812887.43,-1
370917.4563,5812887.43,-1
370922.4563,5812887.43,-1
370927.4563,5812887.43,-1
370932.4563,5812887.43,-1
370937.4563,5812887.43,-1
370942.4563,5812887.43,-5
370947.4563,5812887.43,-5
370952.4563,5812887.43,-5
370957.4563,5812887.43,-5
370962.4563,5812887.43,-5
370967.4563,5812887.43,-5
370972.4563,5812887.43,-5
370977.4563,5812887.43,-5
370982.4563,5812887.43,-5
370987.4563,5812887.43,-1
370992.4563,5812887.43,-1
370997.4563,5812887.43,-1
371002.4563,5812887.43,-1
371007.4563,5812887.43,-1
371012.4563,5812887.43,-1
371017.4563,5812887.43,-1
371022.4563,5812887.43,-1
371027.4563,5812887.43,-1
371032.4563,5812887.43,-1
371037.4563,5812887.43,-1
371042.4563,5812887.43,-1
371047.4563,5812887.43,-5
371052.4563,5812887.43,-5
371057.4563,5812887.43,-5
371062.4563,5812887.43,-5
371067.4563,5812887.43,-5
371072.4563,5812887.43,-5
371077.4563,5812887.43,-5
371082.4563,5812887.43,-10
371087.4563,5812887.43,-10
371092.4563,5812887.43,-10
371097.4563,5812887.43,-10
371102.4563,5812887.43,-10
371107.4563,5812887.43,-10
371112.4563,5812887.43,-10
371117.4563,5812887.43,-10
371122.4563,5812887.43,-10
371127.4563,5812887.43,-10
371132.4563,5812887.43,-10
371137.4563,5812887.43,-10
371142.4563,5812887.43,-10
371147.4563,5812887.43,-15
371152.4563,5812887.43,-15
371157.4563,5812887.43,-15
371162.4563,5812887.43,-15
371167.4563,5812887.43,-15
371172.4563,5812887.43,-15
371177.4563,5812887.43,-15
371182.4563,5812887.43,-15
371187.4563,5812887.43,-15
371192.4563,5812887.43,-15
371197.4563,5812887.43,-15
371202.4563,5812887.43,-15
371207.4563,5812887.43,-15
370887.4563,5812882.43,-1
370892.4563,5812882.43,-1
370897.4563,5812882.43,-1
370902.4563,5812882.43,-1
370907.4563,5812882.43,-1
370912.4563,5812882.43,-1
370917.4563,5812882.43,-1
370922.4563,5812882.43,-1
370927.4563,5812882.43,-1
370932.4563,5812882.43,-5
370937.4563,5812882.43,-5
370942.4563,5812882.43,-5
370947.4563,5812882.43,-5
370952.4563,5812882.43,-5
370957.4563,5812882.43,-5
370962.4563,5812882.43,-5
370967.4563,5812882.43,-5
370972.4563,5812882.43,-5
370977.4563,5812882.43,-5
370982.4563,5812882.43,-5
370987.4563,5812882.43,-1
370992.4563,5812882.43,-1
370997.4563,5812882.43,-1
371002.4563,5812882.43,-1
371007.4563,5812882.43,-1
371012.4563,5812882.43,-1
371017.4563,5812882.43,-1
371022.4563,5812882.43,-1
371027.4563,5812882.43,-1
371032.4563,5812882.43,-1
371037.4563,5812882.43,-1
371042.4563,5812882.43,-1
371047.4563,5812882.43,-1
371052.4563,5812882.43,-5
371057.4563,5812882.43,-5
371062.4563,5812882.43,-5
371067.4563,5812882.43,-5
371072.4563,5812882.43,-5
371077.4563,5812882.43,-10
371082.4563,5812882.43,-10
371087.4563,5812882.43,-10
371092.4563,5812882.43,-10
371097.4563,5812882.43,-10
371102.4563,5812882.43,-10
371107.4563,5812882.43,-10
371112.4563,5812882.43,-10
371117.4563,5812882.43,-10
371122.4563,5812882.43,-10
371127.4563,5812882.43,-10
371132.4563,5812882.43,-10
371137.4563,5812882.43,-10
371142.4563,5812882.43,-15
371147.4563,5812882.43,-15
371152.4563,5812882.43,-15
371157.4563,5812882.43,-15
371162.4563,5812882.43,-15
371167.4563,5812882.43,-15
371172.4563,5812882.43,-15
371177.4563,5812882.43,-15
371182.4563,5812882.43,-15
371187.4563,5812882.43,-15
371192.4563,5812882.43,-15
371197.4563,5812882.43,-15
371202.4563,5812882.43,-15
371207.4563,5812882.43,-15
370887.4563,5812877.43,-1
370892.4563,5812877.43,-1
370897.4563,5812877.43,-1
370902.4563,5812877.43,-1
370907.4563,5812877.43,-1
370912.4563,5812877.43,-1
370917.4563,5812877.43,-1
370922.4563,5812877.43,-1
370927.4563,5812877.43,-1
370932.4563,5812877.43,-5
370937.4563,5812877.43,-5
370942.4563,5812877.43,-5
370947.4563,5812877.43,-5
370952.4563,5812877.43,-5
370957.4563,5812877.43,-5
370962.4563,5812877.43,-5
370967.4563,5812877.43,-5
370972.4563,5812877.43,-5
370977.4563,5812877.43,-5
370982.4563,5812877.43,-5
370987.4563,5812877.43,-5
370992.4563,5812877.43,-1
370997.4563,5812877.43,-1
371002.4563,5812877.43,-1
371007.4563,5812877.43,-1
371012.4563,5812877.43,-1
371017.4563,5812877.43,-1
371022.4563,5812877.43,-1
371027.4563,5812877.43,-1
371032.4563,5812877.43,-1
371037.4563,5812877.43,-1
371042.4563,5812877.43,-1
371047.4563,5812877.43,-1
371052.4563,5812877.43,-5
371057.4563,5812877.43,-5
371062.4563,5812877.43,-5
371067.4563,5812877.43,-5
371072.4563,5812877.43,-5
371077.4563,5812877.43,-10
371082.4563,5812877.43,-10
371087.4563,5812877.43,-10
371092.4563,5812877.43,-10
371097.4563,5812877.43,-10
371102.4563,5812877.43,-10
371107.4563,5812877.43,-10
371112.4563,5812877.43,-10
371117.4563,5812877.43,-10
371122.4563,5812877.43,-10
371127.4563,5812877.43,-10
371132.4563,5812877.43,-15
371137.4563,5812877.43,-15
371142.4563,5812877.43,-15
371147.4563,5812877.43,-15
371152.4563,5812877.43,-15
371157.4563,5812877.43,-15
371162.4563,5812877.43,-15
371167.4563,5812877.43,-15
371172.4563,5812877.43,-15
371177.4563,5812877.43,-15
371182.4563,5812877.43,-15
371187.4563,5812877.43,-15
371192.4563,5812877.43,-15
371197.4563,5812877.43,-15
371202.4563,5812877.43,-15
370887.4563,5812872.43,-1
370892.4563,5812872.43,-1
370897.4563,5812872.43,-1
370902.4563,5812872.43,-1
370907.4563,5812872.43,-1
370912.4563,5812872.43,-1
370917.4563,5812872.43,-1
370922.4563,5812872.43,-1
370927.4563,5812872.43,-1
370932.4563,5812872.43,-5
370937.4563,5812872.43,-5
370942.4563,5812872.43,-5
370947.4563,5812872.43,-5
370952.4563,5812872.43,-5
370957.4563,5812872.43,-5
370962.4563,5812872.43,-5
370967.4563,5812872.43,-5
370972.4563,5812872.43,-5
370977.4563,5812872.43,-5
370982.4563,5812872.43,-5
370987.4563,5812872.43,-5
370992.4563,5812872.43,-5
370997.4563,5812872.43,-1
371002.4563,5812872.43,-1
371007.4563,5812872.43,-1
371012.4563,5812872.43,-1
371017.4563,5812872.43,-1
371022.4563,5812872.43,-1
371027.4563,5812872.43,-1
371032.4563,5812872.43,-1
371037.4563,5812872.43,-1
371042.4563,5812872.43,-1
371047.4563,5812872.43,-5
371052.4563,5812872.43,-5
371057.4563,5812872.43,-5
371062.4563,5812872.43,-5
371067.4563,5812872.43,-5
371072.4563,5812872.43,-10
371077.4563,5812872.43,-10
371082.4563,5812872.43,-10
371087.4563,5812872.43,-10
371092.4563,5812872.43,-10
371097.4563,5812872.43,-10
371102.4563,5812872.43,-10
371107.4563,5812872.43,-10
371112.4563,5812872.43,-10
371117.4563,5812872.43,-10
371122.4563,5812872.43,-10
371127.4563,5812872.43,-15
371132.4563,5812872.43,-15
371137.4563,5812872.43,-15
371142.4563,5812872.43,-15
371147.4563,5812872.43,-15
371152.4563,5812872.43,-15
371157.4563,5812872.43,-15
371162.4563,5812872.43,-15
371167.4563,5812872.43,-15
371172.4563,5812872.43,-15
371177.4563,5812872.43,-15
371182.4563,5812872.43,-15
371187.4563,5812872.43,-15
371192.4563,5812872.43,-15
371197.4563,5812872.43,-15
370887.4563,5812867.43,-1
370892.4563,5812867.43,-1
370897.4563,5812867.43,-1
370902.4563,5812867.43,-1
370907.4563,5812867.43,-1
370912.4563,5812867.43,-1
370917.4563,5812867.43,-1
370922.4563,5812867.43,-1
370927.4563,5812867.43,-5
370932.4563,5812867.43,-5
370937.4563,5812867.43,-5
370942.4563,5812867.43,-5
370947.4563,5812867.43,-5
370952.4563,5812867.43,-5
370957.4563,5812867.43,-5
370962.4563,5812867.43,-5
370967.4563,5812867.43,-5
370972.4563,5812867.43,-5
370977.4563,5812867.43,-5
370982.4563,5812867.43,-5
370987.4563,5812867.43,-5
370992.4563,5812867.43,-5
370997.4563,5812867.43,-5
371002.4563,5812867.43,-5
371007.4563,5812867.43,-1
371012.4563,5812867.43,-1
371017.4563,5812867.43,-1
371022.4563,5812867.43,-1
371027.4563,5812867.43,-1
371032.4563,5812867.43,-1
371037.4563,5812867.43,-1
371042.4563,5812867.43,-5
371047.4563,5812867.43,-5
371052.4563,5812867.43,-5
371057.4563,5812867.43,-5
371062.4563,5812867.43,-5
371067.4563,5812867.43,-10
371072.4563,5812867.43,-10
371077.4563,5812867.43,-10
371082.4563,5812867.43,-10
371087.4563,5812867.43,-10
371092.4563,5812867.43,-10
371097.4563,5812867.43,-10
371102.4563,5812867.43,-10
371107.4563,5812867.43,-10
371112.4563,5812867.43,-10
371117.4563,5812867.43,-10
371122.4563,5812867.43,-15
371127.4563,5812867.43,-15
371132.4563,5812867.43,-15
371137.4563,5812867.43,-15
371142.4563,5812867.43,-15
371147.4563,5812867.43,-15
371152.4563,5812867.43,-15
371157.4563,5812867.43,-15
371162.4563,5812867.43,-15
371167.4563,5812867.43,-15
371172.4563,5812867.43,-15
371177.4563,5812867.43,-15
371182.4563,5812867.43,-15
371187.4563,5812867.43,-15
371192.4563,5812867.43,-15
370882.4563,5812862.43,-1
370887.4563,5812862.43,-1
370892.4563,5812862.43,-1
370897.4563,5812862.43,-1
370902.4563,5812862.43,-1
370907.4563,5812862.43,-1
370912.4563,5812862.43,-1
370917.4563,5812862.43,-5
370922.4563,5812862.43,-5
370927.4563,5812862.43,-5
370932.4563,5812862.43,-5
370937.4563,5812862.43,-5
370942.4563,5812862.43,-5
370947.4563,5812862.43,-5
370952.4563,5812862.43,-5
370957.4563,5812862.43,-5
370962.4563,5812862.43,-5
370967.4563,5812862.43,-5
370972.4563,5812862.43,-5
370977.4563,5812862.43,-5
370982.4563,5812862.43,-5
370987.4563,5812862.43,-5
370992.4563,5812862.43,-5
370997.4563,5812862.43,-5
371002.4563,5812862.43,-5
371007.4563,5812862.43,-5
371012.4563,5812862.43,-5
371017.4563,5812862.43,-5
371022.4563,5812862.43,-5
371027.4563,5812862.43,-1
371032.4563,5812862.43,-1
371037.4563,5812862.43,-5
371042.4563,5812862.43,-5
371047.4563,5812862.43,-5
371052.4563,5812862.43,-5
371057.4563,5812862.43,-5
371062.4563,5812862.43,-5
371067.4563,5812862.43,-10
371072.4563,5812862.43,-10
371077.4563,5812862.43,-10
371082.4563,5812862.43,-10
371087.4563,5812862.43,-10
371092.4563,5812862.43,-10
371097.4563,5812862.43,-10
371102.4563,5812862.43,-10
371107.4563,5812862.43,-10
371112.4563,5812862.43,-10
371117.4563,5812862.43,-15
371122.4563,5812862.43,-15
371127.4563,5812862.43,-15
371132.4563,5812862.43,-15
371137.4563,5812862.43,-15
371142.4563,5812862.43,-15
371147.4563,5812862.43,-15
371152.4563,5812862.43,-15
371157.4563,5812862.43,-15
371162.4563,5812862.43,-15
371167.4563,5812862.43,-15
371172.4563,5812862.43,-15
371177.4563,5812862.43,-15
371182.4563,5812862.43,-15
371187.4563,5812862.43,-15
370877.4563,5812857.43,-1
370882.4563,5812857.43,-1
370887.4563,5812857.43,-1
370892.4563,5812857.43,-1
370897.4563,5812857.43,-1
370902.4563,5812857.43,-1
370907.4563,5812857.43,-1
370912.4563,5812857.43,-1
370917.4563,5812857.43,-5
370922.4563,5812857.43,-5
370927.4563,5812857.43,-5
370932.4563,5812857.43,-5
370937.4563,5812857.43,-5
370942.4563,5812857.43,-5
370947.4563,5812857.43,-5
370952.4563,5812857.43,-5
370957.4563,5812857.43,-5
370962.4563,5812857.43,-5
370967.4563,5812857.43,-5
370972.4563,5812857.43,-5
370977.4563,5812857.43,-5
370982.4563,5812857.43,-5
370987.4563,5812857.43,-5
370992.4563,5812857.43,-5
370997.4563,5812857.43,-5
371002.4563,5812857.43,-5
371007.4563,5812857.43,-5
371012.4563,5812857.43,-5
371017.4563,5812857.43,-5
371022.4563,5812857.43,-5
371027.4563,5812857.43,-5
371032.4563,5812857.43,-5
371037.4563,5812857.43,-5
371042.4563,5812857.43,-5
371047.4563,5812857.43,-5
371052.4563,5812857.43,-5
371057.4563,5812857.43,-5
371062.4563,5812857.43,-10
371067.4563,5812857.43,-10
371072.4563,5812857.43,-10
371077.4563,5812857.43,-10
371082.4563,5812857.43,-10
371087.4563,5812857.43,-10
371092.4563,5812857.43,-10
371097.4563,5812857.43,-10
371102.4563,5812857.43,-10
371107.4563,5812857.43,-10
371112.4563,5812857.43,-15
371117.4563,5812857.43,-15
371122.4563,5812857.43,-15
371127.4563,5812857.43,-15
371132.4563,5812857.43,-15
371137.4563,5812857.43,-15
371142.4563,5812857.43,-15
371147.4563,5812857.43,-15
371152.4563,5812857.43,-15
371157.4563,5812857.43,-15
371162.4563,5812857.43,-15
371167.4563,5812857.43,-15
371172.4563,5812857.43,-15
371177.4563,5812857.43,-15
371182.4563,5812857.43,-15
370877.4563,5812852.43,-1
370882.4563,5812852.43,-1
370887.4563,5812852.43,-1
370892.4563,5812852.43,-1
370897.4563,5812852.43,-1
370902.4563,5812852.43,-1
370907.4563,5812852.43,-1
370912.4563,5812852.43,-1
370917.4563,5812852.43,-5
370922.4563,5812852.43,-5
370927.4563,5812852.43,-5
370932.4563,5812852.43,-5
370937.4563,5812852.43,-5
370942.4563,5812852.43,-5
370947.4563,5812852.43,-5
370952.4563,5812852.43,-5
370957.4563,5812852.43,-5
370962.4563,5812852.43,-5
370967.4563,5812852.43,-5
370972.4563,5812852.43,-5
370977.4563,5812852.43,-5
370982.4563,5812852.43,-5
370987.4563,5812852.43,-5
370992.4563,5812852.43,-5
370997.4563,5812852.43,-5
371002.4563,5812852.43,-5
371007.4563,5812852.43,-5
371012.4563,5812852.43,-5
371017.4563,5812852.43,-5
371022.4563,5812852.43,-5
371027.4563,5812852.43,-5
371032.4563,5812852.43,-5
371037.4563,5812852.43,-5
371042.4563,5812852.43,-5
371047.4563,5812852.43,-5
371052.4563,5812852.43,-5
371057.4563,5812852.43,-5
371062.4563,5812852.43,-10
371067.4563,5812852.43,-10
371072.4563,5812852.43,-10
371077.4563,5812852.43,-10
371082.4563,5812852.43,-10
371087.4563,5812852.43,-10
371092.4563,5812852.43,-10
371097.4563,5812852.43,-10
371102.4563,5812852.43,-10
371107.4563,5812852.43,-15
371112.4563,5812852.43,-15
371117.4563,5812852.43,-15
371122.4563,5812852.43,-15
371127.4563,5812852.43,-15
371132.4563,5812852.43,-15
371137.4563,5812852.43,-15
371142.4563,5812852.43,-15
371147.4563,5812852.43,-15
371152.4563,5812852.43,-15
371157.4563,5812852.43,-15
371162.4563,5812852.43,-15
371167.4563,5812852.43,-15
371172.4563,5812852.43,-15
371177.4563,5812852.43,-15
370872.4563,5812847.43,-1
370877.4563,5812847.43,-1
370882.4563,5812847.43,-1
370887.4563,5812847.43,-1
370892.4563,5812847.43,-1
370897.4563,5812847.43,-1
370902.4563,5812847.43,-1
370907.4563,5812847.43,-1
370912.4563,5812847.43,-1
370917.4563,5812847.43,-5
370922.4563,5812847.43,-5
370927.4563,5812847.43,-5
370932.4563,5812847.43,-5
370937.4563,5812847.43,-5
370942.4563,5812847.43,-5
370947.4563,5812847.43,-5
370952.4563,5812847.43,-5
370957.4563,5812847.43,-5
370962.4563,5812847.43,-5
370967.4563,5812847.43,-5
370972.4563,5812847.43,-5
370977.4563,5812847.43,-5
370982.4563,5812847.43,-5
370987.4563,5812847.43,-5
370992.4563,5812847.43,-5
370997.4563,5812847.43,-5
371002.4563,5812847.43,-5
371007.4563,5812847.43,-5
371012.4563,5812847.43,-5
371017.4563,5812847.43,-5
371022.4563,5812847.43,-5
371027.4563,5812847.43,-5
371032.4563,5812847.43,-5
371037.4563,5812847.43,-5
371042.4563,5812847.43,-5
371047.4563,5812847.43,-5
371052.4563,5812847.43,-5
371057.4563,5812847.43,-10
371062.4563,5812847.43,-10
371067.4563,5812847.43,-10
371072.4563,5812847.43,-10
371077.4563,5812847.43,-10
371082.4563,5812847.43,-10
371087.4563,5812847.43,-10
371092.4563,5812847.43,-10
371097.4563,5812847.43,-15
371102.4563,5812847.43,-15
371107.4563,5812847.43,-15
371112.4563,5812847.43,-15
371117.4563,5812847.43,-15
371122.4563,5812847.43,-15
371127.4563,5812847.43,-15
371132.4563,5812847.43,-15
371137.4563,5812847.43,-15
371142.4563,5812847.43,-15
371147.4563,5812847.43,-15
371152.4563,5812847.43,-15
371157.4563,5812847.43,-15
371162.4563,5812847.43,-15
371167.4563,5812847.43,-15
371172.4563,5812847.43,-15
370877.4563,5812842.43,-1
370882.4563,5812842.43,-1
370887.4563,5812842.43,-1
370892.4563,5812842.43,-1
370897.4563,5812842.43,-1
370902.4563,5812842.43,-1
370907.4563,5812842.43,-1
370912.4563,5812842.43,-1
370917.4563,5812842.43,-5
370922.4563,5812842.43,-5
370927.4563,5812842.43,-5
370932.4563,5812842.43,-5
370937.4563,5812842.43,-5
370942.4563,5812842.43,-5
370947.4563,5812842.43,-5
370952.4563,5812842.43,-5
370957.4563,5812842.43,-5
370962.4563,5812842.43,-5
370967.4563,5812842.43,-5
370972.4563,5812842.43,-5
370977.4563,5812842.43,-5
370982.4563,5812842.43,-5
370987.4563,5812842.43,-5
370992.4563,5812842.43,-5
370997.4563,5812842.43,-5
371002.4563,5812842.43,-5
371007.4563,5812842.43,-5
371012.4563,5812842.43,-5
371017.4563,5812842.43,-5
371022.4563,5812842.43,-5
371027.4563,5812842.43,-5
371032.4563,5812842.43,-5
371037.4563,5812842.43,-5
371042.4563,5812842.43,-5
371047.4563,5812842.43,-5
371052.4563,5812842.43,-5
371057.4563,5812842.43,-10
371062.4563,5812842.43,-10
371067.4563,5812842.43,-10
371072.4563,5812842.43,-10
371077.4563,5812842.43,-10
371082.4563,5812842.43,-10
371087.4563,5812842.43,-15
371092.4563,5812842.43,-15
371097.4563,5812842.43,-15
371102.4563,5812842.43,-15
371107.4563,5812842.43,-15
371112.4563,5812842.43,-15
371117.4563,5812842.43,-15
371122.4563,5812842.43,-15
371127.4563,5812842.43,-15
371132.4563,5812842.43,-15
371137.4563,5812842.43,-15
371142.4563,5812842.43,-15
371147.4563,5812842.43,-15
371152.4563,5812842.43,-15
371157.4563,5812842.43,-15
371162.4563,5812842.43,-15
371167.4563,5812842.43,-15
371172.4563,5812842.43,-15
370877.4563,5812837.43,-1
370882.4563,5812837.43,-1
370887.4563,5812837.43,-1
370892.4563,5812837.43,-1
370897.4563,5812837.43,-1
370902.4563,5812837.43,-1
370907.4563,5812837.43,-1
370912.4563,5812837.43,-1
370917.4563,5812837.43,-5
370922.4563,5812837.43,-5
370927.4563,5812837.43,-5
370932.4563,5812837.43,-5
370937.4563,5812837.43,-5
370942.4563,5812837.43,-5
370947.4563,5812837.43,-5
370952.4563,5812837.43,-5
370957.4563,5812837.43,-5
370962.4563,5812837.43,-5
370967.4563,5812837.43,-5
370972.4563,5812837.43,-5
370977.4563,5812837.43,-5
370982.4563,5812837.43,-5
370987.4563,5812837.43,-5
370992.4563,5812837.43,-5
370997.4563,5812837.43,-5
371002.4563,5812837.43,-5
371007.4563,5812837.43,-5
371012.4563,5812837.43,-5
371017.4563,5812837.43,-5
371022.4563,5812837.43,-5
371027.4563,5812837.43,-5
371032.4563,5812837.43,-5
371037.4563,5812837.43,-5
371042.4563,5812837.43,-5
371047.4563,5812837.43,-5
371052.4563,5812837.43,-10
371057.4563,5812837.43,-10
371062.4563,5812837.43,-10
371067.4563,5812837.43,-10
371072.4563,5812837.43,-10
371077.4563,5812837.43,-10
371082.4563,5812837.43,-15
371087.4563,5812837.43,-15
371092.4563,5812837.43,-15
371097.4563,5812837.43,-15
371102.4563,5812837.43,-15
371107.4563,5812837.43,-15
371112.4563,5812837.43,-15
371117.4563,5812837.43,-15
371122.4563,5812837.43,-15
371127.4563,5812837.43,-15
371132.4563,5812837.43,-15
371137.4563,5812837.43,-15
371142.4563,5812837.43,-15
371147.4563,5812837.43,-15
371152.4563,5812837.43,-15
371157.4563,5812837.43,-20
371162.4563,5812837.43,-20
371167.4563,5812837.43,-20
370877.4563,5812832.43,-1
370882.4563,5812832.43,-1
370887.4563,5812832.43,-1
370892.4563,5812832.43,-1
370897.4563,5812832.43,-1
370902.4563,5812832.43,-1
370907.4563,5812832.43,-1
370912.4563,5812832.43,-1
370917.4563,5812832.43,-5
370922.4563,5812832.43,-5
370927.4563,5812832.43,-5
370932.4563,5812832.43,-5
370937.4563,5812832.43,-5
370942.4563,5812832.43,-5
370947.4563,5812832.43,-5
370952.4563,5812832.43,-5
370957.4563,5812832.43,-5
370962.4563,5812832.43,-5
370967.4563,5812832.43,-5
370972.4563,5812832.43,-5
370977.4563,5812832.43,-5
370982.4563,5812832.43,-5
370987.4563,5812832.43,-5
370992.4563,5812832.43,-5
370997.4563,5812832.43,-5
371002.4563,5812832.43,-5
371007.4563,5812832.43,-5
371012.4563,5812832.43,-5
371017.4563,5812832.43,-5
371022.4563,5812832.43,-5
371027.4563,5812832.43,-5
371032.4563,5812832.43,-5
371037.4563,5812832.43,-5
371042.4563,5812832.43,-5
371047.4563,5812832.43,-5
371052.4563,5812832.43,-10
371057.4563,5812832.43,-10
371062.4563,5812832.43,-10
371067.4563,5812832.43,-10
371072.4563,5812832.43,-10
371077.4563,5812832.43,-10
371082.4563,5812832.43,-15
371087.4563,5812832.43,-15
371092.4563,5812832.43,-15
371097.4563,5812832.43,-15
371102.4563,5812832.43,-15
371107.4563,5812832.43,-15
371112.4563,5812832.43,-15
371117.4563,5812832.43,-15
371122.4563,5812832.43,-15
371127.4563,5812832.43,-15
371132.4563,5812832.43,-15
371137.4563,5812832.43,-15
371142.4563,5812832.43,-15
371147.4563,5812832.43,-15
371152.4563,5812832.43,-20
371157.4563,5812832.43,-20
371162.4563,5812832.43,-20
371167.4563,5812832.43,-20
370877.4563,5812827.43,-1
370882.4563,5812827.43,-1
370887.4563,5812827.43,-1
370892.4563,5812827.43,-1
370897.4563,5812827.43,-1
370902.4563,5812827.43,-1
370907.4563,5812827.43,-1
370912.4563,5812827.43,-1
370917.4563,5812827.43,-5
370922.4563,5812827.43,-5
370927.4563,5812827.43,-5
370932.4563,5812827.43,-5
370937.4563,5812827.43,-5
370942.4563,5812827.43,-5
370947.4563,5812827.43,-5
370952.4563,5812827.43,-5
370957.4563,5812827.43,-5
370962.4563,5812827.43,-5
370967.4563,5812827.43,-5
370972.4563,5812827.43,-5
370977.4563,5812827.43,-5
370982.4563,5812827.43,-5
370987.4563,5812827.43,-5
370992.4563,5812827.43,-5
370997.4563,5812827.43,-5
371002.4563,5812827.43,-5
371007.4563,5812827.43,-5
371012.4563,5812827.43,-5
371017.4563,5812827.43,-5
371022.4563,5812827.43,-5
371027.4563,5812827.43,-5
371032.4563,5812827.43,-5
371037.4563,5812827.43,-5
371042.4563,5812827.43,-5
371047.4563,5812827.43,-5
371052.4563,5812827.43,-10
371057.4563,5812827.43,-10
371062.4563,5812827.43,-10
371067.4563,5812827.43,-10
371072.4563,5812827.43,-10
371077.4563,5812827.43,-15
371082.4563,5812827.43,-15
371087.4563,5812827.43,-15
371092.4563,5812827.43,-15
371097.4563,5812827.43,-15
371102.4563,5812827.43,-15
371107.4563,5812827.43,-15
371112.4563,5812827.43,-15
371117.4563,5812827.43,-15
371122.4563,5812827.43,-15
371127.4563,5812827.43,-15
371132.4563,5812827.43,-15
371137.4563,5812827.43,-20
371142.4563,5812827.43,-20
371147.4563,5812827.43,-20
371152.4563,5812827.43,-20
371157.4563,5812827.43,-20
371162.4563,5812827.43,-20
370877.4563,5812822.43,-1
370882.4563,5812822.43,-1
370887.4563,5812822.43,-1
370892.4563,5812822.43,-1
370897.4563,5812822.43,-1
370902.4563,5812822.43,-1
370907.4563,5812822.43,-1
370912.4563,5812822.43,-5
370917.4563,5812822.43,-5
370922.4563,5812822.43,-5
370927.4563,5812822.43,-5
370932.4563,5812822.43,-5
370937.4563,5812822.43,-5
370942.4563,5812822.43,-5
370947.4563,5812822.43,-5
370952.4563,5812822.43,-5
370957.4563,5812822.43,-5
370962.4563,5812822.43,-5
370967.4563,5812822.43,-5
370972.4563,5812822.43,-5
370977.4563,5812822.43,-5
370982.4563,5812822.43,-5
370987.4563,5812822.43,-5
370992.4563,5812822.43,-5
370997.4563,5812822.43,-5
371002.4563,5812822.43,-5
371007.4563,5812822.43,-5
371012.4563,5812822.43,-5
371017.4563,5812822.43,-5
371022.4563,5812822.43,-5
371027.4563,5812822.43,-5
371032.4563,5812822.43,-5
371037.4563,5812822.43,-5
371042.4563,5812822.43,-5
371047.4563,5812822.43,-10
371052.4563,5812822.43,-10
371057.4563,5812822.43,-10
371062.4563,5812822.43,-10
371067.4563,5812822.43,-10
371072.4563,5812822.43,-10
371077.4563,5812822.43,-10
371082.4563,5812822.43,-15
371087.4563,5812822.43,-15
371092.4563,5812822.43,-15
371097.4563,5812822.43,-15
371102.4563,5812822.43,-15
371107.4563,5812822.43,-15
371112.4563,5812822.43,-15
371117.4563,5812822.43,-20
371122.4563,5812822.43,-20
371127.4563,5812822.43,-20
371132.4563,5812822.43,-20
371137.4563,5812822.43,-20
371142.4563,5812822.43,-20
371147.4563,5812822.43,-20
371152.4563,5812822.43,-20
371157.4563,5812822.43,-20
371162.4563,5812822.43,-20
370877.4563,5812817.43,-1
370882.4563,5812817.43,-1
370887.4563,5812817.43,-1
370892.4563,5812817.43,-1
370897.4563,5812817.43,-1
370902.4563,5812817.43,-1
370907.4563,5812817.43,-1
370912.4563,5812817.43,-5
370917.4563,5812817.43,-5
370922.4563,5812817.43,-5
370927.4563,5812817.43,-5
370932.4563,5812817.43,-5
370937.4563,5812817.43,-5
370942.4563,5812817.43,-5
370947.4563,5812817.43,-5
370952.4563,5812817.43,-5
370957.4563,5812817.43,-5
370962.4563,5812817.43,-5
370967.4563,5812817.43,-5
370972.4563,5812817.43,-5
370977.4563,5812817.43,-5
370982.4563,5812817.43,-5
370987.4563,5812817.43,-5
370992.4563,5812817.43,-5
370997.4563,5812817.43,-5
371002.4563,5812817.43,-5
371007.4563,5812817.43,-5
371012.4563,5812817.43,-5
371017.4563,5812817.43,-5
371022.4563,5812817.43,-10
371027.4563,5812817.43,-10
371032.4563,5812817.43,-10
371037.4563,5812817.43,-10
371042.4563,5812817.43,-10
371047.4563,5812817.43,-10
371052.4563,5812817.43,-10
371057.4563,5812817.43,-10
371062.4563,5812817.43,-10
371067.4563,5812817.43,-10
371072.4563,5812817.43,-10
371077.4563,5812817.43,-10
371082.4563,5812817.43,-15
371087.4563,5812817.43,-15
371092.4563,5812817.43,-15
371097.4563,5812817.43,-15
371102.4563,5812817.43,-15
371107.4563,5812817.43,-15
371112.4563,5812817.43,-20
371117.4563,5812817.43,-20
371122.4563,5812817.43,-20
371127.4563,5812817.43,-20
371132.4563,5812817.43,-20
371137.4563,5812817.43,-20
371142.4563,5812817.43,-20
371147.4563,5812817.43,-20
371152.4563,5812817.43,-20
371157.4563,5812817.43,-20
371162.4563,5812817.43,-20
370877.4563,5812812.43,-1
370882.4563,5812812.43,-1
370887.4563,5812812.43,-1
370892.4563,5812812.43,-1
370897.4563,5812812.43,-1
370902.4563,5812812.43,-1
370907.4563,5812812.43,-1
370912.4563,5812812.43,-5
370917.4563,5812812.43,-5
370922.4563,5812812.43,-5
370927.4563,5812812.43,-5
370932.4563,5812812.43,-5
370937.4563,5812812.43,-5
370942.4563,5812812.43,-5
370947.4563,5812812.43,-5
370952.4563,5812812.43,-5
370957.4563,5812812.43,-5
370962.4563,5812812.43,-5
370967.4563,5812812.43,-5
370972.4563,5812812.43,-10
370977.4563,5812812.43,-10
370982.4563,5812812.43,-10
370987.4563,5812812.43,-10
370992.4563,5812812.43,-10
370997.4563,5812812.43,-10
371002.4563,5812812.43,-10
371007.4563,5812812.43,-10
371012.4563,5812812.43,-10
371017.4563,5812812.43,-10
371022.4563,5812812.43,-10
371027.4563,5812812.43,-10
371032.4563,5812812.43,-10
371037.4563,5812812.43,-10
371042.4563,5812812.43,-10
371047.4563,5812812.43,-10
371052.4563,5812812.43,-10
371057.4563,5812812.43,-10
371062.4563,5812812.43,-10
371067.4563,5812812.43,-10
371072.4563,5812812.43,-10
371077.4563,5812812.43,-10
371082.4563,5812812.43,-15
371087.4563,5812812.43,-15
371092.4563,5812812.43,-15
371097.4563,5812812.43,-15
371102.4563,5812812.43,-15
371107.4563,5812812.43,-15
371112.4563,5812812.43,-20
371117.4563,5812812.43,-20
371122.4563,5812812.43,-20
371127.4563,5812812.43,-20
371132.4563,5812812.43,-20
371137.4563,5812812.43,-20
371142.4563,5812812.43,-20
371147.4563,5812812.43,-20
371152.4563,5812812.43,-20
371157.4563,5812812.43,-20
370877.4563,5812807.43,-1
370882.4563,5812807.43,-1
370887.4563,5812807.43,-1
370892.4563,5812807.43,-1
370897.4563,5812807.43,-1
370902.4563,5812807.43,-1
370907.4563,5812807.43,-1
370912.4563,5812807.43,-5
370917.4563,5812807.43,-5
370922.4563,5812807.43,-5
370927.4563,5812807.43,-5
370932.4563,5812807.43,-5
370937.4563,5812807.43,-5
370942.4563,5812807.43,-5
370947.4563,5812807.43,-5
370952.4563,5812807.43,-5
370957.4563,5812807.43,-5
370962.4563,5812807.43,-5
370967.4563,5812807.43,-10
370972.4563,5812807.43,-10
370977.4563,5812807.43,-10
370982.4563,5812807.43,-10
370987.4563,5812807.43,-10
370992.4563,5812807.43,-10
370997.4563,5812807.43,-10
371002.4563,5812807.43,-10
371007.4563,5812807.43,-10
371012.4563,5812807.43,-10
371017.4563,5812807.43,-10
371022.4563,5812807.43,-10
371027.4563,5812807.43,-10
371032.4563,5812807.43,-10
371037.4563,5812807.43,-10
371042.4563,5812807.43,-10
371047.4563,5812807.43,-10
371052.4563,5812807.43,-10
371057.4563,5812807.43,-10
371062.4563,5812807.43,-10
371067.4563,5812807.43,-10
371072.4563,5812807.43,-10
371077.4563,5812807.43,-15
371082.4563,5812807.43,-15
371087.4563,5812807.43,-15
371092.4563,5812807.43,-15
371097.4563,5812807.43,-15
371102.4563,5812807.43,-15
371107.4563,5812807.43,-15
371112.4563,5812807.43,-20
371117.4563,5812807.43,-20
371122.4563,5812807.43,-20
371127.4563,5812807.43,-20
371132.4563,5812807.43,-20
371137.4563,5812807.43,-20
371142.4563,5812807.43,-20
371147.4563,5812807.43,-20
371152.4563,5812807.43,-20
371157.4563,5812807.43,-20
370882.4563,5812802.43,-1
370887.4563,5812802.43,-1
370892.4563,5812802.43,-1
370897.4563,5812802.43,-1
370902.4563,5812802.43,-1
370907.4563,5812802.43,-1
370912.4563,5812802.43,-5
370917.4563,5812802.43,-5
370922.4563,5812802.43,-5
370927.4563,5812802.43,-5
370932.4563,5812802.43,-5
370937.4563,5812802.43,-5
370942.4563,5812802.43,-5
370947.4563,5812802.43,-5
370952.4563,5812802.43,-5
370957.4563,5812802.43,-5
370962.4563,5812802.43,-10
370967.4563,5812802.43,-10
370972.4563,5812802.43,-10
370977.4563,5812802.43,-10
370982.4563,5812802.43,-10
370987.4563,5812802.43,-10
370992.4563,5812802.43,-10
370997.4563,5812802.43,-10
371002.4563,5812802.43,-10
371007.4563,5812802.43,-10
371012.4563,5812802.43,-10
371017.4563,5812802.43,-10
371022.4563,5812802.43,-10
371027.4563,5812802.43,-10
371032.4563,5812802.43,-10
371037.4563,5812802.43,-10
371042.4563,5812802.43,-10
371047.4563,5812802.43,-10
371052.4563,5812802.43,-10
371057.4563,5812802.43,-10
371062.4563,5812802.43,-10
371067.4563,5812802.43,-10
371072.4563,5812802.43,-15
371077.4563,5812802.43,-15
371082.4563,5812802.43,-15
371087.4563,5812802.43,-15
371092.4563,5812802.43,-15
371097.4563,5812802.43,-15
371102.4563,5812802.43,-15
371107.4563,5812802.43,-15
371112.4563,5812802.43,-20
371117.4563,5812802.43,-20
371122.4563,5812802.43,-20
371127.4563,5812802.43,-20
371132.4563,5812802.43,-20
371137.4563,5812802.43,-20
371142.4563,5812802.43,-20
371147.4563,5812802.43,-20
371152.4563,5812802.43,-20
371157.4563,5812802.43,-20
370882.4563,5812797.43,-1
370887.4563,5812797.43,-1
370892.4563,5812797.43,-1
370897.4563,5812797.43,-1
370902.4563,5812797.43,-1
370907.4563,5812797.43,-1
370912.4563,5812797.43,-5
370917.4563,5812797.43,-5
370922.4563,5812797.43,-5
370927.4563,5812797.43,-5
370932.4563,5812797.43,-5
370937.4563,5812797.43,-5
370942.4563,5812797.43,-5
370947.4563,5812797.43,-5
370952.4563,5812797.43,-5
370957.4563,5812797.43,-5
370962.4563,5812797.43,-10
370967.4563,5812797.43,-10
370972.4563,5812797.43,-10
370977.4563,5812797.43,-10
370982.4563,5812797.43,-10
370987.4563,5812797.43,-10
370992.4563,5812797.43,-10
370997.4563,5812797.43,-10
371002.4563,5812797.43,-10
371007.4563,5812797.43,-10
371012.4563,5812797.43,-10
371017.4563,5812797.43,-10
371022.4563,5812797.43,-10
371027.4563,5812797.43,-10
371032.4563,5812797.43,-10
371037.4563,5812797.43,-10
371042.4563,5812797.43,-10
371047.4563,5812797.43,-10
371052.4563,5812797.43,-10
371057.4563,5812797.43,-10
371062.4563,5812797.43,-10
371067.4563,5812797.43,-15
371072.4563,5812797.43,-15
371077.4563,5812797.43,-15
371082.4563,5812797.43,-15
371087.4563,5812797.43,-15
371092.4563,5812797.43,-15
371097.4563,5812797.43,-15
371102.4563,5812797.43,-15
371107.4563,5812797.43,-20
371112.4563,5812797.43,-20
371117.4563,5812797.43,-20
371122.4563,5812797.43,-20
371127.4563,5812797.43,-20
371132.4563,5812797.43,-20
371137.4563,5812797.43,-20
371142.4563,5812797.43,-20
371147.4563,5812797.43,-20
371152.4563,5812797.43,-20
370882.4563,5812792.43,-1
370887.4563,5812792.43,-1
370892.4563,5812792.43,-1
370897.4563,5812792.43,-1
370902.4563,5812792.43,-1
370907.4563,5812792.43,-1
370912.4563,5812792.43,-5
370917.4563,5812792.43,-5
370922.4563,5812792.43,-5
370927.4563,5812792.43,-5
370932.4563,5812792.43,-5
370937.4563,5812792.43,-5
370942.4563,5812792.43,-5
370947.4563,5812792.43,-5
370952.4563,5812792.43,-5
370957.4563,5812792.43,-5
370962.4563,5812792.43,-10
370967.4563,5812792.43,-10
370972.4563,5812792.43,-10
370977.4563,5812792.43,-10
370982.4563,5812792.43,-10
370987.4563,5812792.43,-10
370992.4563,5812792.43,-10
370997.4563,5812792.43,-10
371002.4563,5812792.43,-10
371007.4563,5812792.43,-10
371012.4563,5812792.43,-10
371017.4563,5812792.43,-10
371022.4563,5812792.43,-10
371027.4563,5812792.43,-10
371032.4563,5812792.43,-10
371037.4563,5812792.43,-10
371042.4563,5812792.43,-10
371047.4563,5812792.43,-10
371052.4563,5812792.43,-10
371057.4563,5812792.43,-15
371062.4563,5812792.43,-15
371067.4563,5812792.43,-15
371072.4563,5812792.43,-15
371077.4563,5812792.43,-15
371082.4563,5812792.43,-15
371087.4563,5812792.43,-15
371092.4563,5812792.43,-15
371097.4563,5812792.43,-15
371102.4563,5812792.43,-20
371107.4563,5812792.43,-20
371112.4563,5812792.43,-20
371117.4563,5812792.43,-20
371122.4563,5812792.43,-20
371127.4563,5812792.43,-20
371132.4563,5812792.43,-20
371137.4563,5812792.43,-20
371142.4563,5812792.43,-20
371147.4563,5812792.43,-20
371152.4563,5812792.43,-20
370882.4563,5812787.43,-1
370887.4563,5812787.43,-1
370892.4563,5812787.43,-1
370897.4563,5812787.43,-1
370902.4563,5812787.43,-1
370907.4563,5812787.43,-1
370912.4563,5812787.43,-5
370917.4563,5812787.43,-5
370922.4563,5812787.43,-5
370927.4563,5812787.43,-5
370932.4563,5812787.43,-5
370937.4563,5812787.43,-5
370942.4563,5812787.43,-5
370947.4563,5812787.43,-5
370952.4563,5812787.43,-5
370957.4563,5812787.43,-10
370962.4563,5812787.43,-10
370967.4563,5812787.43,-10
370972.4563,5812787.43,-10
370977.4563,5812787.43,-10
370982.4563,5812787.43,-10
370987.4563,5812787.43,-10
370992.4563,5812787.43,-10
370997.4563,5812787.43,-10
371002.4563,5812787.43,-10
371007.4563,5812787.43,-10
371012.4563,5812787.43,-10
371017.4563,5812787.43,-10
371022.4563,5812787.43,-10
371027.4563,5812787.43,-10
371032.4563,5812787.43,-10
371037.4563,5812787.43,-10
371042.4563,5812787.43,-10
371047.4563,5812787.43,-15
371052.4563,5812787.43,-15
371057.4563,5812787.43,-15
371062.4563,5812787.43,-15
371067.4563,5812787.43,-15
371072.4563,5812787.43,-15
371077.4563,5812787.43,-15
371082.4563,5812787.43,-15
371087.4563,5812787.43,-15
371092.4563,5812787.43,-15
371097.4563,5812787.43,-20
371102.4563,5812787.43,-20
371107.4563,5812787.43,-20
371112.4563,5812787.43,-20
371117.4563,5812787.43,-20
371122.4563,5812787.43,-20
371127.4563,5812787.43,-20
371132.4563,5812787.43,-20
371137.4563,5812787.43,-20
371142.4563,5812787.43,-20
371147.4563,5812787.43,-20
371152.4563,5812787.43,-20
370882.4563,5812782.43,-1
370887.4563,5812782.43,-1
370892.4563,5812782.43,-1
370897.4563,5812782.43,-1
370902.4563,5812782.43,-1
370907.4563,5812782.43,-5
370912.4563,5812782.43,-5
370917.4563,5812782.43,-5
370922.4563,5812782.43,-5
370927.4563,5812782.43,-5
370932.4563,5812782.43,-5
370937.4563,5812782.43,-5
370942.4563,5812782.43,-5
370947.4563,5812782.43,-5
370952.4563,5812782.43,-5
370957.4563,5812782.43,-10
370962.4563,5812782.43,-10
370967.4563,5812782.43,-10
370972.4563,5812782.43,-10
370977.4563,5812782.43,-10
370982.4563,5812782.43,-10
370987.4563,5812782.43,-10
370992.4563,5812782.43,-10
370997.4563,5812782.43,-10
371002.4563,5812782.43,-10
371007.4563,5812782.43,-10
371012.4563,5812782.43,-10
371017.4563,5812782.43,-10
371022.4563,5812782.43,-10
371027.4563,5812782.43,-10
371032.4563,5812782.43,-10
371037.4563,5812782.43,-10
371042.4563,5812782.43,-15
371047.4563,5812782.43,-15
371052.4563,5812782.43,-15
371057.4563,5812782.43,-15
371062.4563,5812782.43,-15
371067.4563,5812782.43,-15
371072.4563,5812782.43,-15
371077.4563,5812782.43,-15
371082.4563,5812782.43,-15
371087.4563,5812782.43,-20
371092.4563,5812782.43,-20
371097.4563,5812782.43,-20
371102.4563,5812782.43,-20
371107.4563,5812782.43,-20
371112.4563,5812782.43,-20
371117.4563,5812782.43,-20
371122.4563,5812782.43,-20
371127.4563,5812782.43,-20
371132.4563,5812782.43,-20
371137.4563,5812782.43,-20
371142.4563,5812782.43,-20
371147.4563,5812782.43,-20
371152.4563,5812782.43,-20
370882.4563,5812777.43,-1
370887.4563,5812777.43,-1
370892.4563,5812777.43,-1
370897.4563,5812777.43,-1
370902.4563,5812777.43,-1
370907.4563,5812777.43,-5
370912.4563,5812777.43,-5
370917.4563,5812777.43,-5
370922.4563,5812777.43,-5
370927.4563,5812777.43,-5
370932.4563,5812777.43,-5
370937.4563,5812777.43,-5
370942.4563,5812777.43,-5
370947.4563,5812777.43,-5
370952.4563,5812777.43,-5
370957.4563,5812777.43,-10
370962.4563,5812777.43,-10
370967.4563,5812777.43,-10
370972.4563,5812777.43,-10
370977.4563,5812777.43,-10
370982.4563,5812777.43,-10
370987.4563,5812777.43,-10
370992.4563,5812777.43,-10
370997.4563,5812777.43,-10
371002.4563,5812777.43,-10
371007.4563,5812777.43,-10
371012.4563,5812777.43,-10
371017.4563,5812777.43,-10
371022.4563,5812777.43,-10
371027.4563,5812777.43,-10
371032.4563,5812777.43,-15
371037.4563,5812777.43,-15
371042.4563,5812777.43,-15
371047.4563,5812777.43,-15
371052.4563,5812777.43,-15
371057.4563,5812777.43,-15
371062.4563,5812777.43,-15
371067.4563,5812777.43,-15
371072.4563,5812777.43,-15
371077.4563,5812777.43,-15
371082.4563,5812777.43,-15
371087.4563,5812777.43,-20
371092.4563,5812777.43,-20
371097.4563,5812777.43,-20
371102.4563,5812777.43,-20
371107.4563,5812777.43,-20
371112.4563,5812777.43,-20
371117.4563,5812777.43,-20
371122.4563,5812777.43,-20
371127.4563,5812777.43,-20
371132.4563,5812777.43,-20
371137.4563,5812777.43,-20
371142.4563,5812777.43,-20
371147.4563,5812777.43,-20
370882.4563,5812772.43,-1
370887.4563,5812772.43,-1
370892.4563,5812772.43,-1
370897.4563,5812772.43,-1
370902.4563,5812772.43,-1
370907.4563,5812772.43,-5
370912.4563,5812772.43,-5
370917.4563,5812772.43,-5
370922.4563,5812772.43,-5
370927.4563,5812772.43,-5
370932.4563,5812772.43,-5
370937.4563,5812772.43,-5
370942.4563,5812772.43,-5
370947.4563,5812772.43,-5
370952.4563,5812772.43,-5
370957.4563,5812772.43,-10
370962.4563,5812772.43,-10
370967.4563,5812772.43,-10
370972.4563,5812772.43,-10
370977.4563,5812772.43,-10
370982.4563,5812772.43,-10
370987.4563,5812772.43,-10
370992.4563,5812772.43,-10
370997.4563,5812772.43,-10
371002.4563,5812772.43,-10
371007.4563,5812772.43,-10
371012.4563,5812772.43,-10
371017.4563,5812772.43,-10
371022.4563,5812772.43,-10
371027.4563,5812772.43,-15
371032.4563,5812772.43,-15
371037.4563,5812772.43,-15
371042.4563,5812772.43,-15
371047.4563,5812772.43,-15
371052.4563,5812772.43,-15
371057.4563,5812772.43,-15
371062.4563,5812772.43,-15
371067.4563,5812772.43,-15
371072.4563,5812772.43,-15
371077.4563,5812772.43,-15
371082.4563,5812772.43,-20
371087.4563,5812772.43,-20
371092.4563,5812772.43,-20
371097.4563,5812772.43,-20
371102.4563,5812772.43,-20
371107.4563,5812772.43,-20
371112.4563,5812772.43,-20
371117.4563,5812772.43,-20
371122.4563,5812772.43,-20
371127.4563,5812772.43,-20
371132.4563,5812772.43,-20
371137.4563,5812772.43,-25
371142.4563,5812772.43,-25
371147.4563,5812772.43,-25
370882.4563,5812767.43,-1
370887.4563,5812767.43,-1
370892.4563,5812767.43,-1
370897.4563,5812767.43,-1
370902.4563,5812767.43,-1
370907.4563,5812767.43,-5
370912.4563,5812767.43,-5
370917.4563,5812767.43,-5
370922.4563,5812767.43,-5
370927.4563,5812767.43,-5
370932.4563,5812767.43,-5
370937.4563,5812767.43,-5
370942.4563,5812767.43,-5
370947.4563,5812767.43,-5
370952.4563,5812767.43,-10
370957.4563,5812767.43,-10
370962.4563,5812767.43,-10
370967.4563,5812767.43,-10
370972.4563,5812767.43,-10
370977.4563,5812767.43,-10
370982.4563,5812767.43,-10
370987.4563,5812767.43,-10
370992.4563,5812767.43,-10
370997.4563,5812767.43,-10
371002.4563,5812767.43,-10
371007.4563,5812767.43,-10
371012.4563,5812767.43,-10
371017.4563,5812767.43,-10
371022.4563,5812767.43,-15
371027.4563,5812767.43,-15
371032.4563,5812767.43,-15
371037.4563,5812767.43,-15
371042.4563,5812767.43,-15
371047.4563,5812767.43,-15
371052.4563,5812767.43,-15
371057.4563,5812767.43,-15
371062.4563,5812767.43,-15
371067.4563,5812767.43,-15
371072.4563,5812767.43,-15
371077.4563,5812767.43,-20
371082.4563,5812767.43,-20
371087.4563,5812767.43,-20
371092.4563,5812767.43,-20
371097.4563,5812767.43,-20
371102.4563,5812767.43,-20
371107.4563,5812767.43,-20
371112.4563,5812767.43,-20
371117.4563,5812767.43,-20
371122.4563,5812767.43,-20
371127.4563,5812767.43,-25
371132.4563,5812767.43,-25
371137.4563,5812767.43,-25
371142.4563,5812767.43,-25
371147.4563,5812767.43,-25
370882.4563,5812762.43,-1
370887.4563,5812762.43,-1
370892.4563,5812762.43,-1
370897.4563,5812762.43,-1
370902.4563,5812762.43,-1
370907.4563,5812762.43,-5
370912.4563,5812762.43,-5
370917.4563,5812762.43,-5
370922.4563,5812762.43,-5
370927.4563,5812762.43,-5
370932.4563,5812762.43,-5
370937.4563,5812762.43,-5
370942.4563,5812762.43,-5
370947.4563,5812762.43,-5
370952.4563,5812762.43,-10
370957.4563,5812762.43,-10
370962.4563,5812762.43,-10
370967.4563,5812762.43,-10
370972.4563,5812762.43,-10
370977.4563,5812762.43,-10
370982.4563,5812762.43,-10
370987.4563,5812762.43,-10
370992.4563,5812762.43,-10
370997.4563,5812762.43,-10
371002.4563,5812762.43,-10
371007.4563,5812762.43,-10
371012.4563,5812762.43,-15
371017.4563,5812762.43,-15
371022.4563,5812762.43,-15
371027.4563,5812762.43,-15
371032.4563,5812762.43,-15
371037.4563,5812762.43,-15
371042.4563,5812762.43,-15
371047.4563,5812762.43,-15
371052.4563,5812762.43,-15
371057.4563,5812762.43,-15
371062.4563,5812762.43,-15
371067.4563,5812762.43,-15
371072.4563,5812762.43,-20
371077.4563,5812762.43,-20
371082.4563,5812762.43,-20
371087.4563,5812762.43,-20
371092.4563,5812762.43,-20
371097.4563,5812762.43,-20
371102.4563,5812762.43,-20
371107.4563,5812762.43,-20
371112.4563,5812762.43,-20
371117.4563,5812762.43,-25
371122.4563,5812762.43,-25
371127.4563,5812762.43,-25
371132.4563,5812762.43,-25
371137.4563,5812762.43,-25
371142.4563,5812762.43,-25
370887.4563,5812757.43,-1
370892.4563,5812757.43,-1
370897.4563,5812757.43,-1
370902.4563,5812757.43,-1
370907.4563,5812757.43,-5
370912.4563,5812757.43,-5
370917.4563,5812757.43,-5
370922.4563,5812757.43,-5
370927.4563,5812757.43,-5
370932.4563,5812757.43,-5
370937.4563,5812757.43,-5
370942.4563,5812757.43,-5
370947.4563,5812757.43,-5
370952.4563,5812757.43,-10
370957.4563,5812757.43,-10
370962.4563,5812757.43,-10
370967.4563,5812757.43,-10
370972.4563,5812757.43,-10
370977.4563,5812757.43,-10
370982.4563,5812757.43,-10
370987.4563,5812757.43,-10
370992.4563,5812757.43,-10
370997.4563,5812757.43,-10
371002.4563,5812757.43,-15
371007.4563,5812757.43,-15
371012.4563,5812757.43,-15
371017.4563,5812757.43,-15
371022.4563,5812757.43,-15
371027.4563,5812757.43,-15
371032.4563,5812757.43,-15
371037.4563,5812757.43,-15
371042.4563,5812757.43,-15
371047.4563,5812757.43,-15
371052.4563,5812757.43,-15
371057.4563,5812757.43,-20
371062.4563,5812757.43,-20
371067.4563,5812757.43,-20
371072.4563,5812757.43,-20
371077.4563,5812757.43,-20
371082.4563,5812757.43,-20
371087.4563,5812757.43,-20
371092.4563,5812757.43,-20
371097.4563,5812757.43,-20
371102.4563,5812757.43,-20
371107.4563,5812757.43,-20
371112.4563,5812757.43,-20
371117.4563,5812757.43,-25
371122.4563,5812757.43,-25
371127.4563,5812757.43,-25
371132.4563,5812757.43,-25
371137.4563,5812757.43,-25
371142.4563,5812757.43,-25
370887.4563,5812752.43,-1
370892.4563,5812752.43,-1
370897.4563,5812752.43,-1
370902.4563,5812752.43,-1
370907.4563,5812752.43,-5
370912.4563,5812752.43,-5
370917.4563,5812752.43,-5
370922.4563,5812752.43,-5
370927.4563,5812752.43,-5
370932.4563,5812752.43,-5
370937.4563,5812752.43,-5
370942.4563,5812752.43,-5
370947.4563,5812752.43,-5
370952.4563,5812752.43,-10
370957.4563,5812752.43,-10
370962.4563,5812752.43,-10
370967.4563,5812752.43,-10
370972.4563,5812752.43,-10
370977.4563,5812752.43,-10
370982.4563,5812752.43,-10
370987.4563,5812752.43,-10
370992.4563,5812752.43,-10
370997.4563,5812752.43,-15
371002.4563,5812752.43,-15
371007.4563,5812752.43,-15
371012.4563,5812752.43,-15
371017.4563,5812752.43,-15
371022.4563,5812752.43,-15
371027.4563,5812752.43,-15
371032.4563,5812752.43,-15
371037.4563,5812752.43,-15
371042.4563,5812752.43,-15
371047.4563,5812752.43,-15
371052.4563,5812752.43,-20
371057.4563,5812752.43,-20
371062.4563,5812752.43,-20
371067.4563,5812752.43,-20
371072.4563,5812752.43,-20
371077.4563,5812752.43,-20
371082.4563,5812752.43,-20
371087.4563,5812752.43,-20
371092.4563,5812752.43,-20
371097.4563,5812752.43,-20
371102.4563,5812752.43,-20
371107.4563,5812752.43,-20
371112.4563,5812752.43,-25
371117.4563,5812752.43,-25
371122.4563,5812752.43,-25
371127.4563,5812752.43,-25
371132.4563,5812752.43,-25
371137.4563,5812752.43,-25
371142.4563,5812752.43,-25
370887.4563,5812747.43,-1
370892.4563,5812747.43,-1
370897.4563,5812747.43,-1
370902.4563,5812747.43,-1
370907.4563,5812747.43,-5
370912.4563,5812747.43,-5
370917.4563,5812747.43,-5
370922.4563,5812747.43,-5
370927.4563,5812747.43,-5
370932.4563,5812747.43,-5
370937.4563,5812747.43,-5
370942.4563,5812747.43,-5
370947.4563,5812747.43,-10
370952.4563,5812747.43,-10
370957.4563,5812747.43,-10
370962.4563,5812747.43,-10
370967.4563,5812747.43,-10
370972.4563,5812747.43,-10
370977.4563,5812747.43,-10
370982.4563,5812747.43,-10
370987.4563,5812747.43,-10
370992.4563,5812747.43,-10
370997.4563,5812747.43,-15
371002.4563,5812747.43,-15
371007.4563,5812747.43,-15
371012.4563,5812747.43,-15
371017.4563,5812747.43,-15
371022.4563,5812747.43,-15
371027.4563,5812747.43,-15
371032.4563,5812747.43,-15
371037.4563,5812747.43,-15
371042.4563,5812747.43,-15
371047.4563,5812747.43,-20
371052.4563,5812747.43,-20
371057.4563,5812747.43,-20
371062.4563,5812747.43,-20
371067.4563,5812747.43,-20
371072.4563,5812747.43,-20
371077.4563,5812747.43,-20
371082.4563,5812747.43,-20
371087.4563,5812747.43,-20
371092.4563,5812747.43,-20
371097.4563,5812747.43,-20
371102.4563,5812747.43,-20
371107.4563,5812747.43,-25
371112.4563,5812747.43,-25
371117.4563,5812747.43,-25
371122.4563,5812747.43,-25
371127.4563,5812747.43,-25
371132.4563,5812747.43,-25
371137.4563,5812747.43,-25
370887.4563,5812742.43,-1
370892.4563,5812742.43,-1
370897.4563,5812742.43,-1
370902.4563,5812742.43,-1
370907.4563,5812742.43,-5
370912.4563,5812742.43,-5
370917.4563,5812742.43,-5
370922.4563,5812742.43,-5
370927.4563,5812742.43,-5
370932.4563,5812742.43,-5
370937.4563,5812742.43,-5
370942.4563,5812742.43,-5
370947.4563,5812742.43,-10
370952.4563,5812742.43,-10
370957.4563,5812742.43,-10
370962.4563,5812742.43,-10
370967.4563,5812742.43,-10
370972.4563,5812742.43,-10
370977.4563,5812742.43,-10
370982.4563,5812742.43,-10
370987.4563,5812742.43,-10
370992.4563,5812742.43,-15
370997.4563,5812742.43,-15
371002.4563,5812742.43,-15
371007.4563,5812742.43,-15
371012.4563,5812742.43,-15
371017.4563,5812742.43,-15
371022.4563,5812742.43,-15
371027.4563,5812742.43,-15
371032.4563,5812742.43,-15
371037.4563,5812742.43,-15
371042.4563,5812742.43,-15
371047.4563,5812742.43,-20
371052.4563,5812742.43,-20
371057.4563,5812742.43,-20
371062.4563,5812742.43,-20
371067.4563,5812742.43,-20
371072.4563,5812742.43,-20
371077.4563,5812742.43,-20
371082.4563,5812742.43,-20
371087.4563,5812742.43,-20
371092.4563,5812742.43,-20
371097.4563,5812742.43,-20
371102.4563,5812742.43,-20
371107.4563,5812742.43,-25
371112.4563,5812742.43,-25
371117.4563,5812742.43,-25
371122.4563,5812742.43,-25
371127.4563,5812742.43,-25
371132.4563,5812742.43,-25
371137.4563,5812742.43,-25
370887.4563,5812737.43,-1
370892.4563,5812737.43,-1
370897.4563,5812737.43,-1
370902.4563,5812737.43,-1
370907.4563,5812737.43,-5
370912.4563,5812737.43,-5
370917.4563,5812737.43,-5
370922.4563,5812737.43,-5
370927.4563,5812737.43,-5
370932.4563,5812737.43,-5
370937.4563,5812737.43,-5
370942.4563,5812737.43,-5
370947.4563,5812737.43,-10
370952.4563,5812737.43,-10
370957.4563,5812737.43,-10
370962.4563,5812737.43,-10
370967.4563,5812737.43,-10
370972.4563,5812737.43,-10
370977.4563,5812737.43,-10
370982.4563,5812737.43,-10
370987.4563,5812737.43,-10
370992.4563,5812737.43,-15
370997.4563,5812737.43,-15
371002.4563,5812737.43,-15
371007.4563,5812737.43,-15
371012.4563,5812737.43,-15
371017.4563,5812737.43,-15
371022.4563,5812737.43,-15
371027.4563,5812737.43,-15
371032.4563,5812737.43,-15
371037.4563,5812737.43,-15
371042.4563,5812737.43,-20
371047.4563,5812737.43,-20
371052.4563,5812737.43,-20
371057.4563,5812737.43,-20
371062.4563,5812737.43,-20
371067.4563,5812737.43,-20
371072.4563,5812737.43,-20
371077.4563,5812737.43,-20
371082.4563,5812737.43,-20
371087.4563,5812737.43,-20
371092.4563,5812737.43,-20
371097.4563,5812737.43,-20
371102.4563,5812737.43,-25
371107.4563,5812737.43,-25
371112.4563,5812737.43,-25
371117.4563,5812737.43,-25
371122.4563,5812737.43,-25
371127.4563,5812737.43,-25
371132.4563,5812737.43,-25
371137.4563,5812737.43,-25
370887.4563,5812732.43,-1
370892.4563,5812732.43,-1
370897.4563,5812732.43,-1
370902.4563,5812732.43,-1
370907.4563,5812732.43,-1
370912.4563,5812732.43,-5
370917.4563,5812732.43,-5
370922.4563,5812732.43,-5
370927.4563,5812732.43,-5
370932.4563,5812732.43,-5
370937.4563,5812732.43,-5
370942.4563,5812732.43,-5
370947.4563,5812732.43,-10
370952.4563,5812732.43,-10
370957.4563,5812732.43,-10
370962.4563,5812732.43,-10
370967.4563,5812732.43,-10
370972.4563,5812732.43,-10
370977.4563,5812732.43,-10
370982.4563,5812732.43,-10
370987.4563,5812732.43,-10
370992.4563,5812732.43,-15
370997.4563,5812732.43,-15
371002.4563,5812732.43,-15
371007.4563,5812732.43,-15
371012.4563,5812732.43,-15
371017.4563,5812732.43,-15
371022.4563,5812732.43,-15
371027.4563,5812732.43,-15
371032.4563,5812732.43,-15
371037.4563,5812732.43,-20
371042.4563,5812732.43,-20
371047.4563,5812732.43,-20
371052.4563,5812732.43,-20
371057.4563,5812732.43,-20
371062.4563,5812732.43,-20
371067.4563,5812732.43,-20
371072.4563,5812732.43,-20
371077.4563,5812732.43,-20
371082.4563,5812732.43,-20
371087.4563,5812732.43,-20
371092.4563,5812732.43,-25
371097.4563,5812732.43,-25
371102.4563,5812732.43,-25
371107.4563,5812732.43,-25
371112.4563,5812732.43,-25
371117.4563,5812732.43,-25
371122.4563,5812732.43,-25
371127.4563,5812732.43,-25
371132.4563,5812732.43,-25
370887.4563,5812727.43,-1
370892.4563,5812727.43,-1
370897.4563,5812727.43,-1
370902.4563,5812727.43,-1
370907.4563,5812727.43,-1
370912.4563,5812727.43,-5
370917.4563,5812727.43,-5
370922.4563,5812727.43,-5
370927.4563,5812727.43,-5
370932.4563,5812727.43,-5
370937.4563,5812727.43,-5
370942.4563,5812727.43,-5
370947.4563,5812727.43,-10
370952.4563,5812727.43,-10
370957.4563,5812727.43,-10
370962.4563,5812727.43,-10
370967.4563,5812727.43,-10
370972.4563,5812727.43,-10
370977.4563,5812727.43,-10
370982.4563,5812727.43,-10
370987.4563,5812727.43,-10
370992.4563,5812727.43,-15
370997.4563,5812727.43,-15
371002.4563,5812727.43,-15
371007.4563,5812727.43,-15
371012.4563,5812727.43,-15
371017.4563,5812727.43,-15
371022.4563,5812727.43,-15
371027.4563,5812727.43,-15
371032.4563,5812727.43,-15
371037.4563,5812727.43,-20
371042.4563,5812727.43,-20
371047.4563,5812727.43,-20
371052.4563,5812727.43,-20
371057.4563,5812727.43,-20
371062.4563,5812727.43,-20
371067.4563,5812727.43,-20
371072.4563,5812727.43,-20
371077.4563,5812727.43,-20
371082.4563,5812727.43,-20
371087.4563,5812727.43,-25
371092.4563,5812727.43,-25
371097.4563,5812727.43,-25
371102.4563,5812727.43,-25
371107.4563,5812727.43,-25
371112.4563,5812727.43,-25
371117.4563,5812727.43,-25
371122.4563,5812727.43,-25
371127.4563,5812727.43,-25
371132.4563,5812727.43,-25
370887.4563,5812722.43,-1
370892.4563,5812722.43,-1
370897.4563,5812722.43,-1
370902.4563,5812722.43,-1
370907.4563,5812722.43,-1
370912.4563,5812722.43,-5
370917.4563,5812722.43,-5
370922.4563,5812722.43,-5
370927.4563,5812722.43,-5
370932.4563,5812722.43,-5
370937.4563,5812722.43,-5
370942.4563,5812722.43,-5
370947.4563,5812722.43,-10
370952.4563,5812722.43,-10
370957.4563,5812722.43,-10
370962.4563,5812722.43,-10
370967.4563,5812722.43,-10
370972.4563,5812722.43,-10
370977.4563,5812722.43,-10
370982.4563,5812722.43,-10
370987.4563,5812722.43,-15
370992.4563,5812722.43,-15
370997.4563,5812722.43,-15
371002.4563,5812722.43,-15
371007.4563,5812722.43,-15
371012.4563,5812722.43,-15
371017.4563,5812722.43,-15
371022.4563,5812722.43,-15
371027.4563,5812722.43,-15
371032.4563,5812722.43,-20
371037.4563,5812722.43,-20
371042.4563,5812722.43,-20
371047.4563,5812722.43,-20
371052.4563,5812722.43,-20
371057.4563,5812722.43,-20
371062.4563,5812722.43,-20
371067.4563,5812722.43,-20
371072.4563,5812722.43,-20
371077.4563,5812722.43,-20
371082.4563,5812722.43,-25
371087.4563,5812722.43,-25
371092.4563,5812722.43,-25
371097.4563,5812722.43,-25
371102.4563,5812722.43,-25
371107.4563,5812722.43,-25
371112.4563,5812722.43,-25
371117.4563,5812722.43,-25
371122.4563,5812722.43,-25
371127.4563,5812722.43,-25
371132.4563,5812722.43,-25
370887.4563,5812717.43,-1
370892.4563,5812717.43,-1
370897.4563,5812717.43,-1
370902.4563,5812717.43,-1
370907.4563,5812717.43,-1
370912.4563,5812717.43,-5
370917.4563,5812717.43,-5
370922.4563,5812717.43,-5
370927.4563,5812717.43,-5
370932.4563,5812717.43,-5
370937.4563,5812717.43,-5
370942.4563,5812717.43,-5
370947.4563,5812717.43,-10
370952.4563,5812717.43,-10
370957.4563,5812717.43,-10
370962.4563,5812717.43,-10
370967.4563,5812717.43,-10
370972.4563,5812717.43,-10
370977.4563,5812717.43,-10
370982.4563,5812717.43,-10
370987.4563,5812717.43,-15
370992.4563,5812717.43,-15
370997.4563,5812717.43,-15
371002.4563,5812717.43,-15
371007.4563,5812717.43,-15
371012.4563,5812717.43,-15
371017.4563,5812717.43,-15
371022.4563,5812717.43,-15
371027.4563,5812717.43,-15
371032.4563,5812717.43,-20
371037.4563,5812717.43,-20
371042.4563,5812717.43,-20
371047.4563,5812717.43,-20
371052.4563,5812717.43,-20
371057.4563,5812717.43,-20
371062.4563,5812717.43,-20
371067.4563,5812717.43,-20
371072.4563,5812717.43,-20
371077.4563,5812717.43,-25
371082.4563,5812717.43,-25
371087.4563,5812717.43,-25
371092.4563,5812717.43,-25
371097.4563,5812717.43,-25
371102.4563,5812717.43,-25
371107.4563,5812717.43,-25
371112.4563,5812717.43,-25
371117.4563,5812717.43,-25
371122.4563,5812717.43,-25
371127.4563,5812717.43,-25
371132.4563,5812717.43,-25
370887.4563,5812712.43,-1
370892.4563,5812712.43,-1
370897.4563,5812712.43,-1
370902.4563,5812712.43,-1
370907.4563,5812712.43,-1
370912.4563,5812712.43,-5
370917.4563,5812712.43,-5
370922.4563,5812712.43,-5
370927.4563,5812712.43,-5
370932.4563,5812712.43,-5
370937.4563,5812712.43,-5
370942.4563,5812712.43,-5
370947.4563,5812712.43,-10
370952.4563,5812712.43,-10
370957.4563,5812712.43,-10
370962.4563,5812712.43,-10
370967.4563,5812712.43,-10
370972.4563,5812712.43,-10
370977.4563,5812712.43,-10
370982.4563,5812712.43,-10
370987.4563,5812712.43,-15
370992.4563,5812712.43,-15
370997.4563,5812712.43,-15
371002.4563,5812712.43,-15
371007.4563,5812712.43,-15
371012.4563,5812712.43,-15
371017.4563,5812712.43,-15
371022.4563,5812712.43,-15
371027.4563,5812712.43,-15
371032.4563,5812712.43,-20
371037.4563,5812712.43,-20
371042.4563,5812712.43,-20
371047.4563,5812712.43,-20
371052.4563,5812712.43,-20
371057.4563,5812712.43,-20
371062.4563,5812712.43,-20
371067.4563,5812712.43,-20
371072.4563,5812712.43,-20
371077.4563,5812712.43,-25
371082.4563,5812712.43,-25
371087.4563,5812712.43,-25
371092.4563,5812712.43,-25
371097.4563,5812712.43,-25
371102.4563,5812712.43,-25
371107.4563,5812712.43,-25
371112.4563,5812712.43,-25
371117.4563,5812712.43,-25
371122.4563,5812712.43,-25
371127.4563,5812712.43,-25
370887.4563,5812707.43,-1
370892.4563,5812707.43,-1
370897.4563,5812707.43,-1
370902.4563,5812707.43,-1
370907.4563,5812707.43,-1
370912.4563,5812707.43,-5
370917.4563,5812707.43,-5
370922.4563,5812707.43,-5
370927.4563,5812707.43,-5
370932.4563,5812707.43,-5
370937.4563,5812707.43,-5
370942.4563,5812707.43,-5
370947.4563,5812707.43,-10
370952.4563,5812707.43,-10
370957.4563,5812707.43,-10
370962.4563,5812707.43,-10
370967.4563,5812707.43,-10
370972.4563,5812707.43,-10
370977.4563,5812707.43,-10
370982.4563,5812707.43,-10
370987.4563,5812707.43,-15
370992.4563,5812707.43,-15
370997.4563,5812707.43,-15
371002.4563,5812707.43,-15
371007.4563,5812707.43,-15
371012.4563,5812707.43,-15
371017.4563,5812707.43,-15
371022.4563,5812707.43,-15
371027.4563,5812707.43,-15
371032.4563,5812707.43,-20
371037.4563,5812707.43,-20
371042.4563,5812707.43,-20
371047.4563,5812707.43,-20
371052.4563,5812707.43,-20
371057.4563,5812707.43,-20
371062.4563,5812707.43,-20
371067.4563,5812707.43,-20
371072.4563,5812707.43,-20
371077.4563,5812707.43,-25
371082.4563,5812707.43,-25
371087.4563,5812707.43,-25
371092.4563,5812707.43,-25
371097.4563,5812707.43,-25
371102.4563,5812707.43,-25
371107.4563,5812707.43,-25
371112.4563,5812707.43,-25
371117.4563,5812707.43,-25
371122.4563,5812707.43,-25
371127.4563,5812707.43,-25
370887.4563,5812702.43,-1
370892.4563,5812702.43,-1
370897.4563,5812702.43,-1
370902.4563,5812702.43,-1
370907.4563,5812702.43,-1
370912.4563,5812702.43,-5
370917.4563,5812702.43,-5
370922.4563,5812702.43,-5
370927.4563,5812702.43,-5
370932.4563,5812702.43,-5
370937.4563,5812702.43,-5
370942.4563,5812702.43,-5
370947.4563,5812702.43,-10
370952.4563,5812702.43,-10
370957.4563,5812702.43,-10
370962.4563,5812702.43,-10
370967.4563,5812702.43,-10
370972.4563,5812702.43,-10
370977.4563,5812702.43,-10
370982.4563,5812702.43,-10
370987.4563,5812702.43,-15
370992.4563,5812702.43,-15
370997.4563,5812702.43,-15
371002.4563,5812702.43,-15
371007.4563,5812702.43,-15
371012.4563,5812702.43,-15
371017.4563,5812702.43,-15
371022.4563,5812702.43,-15
371027.4563,5812702.43,-15
371032.4563,5812702.43,-20
371037.4563,5812702.43,-20
371042.4563,5812702.43,-20
371047.4563,5812702.43,-20
371052.4563,5812702.43,-20
371057.4563,5812702.43,-20
371062.4563,5812702.43,-20
371067.4563,5812702.43,-20
371072.4563,5812702.43,-25
371077.4563,5812702.43,-25
371082.4563,5812702.43,-25
371087.4563,5812702.43,-25
371092.4563,5812702.43,-25
371097.4563,5812702.43,-25
371102.4563,5812702.43,-25
371107.4563,5812702.43,-25
371112.4563,5812702.43,-25
371117.4563,5812702.43,-25
371122.4563,5812702.43,-25
371127.4563,5812702.43,-25
370887.4563,5812697.43,-1
370892.4563,5812697.43,-1
370897.4563,5812697.43,-1
370902.4563,5812697.43,-1
370907.4563,5812697.43,-1
370912.4563,5812697.43,-5
370917.4563,5812697.43,-5
370922.4563,5812697.43,-5
370927.4563,5812697.43,-5
370932.4563,5812697.43,-5
370937.4563,5812697.43,-5
370942.4563,5812697.43,-5
370947.4563,5812697.43,-10
370952.4563,5812697.43,-10
370957.4563,5812697.43,-10
370962.4563,5812697.43,-10
370967.4563,5812697.43,-10
370972.4563,5812697.43,-10
370977.4563,5812697.43,-10
370982.4563,5812697.43,-10
370987.4563,5812697.43,-15
370992.4563,5812697.43,-15
370997.4563,5812697.43,-15
371002.4563,5812697.43,-15
371007.4563,5812697.43,-15
371012.4563,5812697.43,-15
371017.4563,5812697.43,-15
371022.4563,5812697.43,-15
371027.4563,5812697.43,-15
371032.4563,5812697.43,-20
371037.4563,5812697.43,-20
371042.4563,5812697.43,-20
371047.4563,5812697.43,-20
371052.4563,5812697.43,-20
371057.4563,5812697.43,-20
371062.4563,5812697.43,-20
371067.4563,5812697.43,-20
371072.4563,5812697.43,-25
371077.4563,5812697.43,-25
371082.4563,5812697.43,-25
371087.4563,5812697.43,-25
371092.4563,5812697.43,-25
371097.4563,5812697.43,-25
371102.4563,5812697.43,-25
371107.4563,5812697.43,-25
371112.4563,5812697.43,-25
371117.4563,5812697.43,-25
371122.4563,5812697.43,-25
370887.4563,5812692.43,-1
370892.4563,5812692.43,-1
370897.4563,5812692.43,-1
370902.4563,5812692.43,-1
370907.4563,5812692.43,-1
370912.4563,5812692.43,-5
370917.4563,5812692.43,-5
370922.4563,5812692.43,-5
370927.4563,5812692.43,-5
370932.4563,5812692.43,-5
370937.4563,5812692.43,-5
370942.4563,5812692.43,-5
370947.4563,5812692.43,-10
370952.4563,5812692.43,-10
370957.4563,5812692.43,-10
370962.4563,5812692.43,-10
370967.4563,5812692.43,-10
370972.4563,5812692.43,-10
370977.4563,5812692.43,-10
370982.4563,5812692.43,-10
370987.4563,5812692.43,-15
370992.4563,5812692.43,-15
370997.4563,5812692.43,-15
371002.4563,5812692.43,-15
371007.4563,5812692.43,-15
371012.4563,5812692.43,-15
371017.4563,5812692.43,-15
371022.4563,5812692.43,-15
371027.4563,5812692.43,-15
371032.4563,5812692.43,-20
371037.4563,5812692.43,-20
371042.4563,5812692.43,-20
371047.4563,5812692.43,-20
371052.4563,5812692.43,-20
371057.4563,5812692.43,-20
371062.4563,5812692.43,-20
371067.4563,5812692.43,-20
371072.4563,5812692.43,-25
371077.4563,5812692.43,-25
371082.4563,5812692.43,-25
371087.4563,5812692.43,-25
371092.4563,5812692.43,-25
371097.4563,5812692.43,-25
371102.4563,5812692.43,-25
371107.4563,5812692.43,-25
371112.4563,5812692.43,-25
371117.4563,5812692.43,-25
371122.4563,5812692.43,-25
370887.4563,5812687.43,-1
370892.4563,5812687.43,-1
370897.4563,5812687.43,-1
370902.4563,5812687.43,-1
370907.4563,5812687.43,-1
370912.4563,5812687.43,-5
370917.4563,5812687.43,-5
370922.4563,5812687.43,-5
370927.4563,5812687.43,-5
370932.4563,5812687.43,-5
370937.4563,5812687.43,-5
370942.4563,5812687.43,-5
370947.4563,5812687.43,-10
370952.4563,5812687.43,-10
370957.4563,5812687.43,-10
370962.4563,5812687.43,-10
370967.4563,5812687.43,-10
370972.4563,5812687.43,-10
370977.4563,5812687.43,-10
370982.4563,5812687.43,-15
370987.4563,5812687.43,-15
370992.4563,5812687.43,-15
370997.4563,5812687.43,-15
371002.4563,5812687.43,-15
371007.4563,5812687.43,-15
371012.4563,5812687.43,-15
371017.4563,5812687.43,-15
371022.4563,5812687.43,-15
371027.4563,5812687.43,-20
371032.4563,5812687.43,-20
371037.4563,5812687.43,-20
371042.4563,5812687.43,-20
371047.4563,5812687.43,-20
371052.4563,5812687.43,-20
371057.4563,5812687.43,-20
371062.4563,5812687.43,-20
371067.4563,5812687.43,-20
371072.4563,5812687.43,-25
371077.4563,5812687.43,-25
371082.4563,5812687.43,-25
371087.4563,5812687.43,-25
371092.4563,5812687.43,-25
371097.4563,5812687.43,-25
371102.4563,5812687.43,-25
371107.4563,5812687.43,-25
371112.4563,5812687.43,-25
371117.4563,5812687.43,-25
371122.4563,5812687.43,-25
370887.4563,5812682.43,-1
370892.4563,5812682.43,-1
370897.4563,5812682.43,-1
370902.4563,5812682.43,-1
370907.4563,5812682.43,-5
370912.4563,5812682.43,-5
370917.4563,5812682.43,-5
370922.4563,5812682.43,-5
370927.4563,5812682.43,-5
370932.4563,5812682.43,-5
370937.4563,5812682.43,-5
370942.4563,5812682.43,-5
370947.4563,5812682.43,-10
370952.4563,5812682.43,-10
370957.4563,5812682.43,-10
370962.4563,5812682.43,-10
370967.4563,5812682.43,-10
370972.4563,5812682.43,-10
370977.4563,5812682.43,-10
370982.4563,5812682.43,-10
370987.4563,5812682.43,-15
370992.4563,5812682.43,-15
370997.4563,5812682.43,-15
371002.4563,5812682.43,-15
371007.4563,5812682.43,-15
371012.4563,5812682.43,-15
371017.4563,5812682.43,-15
371022.4563,5812682.43,-15
371027.4563,5812682.43,-20
371032.4563,5812682.43,-20
371037.4563,5812682.43,-20
371042.4563,5812682.43,-20
371047.4563,5812682.43,-20
371052.4563,5812682.43,-20
371057.4563,5812682.43,-20
371062.4563,5812682.43,-20
371067.4563,5812682.43,-25
371072.4563,5812682.43,-25
371077.4563,5812682.43,-25
371082.4563,5812682.43,-25
371087.4563,5812682.43,-25
371092.4563,5812682.43,-25
371097.4563,5812682.43,-25
371102.4563,5812682.43,-25
371107.4563,5812682.43,-25
371112.4563,5812682.43,-25
371117.4563,5812682.43,-25
370887.4563,5812677.43,-1
370892.4563,5812677.43,-1
370897.4563,5812677.43,-1
370902.4563,5812677.43,-1
370907.4563,5812677.43,-5
370912.4563,5812677.43,-5
370917.4563,5812677.43,-5
370922.4563,5812677.43,-5
370927.4563,5812677.43,-5
370932.4563,5812677.43,-5
370937.4563,5812677.43,-5
370942.4563,5812677.43,-5
370947.4563,5812677.43,-10
370952.4563,5812677.43,-10
370957.4563,5812677.43,-10
370962.4563,5812677.43,-10
370967.4563,5812677.43,-10
370972.4563,5812677.43,-10
370977.4563,5812677.43,-10
370982.4563,5812677.43,-10
370987.4563,5812677.43,-10
370992.4563,5812677.43,-15
370997.4563,5812677.43,-15
371002.4563,5812677.43,-15
371007.4563,5812677.43,-15
371012.4563,5812677.43,-15
371017.4563,5812677.43,-15
371022.4563,5812677.43,-15
371027.4563,5812677.43,-20
371032.4563,5812677.43,-20
371037.4563,5812677.43,-20
371042.4563,5812677.43,-20
371047.4563,5812677.43,-20
371052.4563,5812677.43,-20
371057.4563,5812677.43,-20
371062.4563,5812677.43,-20
371067.4563,5812677.43,-25
371072.4563,5812677.43,-25
371077.4563,5812677.43,-25
371082.4563,5812677.43,-25
371087.4563,5812677.43,-25
371092.4563,5812677.43,-25
371097.4563,5812677.43,-25
371102.4563,5812677.43,-25
371107.4563,5812677.43,-25
371112.4563,5812677.43,-25
371117.4563,5812677.43,-25
370887.4563,5812672.43,-1
370892.4563,5812672.43,-1
370897.4563,5812672.43,-1
370902.4563,5812672.43,-1
370907.4563,5812672.43,-5
370912.4563,5812672.43,-5
370917.4563,5812672.43,-5
370922.4563,5812672.43,-5
370927.4563,5812672.43,-5
370932.4563,5812672.43,-5
370937.4563,5812672.43,-5
370942.4563,5812672.43,-5
370947.4563,5812672.43,-10
370952.4563,5812672.43,-10
370957.4563,5812672.43,-10
370962.4563,5812672.43,-10
370967.4563,5812672.43,-10
370972.4563,5812672.43,-10
370977.4563,5812672.43,-10
370982.4563,5812672.43,-10
370987.4563,5812672.43,-10
370992.4563,5812672.43,-15
370997.4563,5812672.43,-15
371002.4563,5812672.43,-15
371007.4563,5812672.43,-15
371012.4563,5812672.43,-15
371017.4563,5812672.43,-15
371022.4563,5812672.43,-20
371027.4563,5812672.43,-20
371032.4563,5812672.43,-20
371037.4563,5812672.43,-20
371042.4563,5812672.43,-20
371047.4563,5812672.43,-20
371052.4563,5812672.43,-20
371057.4563,5812672.43,-20
371062.4563,5812672.43,-25
371067.4563,5812672.43,-25
371072.4563,5812672.43,-25
371077.4563,5812672.43,-25
371082.4563,5812672.43,-25
371087.4563,5812672.43,-25
371092.4563,5812672.43,-25
371097.4563,5812672.43,-25
371102.4563,5812672.43,-25
371107.4563,5812672.43,-25
371112.4563,5812672.43,-25
371117.4563,5812672.43,-25
370887.4563,5812667.43,-1
370892.4563,5812667.43,-1
370897.4563,5812667.43,-1
370902.4563,5812667.43,-1
370907.4563,5812667.43,-5
370912.4563,5812667.43,-5
370917.4563,5812667.43,-5
370922.4563,5812667.43,-5
370927.4563,5812667.43,-5
370932.4563,5812667.43,-5
370937.4563,5812667.43,-5
370942.4563,5812667.43,-10
370947.4563,5812667.43,-10
370952.4563,5812667.43,-10
370957.4563,5812667.43,-10
370962.4563,5812667.43,-10
370967.4563,5812667.43,-10
370972.4563,5812667.43,-10
370977.4563,5812667.43,-10
370982.4563,5812667.43,-10
370987.4563,5812667.43,-15
370992.4563,5812667.43,-15
370997.4563,5812667.43,-15
371002.4563,5812667.43,-15
371007.4563,5812667.43,-15
371012.4563,5812667.43,-15
371017.4563,5812667.43,-15
371022.4563,5812667.43,-20
371027.4563,5812667.43,-20
371032.4563,5812667.43,-20
371037.4563,5812667.43,-20
371042.4563,5812667.43,-20
371047.4563,5812667.43,-20
371052.4563,5812667.43,-20
371057.4563,5812667.43,-25
371062.4563,5812667.43,-25
371067.4563,5812667.43,-25
371072.4563,5812667.43,-25
371077.4563,5812667.43,-25
371082.4563,5812667.43,-25
371087.4563,5812667.43,-25
371092.4563,5812667.43,-25
371097.4563,5812667.43,-25
371102.4563,5812667.43,-25
371107.4563,5812667.43,-25
371112.4563,5812667.43,-25
371117.4563,5812667.43,-25
370887.4563,5812662.43,-1
370892.4563,5812662.43,-1
370897.4563,5812662.43,-1
370902.4563,5812662.43,-1
370907.4563,5812662.43,-5
370912.4563,5812662.43,-5
370917.4563,5812662.43,-5
370922.4563,5812662.43,-5
370927.4563,5812662.43,-5
370932.4563,5812662.43,-5
370937.4563,5812662.43,-10
370942.4563,5812662.43,-10
370947.4563,5812662.43,-10
370952.4563,5812662.43,-10
370957.4563,5812662.43,-10
370962.4563,5812662.43,-10
370967.4563,5812662.43,-10
370972.4563,5812662.43,-10
370977.4563,5812662.43,-10
370982.4563,5812662.43,-10
370987.4563,5812662.43,-15
370992.4563,5812662.43,-15
370997.4563,5812662.43,-15
371002.4563,5812662.43,-15
371007.4563,5812662.43,-15
371012.4563,5812662.43,-15
371017.4563,5812662.43,-20
371022.4563,5812662.43,-20
371027.4563,5812662.43,-20
371032.4563,5812662.43,-20
371037.4563,5812662.43,-20
371042.4563,5812662.43,-20
371047.4563,5812662.43,-20
371052.4563,5812662.43,-25
371057.4563,5812662.43,-25
371062.4563,5812662.43,-25
371067.4563,5812662.43,-25
371072.4563,5812662.43,-25
371077.4563,5812662.43,-25
371082.4563,5812662.43,-25
371087.4563,5812662.43,-25
371092.4563,5812662.43,-25
371097.4563,5812662.43,-25
371102.4563,5812662.43,-25
371107.4563,5812662.43,-30
371112.4563,5812662.43,-30
370887.4563,5812657.43,-1
370892.4563,5812657.43,-1
370897.4563,5812657.43,-1
370902.4563,5812657.43,-5
370907.4563,5812657.43,-5
370912.4563,5812657.43,-5
370917.4563,5812657.43,-5
370922.4563,5812657.43,-5
370927.4563,5812657.43,-5
370932.4563,5812657.43,-5
370937.4563,5812657.43,-10
370942.4563,5812657.43,-10
370947.4563,5812657.43,-10
370952.4563,5812657.43,-10
370957.4563,5812657.43,-10
370962.4563,5812657.43,-10
370967.4563,5812657.43,-10
370972.4563,5812657.43,-10
370977.4563,5812657.43,-10
370982.4563,5812657.43,-15
370987.4563,5812657.43,-15
370992.4563,5812657.43,-15
370997.4563,5812657.43,-15
371002.4563,5812657.43,-15
371007.4563,5812657.43,-15
371012.4563,5812657.43,-20
371017.4563,5812657.43,-20
371022.4563,5812657.43,-20
371027.4563,5812657.43,-20
371032.4563,5812657.43,-20
371037.4563,5812657.43,-20
371042.4563,5812657.43,-20
371047.4563,5812657.43,-25
371052.4563,5812657.43,-25
371057.4563,5812657.43,-25
371062.4563,5812657.43,-25
371067.4563,5812657.43,-25
371072.4563,5812657.43,-25
371077.4563,5812657.43,-25
371082.4563,5812657.43,-25
371087.4563,5812657.43,-25
371092.4563,5812657.43,-25
371097.4563,5812657.43,-25
371102.4563,5812657.43,-30
371107.4563,5812657.43,-30
371112.4563,5812657.43,-30
370887.4563,5812652.43,-1
370892.4563,5812652.43,-1
370897.4563,5812652.43,-1
370902.4563,5812652.43,-5
370907.4563,5812652.43,-5
370912.4563,5812652.43,-5
370917.4563,5812652.43,-5
370922.4563,5812652.43,-5
370927.4563,5812652.43,-5
370932.4563,5812652.43,-10
370937.4563,5812652.43,-10
370942.4563,5812652.43,-10
370947.4563,5812652.43,-10
370952.4563,5812652.43,-10
370957.4563,5812652.43,-10
370962.4563,5812652.43,-10
370967.4563,5812652.43,-15
370972.4563,5812652.43,-15
370977.4563,5812652.43,-15
370982.4563,5812652.43,-15
370987.4563,5812652.43,-15
370992.4563,5812652.43,-15
370997.4563,5812652.43,-15
371002.4563,5812652.43,-15
371007.4563,5812652.43,-20
371012.4563,5812652.43,-20
371017.4563,5812652.43,-20
371022.4563,5812652.43,-20
371027.4563,5812652.43,-20
371032.4563,5812652.43,-20
371037.4563,5812652.43,-20
371042.4563,5812652.43,-25
371047.4563,5812652.43,-25
371052.4563,5812652.43,-25
371057.4563,5812652.43,-25
371062.4563,5812652.43,-25
371067.4563,5812652.43,-25
371072.4563,5812652.43,-25
371077.4563,5812652.43,-25
371082.4563,5812652.43,-25
371087.4563,5812652.43,-25
371092.4563,5812652.43,-25
371097.4563,5812652.43,-30
371102.4563,5812652.43,-30
371107.4563,5812652.43,-30
371112.4563,5812652.43,-30
370882.4563,5812647.43,-1
370887.4563,5812647.43,-1
370892.4563,5812647.43,-1
370897.4563,5812647.43,-1
370902.4563,5812647.43,-5
370907.4563,5812647.43,-5
370912.4563,5812647.43,-5
370917.4563,5812647.43,-5
370922.4563,5812647.43,-5
370927.4563,5812647.43,-5
370932.4563,5812647.43,-10
370937.4563,5812647.43,-10
370942.4563,5812647.43,-10
370947.4563,5812647.43,-10
370952.4563,5812647.43,-10
370957.4563,5812647.43,-15
370962.4563,5812647.43,-15
370967.4563,5812647.43,-15
370972.4563,5812647.43,-15
370977.4563,5812647.43,-15
370982.4563,5812647.43,-15
370987.4563,5812647.43,-15
370992.4563,5812647.43,-15
370997.4563,5812647.43,-15
371002.4563,5812647.43,-15
371007.4563,5812647.43,-20
371012.4563,5812647.43,-20
371017.4563,5812647.43,-20
371022.4563,5812647.43,-20
371027.4563,5812647.43,-20
371032.4563,5812647.43,-20
371037.4563,5812647.43,-25
371042.4563,5812647.43,-25
371047.4563,5812647.43,-25
371052.4563,5812647.43,-25
371057.4563,5812647.43,-25
371062.4563,5812647.43,-25
371067.4563,5812647.43,-25
371072.4563,5812647.43,-25
371077.4563,5812647.43,-25
371082.4563,5812647.43,-25
371087.4563,5812647.43,-30
371092.4563,5812647.43,-30
371097.4563,5812647.43,-30
371102.4563,5812647.43,-30
371107.4563,5812647.43,-30
370882.4563,5812642.43,-1
370887.4563,5812642.43,-1
370892.4563,5812642.43,-1
370897.4563,5812642.43,-1
370902.4563,5812642.43,-5
370907.4563,5812642.43,-5
370912.4563,5812642.43,-5
370917.4563,5812642.43,-5
370922.4563,5812642.43,-5
370927.4563,5812642.43,-10
370932.4563,5812642.43,-10
370937.4563,5812642.43,-10
370942.4563,5812642.43,-10
370947.4563,5812642.43,-10
370952.4563,5812642.43,-10
370957.4563,5812642.43,-15
370962.4563,5812642.43,-15
370967.4563,5812642.43,-15
370972.4563,5812642.43,-15
370977.4563,5812642.43,-15
370982.4563,5812642.43,-15
370987.4563,5812642.43,-15
370992.4563,5812642.43,-15
370997.4563,5812642.43,-20
371002.4563,5812642.43,-20
371007.4563,5812642.43,-20
371012.4563,5812642.43,-20
371017.4563,5812642.43,-20
371022.4563,5812642.43,-20
371027.4563,5812642.43,-20
371032.4563,5812642.43,-25
371037.4563,5812642.43,-25
371042.4563,5812642.43,-25
371047.4563,5812642.43,-25
371052.4563,5812642.43,-25
371057.4563,5812642.43,-25
371062.4563,5812642.43,-25
371067.4563,5812642.43,-25
371072.4563,5812642.43,-25
371077.4563,5812642.43,-25
371082.4563,5812642.43,-25
371087.4563,5812642.43,-30
371092.4563,5812642.43,-30
371097.4563,5812642.43,-30
371102.4563,5812642.43,-30
371107.4563,5812642.43,-30
370882.4563,5812637.43,-1
370887.4563,5812637.43,-1
370892.4563,5812637.43,-1
370897.4563,5812637.43,-5
370902.4563,5812637.43,-5
370907.4563,5812637.43,-5
370912.4563,5812637.43,-5
370917.4563,5812637.43,-5
370922.4563,5812637.43,-5
370927.4563,5812637.43,-10
370932.4563,5812637.43,-10
370937.4563,5812637.43,-10
370942.4563,5812637.43,-10
370947.4563,5812637.43,-10
370952.4563,5812637.43,-15
370957.4563,5812637.43,-15
370962.4563,5812637.43,-15
370967.4563,5812637.43,-15
370972.4563,5812637.43,-15
370977.4563,5812637.43,-15
370982.4563,5812637.43,-15
370987.4563,5812637.43,-15
370992.4563,5812637.43,-20
370997.4563,5812637.43,-20
371002.4563,5812637.43,-20
371007.4563,5812637.43,-20
371012.4563,5812637.43,-20
371017.4563,5812637.43,-20
371022.4563,5812637.43,-20
371027.4563,5812637.43,-25
371032.4563,5812637.43,-25
371037.4563,5812637.43,-25
371042.4563,5812637.43,-25
371047.4563,5812637.43,-25
371052.4563,5812637.43,-25
371057.4563,5812637.43,-25
371062.4563,5812637.43,-25
371067.4563,5812637.43,-25
371072.4563,5812637.43,-25
371077.4563,5812637.43,-30
371082.4563,5812637.43,-30
371087.4563,5812637.43,-30
371092.4563,5812637.43,-30
371097.4563,5812637.43,-30
371102.4563,5812637.43,-30
371107.4563,5812637.43,-30
370882.4563,5812632.43,-1
370887.4563,5812632.43,-1
370892.4563,5812632.43,-1
370897.4563,5812632.43,-5
370902.4563,5812632.43,-5
370907.4563,5812632.43,-5
370912.4563,5812632.43,-5
370917.4563,5812632.43,-5
370922.4563,5812632.43,-5
370927.4563,5812632.43,-10
370932.4563,5812632.43,-10
370937.4563,5812632.43,-10
370942.4563,5812632.43,-10
370947.4563,5812632.43,-10
370952.4563,5812632.43,-15
370957.4563,5812632.43,-15
370962.4563,5812632.43,-15
370967.4563,5812632.43,-15
370972.4563,5812632.43,-15
370977.4563,5812632.43,-15
370982.4563,5812632.43,-15
370987.4563,5812632.43,-20
370992.4563,5812632.43,-20
370997.4563,5812632.43,-20
371002.4563,5812632.43,-20
371007.4563,5812632.43,-20
371012.4563,5812632.43,-20
371017.4563,5812632.43,-20
371022.4563,5812632.43,-25
371027.4563,5812632.43,-25
371032.4563,5812632.43,-25
371037.4563,5812632.43,-25
371042.4563,5812632.43,-25
371047.4563,5812632.43,-25
371052.4563,5812632.43,-25
371057.4563,5812632.43,-25
371062.4563,5812632.43,-25
371067.4563,5812632.43,-30
371072.4563,5812632.43,-30
371077.4563,5812632.43,-30
371082.4563,5812632.43,-30
371087.4563,5812632.43,-30
371092.4563,5812632.43,-30
371097.4563,5812632.43,-30
371102.4563,5812632.43,-30
370882.4563,5812627.43,-1
370887.4563,5812627.43,-1
370892.4563,5812627.43,-1
370897.4563,5812627.43,-5
370902.4563,5812627.43,-5
370907.4563,5812627.43,-5
370912.4563,5812627.43,-5
370917.4563,5812627.43,-5
370922.4563,5812627.43,-10
370927.4563,5812627.43,-10
370932.4563,5812627.43,-10
370937.4563,5812627.43,-10
370942.4563,5812627.43,-10
370947.4563,5812627.43,-15
370952.4563,5812627.43,-15
370957.4563,5812627.43,-15
370962.4563,5812627.43,-15
370967.4563,5812627.43,-15
370972.4563,5812627.43,-15
370977.4563,5812627.43,-15
370982.4563,5812627.43,-20
370987.4563,5812627.43,-20
370992.4563,5812627.43,-20
370997.4563,5812627.43,-20
371002.4563,5812627.43,-20
371007.4563,5812627.43,-20
371012.4563,5812627.43,-20
371017.4563,5812627.43,-20
371022.4563,5812627.43,-25
371027.4563,5812627.43,-25
371032.4563,5812627.43,-25
371037.4563,5812627.43,-25
371042.4563,5812627.43,-25
371047.4563,5812627.43,-25
371052.4563,5812627.43,-25
371057.4563,5812627.43,-30
371062.4563,5812627.43,-30
371067.4563,5812627.43,-30
371072.4563,5812627.43,-30
371077.4563,5812627.43,-30
371082.4563,5812627.43,-30
371087.4563,5812627.43,-30
371092.4563,5812627.43,-30
371097.4563,5812627.43,-30
371102.4563,5812627.43,-30
370882.4563,5812622.43,-1
370887.4563,5812622.43,-1
370892.4563,5812622.43,-1
370897.4563,5812622.43,-5
370902.4563,5812622.43,-5
370907.4563,5812622.43,-5
370912.4563,5812622.43,-5
370917.4563,5812622.43,-10
370922.4563,5812622.43,-10
370927.4563,5812622.43,-10
370932.4563,5812622.43,-10
370937.4563,5812622.43,-10
370942.4563,5812622.43,-10
370947.4563,5812622.43,-15
370952.4563,5812622.43,-15
370957.4563,5812622.43,-15
370962.4563,5812622.43,-15
370967.4563,5812622.43,-15
370972.4563,5812622.43,-15
370977.4563,5812622.43,-20
370982.4563,5812622.43,-20
370987.4563,5812622.43,-20
370992.4563,5812622.43,-20
370997.4563,5812622.43,-20
371002.4563,5812622.43,-20
371007.4563,5812622.43,-20
371012.4563,5812622.43,-20
371017.4563,5812622.43,-25
371022.4563,5812622.43,-25
371027.4563,5812622.43,-25
371032.4563,5812622.43,-25
371037.4563,5812622.43,-25
371042.4563,5812622.43,-25
371047.4563,5812622.43,-25
371052.4563,5812622.43,-25
371057.4563,5812622.43,-30
371062.4563,5812622.43,-30
371067.4563,5812622.43,-30
371072.4563,5812622.43,-30
371077.4563,5812622.43,-30
371082.4563,5812622.43,-30
371087.4563,5812622.43,-30
371092.4563,5812622.43,-30
371097.4563,5812622.43,-30
371102.4563,5812622.43,-30
370877.4563,5812617.43,-1
370882.4563,5812617.43,-1
370887.4563,5812617.43,-1
370892.4563,5812617.43,-5
370897.4563,5812617.43,-5
370902.4563,5812617.43,-5
370907.4563,5812617.43,-5
370912.4563,5812617.43,-5
370917.4563,5812617.43,-10
370922.4563,5812617.43,-10
370927.4563,5812617.43,-10
370932.4563,5812617.43,-10
370937.4563,5812617.43,-10
370942.4563,5812617.43,-10
370947.4563,5812617.43,-15
370952.4563,5812617.43,-15
370957.4563,5812617.43,-15
370962.4563,5812617.43,-15
370967.4563,5812617.43,-15
370972.4563,5812617.43,-20
370977.4563,5812617.43,-20
370982.4563,5812617.43,-20
370987.4563,5812617.43,-20
370992.4563,5812617.43,-20
370997.4563,5812617.43,-20
371002.4563,5812617.43,-20
371007.4563,5812617.43,-20
371012.4563,5812617.43,-20
371017.4563,5812617.43,-25
371022.4563,5812617.43,-25
371027.4563,5812617.43,-25
371032.4563,5812617.43,-25
371037.4563,5812617.43,-25
371042.4563,5812617.43,-25
371047.4563,5812617.43,-25
371052.4563,5812617.43,-30
371057.4563,5812617.43,-30
371062.4563,5812617.43,-30
371067.4563,5812617.43,-30
371072.4563,5812617.43,-30
371077.4563,5812617.43,-30
371082.4563,5812617.43,-30
371087.4563,5812617.43,-30
371092.4563,5812617.43,-30
371097.4563,5812617.43,-30
370877.4563,5812612.43,-1
370882.4563,5812612.43,-1
370887.4563,5812612.43,-1
370892.4563,5812612.43,-5
370897.4563,5812612.43,-5
370902.4563,5812612.43,-5
370907.4563,5812612.43,-5
370912.4563,5812612.43,-10
370917.4563,5812612.43,-10
370922.4563,5812612.43,-10
370927.4563,5812612.43,-10
370932.4563,5812612.43,-10
370937.4563,5812612.43,-10
370942.4563,5812612.43,-15
370947.4563,5812612.43,-15
370952.4563,5812612.43,-15
370957.4563,5812612.43,-15
370962.4563,5812612.43,-15
370967.4563,5812612.43,-15
370972.4563,5812612.43,-20
370977.4563,5812612.43,-20
370982.4563,5812612.43,-20
370987.4563,5812612.43,-20
370992.4563,5812612.43,-20
370997.4563,5812612.43,-20
371002.4563,5812612.43,-20
371007.4563,5812612.43,-20
371012.4563,5812612.43,-25
371017.4563,5812612.43,-25
371022.4563,5812612.43,-25
371027.4563,5812612.43,-25
371032.4563,5812612.43,-25
371037.4563,5812612.43,-25
371042.4563,5812612.43,-25
371047.4563,5812612.43,-25
371052.4563,5812612.43,-30
371057.4563,5812612.43,-30
371062.4563,5812612.43,-30
371067.4563,5812612.43,-30
371072.4563,5812612.43,-30
371077.4563,5812612.43,-30
371082.4563,5812612.43,-30
371087.4563,5812612.43,-30
371092.4563,5812612.43,-30
371097.4563,5812612.43,-30
370877.4563,5812607.43,-1
370882.4563,5812607.43,-1
370887.4563,5812607.43,-1
370892.4563,5812607.43,-5
370897.4563,5812607.43,-5
370902.4563,5812607.43,-5
370907.4563,5812607.43,-5
370912.4563,5812607.43,-10
370917.4563,5812607.43,-10
370922.4563,5812607.43,-10
370927.4563,5812607.43,-10
370932.4563,5812607.43,-10
370937.4563,5812607.43,-15
370942.4563,5812607.43,-15
370947.4563,5812607.43,-15
370952.4563,5812607.43,-15
370957.4563,5812607.43,-15
370962.4563,5812607.43,-15
370967.4563,5812607.43,-20
370972.4563,5812607.43,-20
370977.4563,5812607.43,-20
370982.4563,5812607.43,-20
370987.4563,5812607.43,-20
370992.4563,5812607.43,-20
370997.4563,5812607.43,-20
371002.4563,5812607.43,-20
371007.4563,5812607.43,-20
371012.4563,5812607.43,-25
371017.4563,5812607.43,-25
371022.4563,5812607.43,-25
371027.4563,5812607.43,-25
371032.4563,5812607.43,-25
371037.4563,5812607.43,-25
371042.4563,5812607.43,-25
371047.4563,5812607.43,-30
371052.4563,5812607.43,-30
371057.4563,5812607.43,-30
371062.4563,5812607.43,-30
371067.4563,5812607.43,-30
371072.4563,5812607.43,-30
371077.4563,5812607.43,-30
371082.4563,5812607.43,-30
371087.4563,5812607.43,-30
371092.4563,5812607.43,-30
371097.4563,5812607.43,-30
370877.4563,5812602.43,-1
370882.4563,5812602.43,-1
370887.4563,5812602.43,-5
370892.4563,5812602.43,-5
370897.4563,5812602.43,-5
370902.4563,5812602.43,-5
370907.4563,5812602.43,-5
370912.4563,5812602.43,-10
370917.4563,5812602.43,-10
370922.4563,5812602.43,-10
370927.4563,5812602.43,-10
370932.4563,5812602.43,-10
370937.4563,5812602.43,-15
370942.4563,5812602.43,-15
370947.4563,5812602.43,-15
370952.4563,5812602.43,-15
370957.4563,5812602.43,-15
370962.4563,5812602.43,-15
370967.4563,5812602.43,-20
370972.4563,5812602.43,-20
370977.4563,5812602.43,-20
370982.4563,5812602.43,-20
370987.4563,5812602.43,-20
370992.4563,5812602.43,-20
370997.4563,5812602.43,-20
371002.4563,5812602.43,-20
371007.4563,5812602.43,-25
371012.4563,5812602.43,-25
371017.4563,5812602.43,-25
371022.4563,5812602.43,-25
371027.4563,5812602.43,-25
371032.4563,5812602.43,-25
371037.4563,5812602.43,-25
371042.4563,5812602.43,-25
371047.4563,5812602.43,-30
371052.4563,5812602.43,-30
371057.4563,5812602.43,-30
371062.4563,5812602.43,-30
371067.4563,5812602.43,-30
371072.4563,5812602.43,-30
371077.4563,5812602.43,-30
371082.4563,5812602.43,-30
371087.4563,5812602.43,-30
371092.4563,5812602.43,-30
370872.4563,5812597.43,-1
370877.4563,5812597.43,-1
370882.4563,5812597.43,-1
370887.4563,5812597.43,-5
370892.4563,5812597.43,-5
370897.4563,5812597.43,-5
370902.4563,5812597.43,-5
370907.4563,5812597.43,-10
370912.4563,5812597.43,-10
370917.4563,5812597.43,-10
370922.4563,5812597.43,-10
370927.4563,5812597.43,-10
370932.4563,5812597.43,-15
370937.4563,5812597.43,-15
370942.4563,5812597.43,-15
370947.4563,5812597.43,-15
370952.4563,5812597.43,-15
370957.4563,5812597.43,-15
370962.4563,5812597.43,-15
370967.4563,5812597.43,-20
370972.4563,5812597.43,-20
370977.4563,5812597.43,-20
370982.4563,5812597.43,-20
370987.4563,5812597.43,-20
370992.4563,5812597.43,-20
370997.4563,5812597.43,-20
371002.4563,5812597.43,-20
371007.4563,5812597.43,-25
371012.4563,5812597.43,-25
371017.4563,5812597.43,-25
371022.4563,5812597.43,-25
371027.4563,5812597.43,-25
371032.4563,5812597.43,-25
371037.4563,5812597.43,-25
371042.4563,5812597.43,-30
371047.4563,5812597.43,-30
371052.4563,5812597.43,-30
371057.4563,5812597.43,-30
371062.4563,5812597.43,-30
371067.4563,5812597.43,-30
371072.4563,5812597.43,-30
371077.4563,5812597.43,-30
371082.4563,5812597.43,-30
371087.4563,5812597.43,-30
371092.4563,5812597.43,-30
370872.4563,5812592.43,-1
370877.4563,5812592.43,-1
370882.4563,5812592.43,-1
370887.4563,5812592.43,-5
370892.4563,5812592.43,-5
370897.4563,5812592.43,-5
370902.4563,5812592.43,-5
370907.4563,5812592.43,-10
370912.4563,5812592.43,-10
370917.4563,5812592.43,-10
370922.4563,5812592.43,-10
370927.4563,5812592.43,-10
370932.4563,5812592.43,-15
370937.4563,5812592.43,-15
370942.4563,5812592.43,-15
370947.4563,5812592.43,-15
370952.4563,5812592.43,-15
370957.4563,5812592.43,-15
370962.4563,5812592.43,-15
370967.4563,5812592.43,-20
370972.4563,5812592.43,-20
370977.4563,5812592.43,-20
370982.4563,5812592.43,-20
370987.4563,5812592.43,-20
370992.4563,5812592.43,-20
370997.4563,5812592.43,-20
371002.4563,5812592.43,-25
371007.4563,5812592.43,-25
371012.4563,5812592.43,-25
371017.4563,5812592.43,-25
371022.4563,5812592.43,-25
371027.4563,5812592.43,-25
371032.4563,5812592.43,-25
371037.4563,5812592.43,-25
371042.4563,5812592.43,-30
371047.4563,5812592.43,-30
371052.4563,5812592.43,-30
371057.4563,5812592.43,-30
371062.4563,5812592.43,-30
371067.4563,5812592.43,-30
371072.4563,5812592.43,-30
371077.4563,5812592.43,-30
371082.4563,5812592.43,-30
371087.4563,5812592.43,-30
371092.4563,5812592.43,-30
370872.4563,5812587.43,-1
370877.4563,5812587.43,-1
370882.4563,5812587.43,-1
370887.4563,5812587.43,-5
370892.4563,5812587.43,-5
370897.4563,5812587.43,-5
370902.4563,5812587.43,-5
370907.4563,5812587.43,-10
370912.4563,5812587.43,-10
370917.4563,5812587.43,-10
370922.4563,5812587.43,-10
370927.4563,5812587.43,-15
370932.4563,5812587.43,-15
370937.4563,5812587.43,-15
370942.4563,5812587.43,-15
370947.4563,5812587.43,-15
370952.4563,5812587.43,-15
370957.4563,5812587.43,-15
370962.4563,5812587.43,-15
370967.4563,5812587.43,-20
370972.4563,5812587.43,-20
370977.4563,5812587.43,-20
370982.4563,5812587.43,-20
370987.4563,5812587.43,-20
370992.4563,5812587.43,-20
370997.4563,5812587.43,-20
371002.4563,5812587.43,-25
371007.4563,5812587.43,-25
371012.4563,5812587.43,-25
371017.4563,5812587.43,-25
371022.4563,5812587.43,-25
371027.4563,5812587.43,-25
371032.4563,5812587.43,-25
371037.4563,5812587.43,-25
371042.4563,5812587.43,-30
371047.4563,5812587.43,-30
371052.4563,5812587.43,-30
371057.4563,5812587.43,-30
371062.4563,5812587.43,-30
371067.4563,5812587.43,-30
371072.4563,5812587.43,-30
371077.4563,5812587.43,-30
371082.4563,5812587.43,-30
371087.4563,5812587.43,-30
370872.4563,5812582.43,-1
370877.4563,5812582.43,-1
370882.4563,5812582.43,-1
370887.4563,5812582.43,-5
370892.4563,5812582.43,-5
370897.4563,5812582.43,-5
370902.4563,5812582.43,-5
370907.4563,5812582.43,-10
370912.4563,5812582.43,-10
370917.4563,5812582.43,-10
370922.4563,5812582.43,-10
370927.4563,5812582.43,-15
370932.4563,5812582.43,-15
370937.4563,5812582.43,-15
370942.4563,5812582.43,-15
370947.4563,5812582.43,-15
370952.4563,5812582.43,-15
370957.4563,5812582.43,-15
370962.4563,5812582.43,-15
370967.4563,5812582.43,-20
370972.4563,5812582.43,-20
370977.4563,5812582.43,-20
370982.4563,5812582.43,-20
370987.4563,5812582.43,-20
370992.4563,5812582.43,-20
370997.4563,5812582.43,-20
371002.4563,5812582.43,-25
371007.4563,5812582.43,-25
371012.4563,5812582.43,-25
371017.4563,5812582.43,-25
371022.4563,5812582.43,-25
371027.4563,5812582.43,-25
371032.4563,5812582.43,-25
371037.4563,5812582.43,-25
371042.4563,5812582.43,-30
371047.4563,5812582.43,-30
371052.4563,5812582.43,-30
371057.4563,5812582.43,-30
371062.4563,5812582.43,-30
371067.4563,5812582.43,-30
371072.4563,5812582.43,-30
371077.4563,5812582.43,-30
371082.4563,5812582.43,-30
371087.4563,5812582.43,-30
370867.4563,5812577.43,-1
370872.4563,5812577.43,-1
370877.4563,5812577.43,-1
370882.4563,5812577.43,-1
370887.4563,5812577.43,-5
370892.4563,5812577.43,-5
370897.4563,5812577.43,-5
370902.4563,5812577.43,-5
370907.4563,5812577.43,-10
370912.4563,5812577.43,-10
370917.4563,5812577.43,-10
370922.4563,5812577.43,-10
370927.4563,5812577.43,-15
370932.4563,5812577.43,-15
370937.4563,5812577.43,-15
370942.4563,5812577.43,-15
370947.4563,5812577.43,-15
370952.4563,5812577.43,-15
370957.4563,5812577.43,-15
370962.4563,5812577.43,-15
370967.4563,5812577.43,-20
370972.4563,5812577.43,-20
370977.4563,5812577.43,-20
370982.4563,5812577.43,-20
370987.4563,5812577.43,-20
370992.4563,5812577.43,-20
370997.4563,5812577.43,-20
371002.4563,5812577.43,-25
371007.4563,5812577.43,-25
371012.4563,5812577.43,-25
371017.4563,5812577.43,-25
371022.4563,5812577.43,-25
371027.4563,5812577.43,-25
371032.4563,5812577.43,-25
371037.4563,5812577.43,-25
371042.4563,5812577.43,-30
371047.4563,5812577.43,-30
371052.4563,5812577.43,-30
371057.4563,5812577.43,-30
371062.4563,5812577.43,-30
371067.4563,5812577.43,-30
371072.4563,5812577.43,-30
371077.4563,5812577.43,-30
371082.4563,5812577.43,-30
371087.4563,5812577.43,-30
370867.4563,5812572.43,-1
370872.4563,5812572.43,-1
370877.4563,5812572.43,-1
370882.4563,5812572.43,-1
370887.4563,5812572.43,-5
370892.4563,5812572.43,-5
370897.4563,5812572.43,-5
370902.4563,5812572.43,-5
370907.4563,5812572.43,-10
370912.4563,5812572.43,-10
370917.4563,5812572.43,-10
370922.4563,5812572.43,-10
370927.4563,5812572.43,-15
370932.4563,5812572.43,-15
370937.4563,5812572.43,-15
370942.4563,5812572.43,-15
370947.4563,5812572.43,-15
370952.4563,5812572.43,-15
370957.4563,5812572.43,-15
370962.4563,5812572.43,-15
370967.4563,5812572.43,-20
370972.4563,5812572.43,-20
370977.4563,5812572.43,-20
370982.4563,5812572.43,-20
370987.4563,5812572.43,-20
370992.4563,5812572.43,-20
370997.4563,5812572.43,-25
371002.4563,5812572.43,-25
371007.4563,5812572.43,-25
371012.4563,5812572.43,-25
371017.4563,5812572.43,-25
371022.4563,5812572.43,-25
371027.4563,5812572.43,-25
371032.4563,5812572.43,-25
371037.4563,5812572.43,-30
371042.4563,5812572.43,-30
371047.4563,5812572.43,-30
371052.4563,5812572.43,-30
371057.4563,5812572.43,-30
371062.4563,5812572.43,-30
371067.4563,5812572.43,-30
371072.4563,5812572.43,-30
371077.4563,5812572.43,-30
371082.4563,5812572.43,-30
370867.4563,5812567.43,-1
370872.4563,5812567.43,-1
370877.4563,5812567.43,-1
370882.4563,5812567.43,-1
370887.4563,5812567.43,-5
370892.4563,5812567.43,-5
370897.4563,5812567.43,-5
370902.4563,5812567.43,-10
370907.4563,5812567.43,-10
370912.4563,5812567.43,-10
370917.4563,5812567.43,-10
370922.4563,5812567.43,-15
370927.4563,5812567.43,-15
370932.4563,5812567.43,-15
370937.4563,5812567.43,-15
370942.4563,5812567.43,-15
370947.4563,5812567.43,-15
370952.4563,5812567.43,-15
370957.4563,5812567.43,-15
370962.4563,5812567.43,-15
370967.4563,5812567.43,-20
370972.4563,5812567.43,-20
370977.4563,5812567.43,-20
370982.4563,5812567.43,-20
370987.4563,5812567.43,-20
370992.4563,5812567.43,-20
370997.4563,5812567.43,-25
371002.4563,5812567.43,-25
371007.4563,5812567.43,-25
371012.4563,5812567.43,-25
371017.4563,5812567.43,-25
371022.4563,5812567.43,-25
371027.4563,5812567.43,-25
371032.4563,5812567.43,-25
371037.4563,5812567.43,-30
371042.4563,5812567.43,-30
371047.4563,5812567.43,-30
371052.4563,5812567.43,-30
371057.4563,5812567.43,-30
371062.4563,5812567.43,-30
371067.4563,5812567.43,-30
371072.4563,5812567.43,-30
371077.4563,5812567.43,-30
371082.4563,5812567.43,-30
370867.4563,5812562.43,-1
370872.4563,5812562.43,-1
370877.4563,5812562.43,-1
370882.4563,5812562.43,-1
370887.4563,5812562.43,-5
370892.4563,5812562.43,-5
370897.4563,5812562.43,-5
370902.4563,5812562.43,-10
370907.4563,5812562.43,-10
370912.4563,5812562.43,-10
370917.4563,5812562.43,-15
370922.4563,5812562.43,-15
370927.4563,5812562.43,-15
370932.4563,5812562.43,-15
370937.4563,5812562.43,-15
370942.4563,5812562.43,-15
370947.4563,5812562.43,-15
370952.4563,5812562.43,-15
370957.4563,5812562.43,-15
370962.4563,5812562.43,-20
370967.4563,5812562.43,-20
370972.4563,5812562.43,-20
370977.4563,5812562.43,-20
370982.4563,5812562.43,-20
370987.4563,5812562.43,-20
370992.4563,5812562.43,-20
370997.4563,5812562.43,-25
371002.4563,5812562.43,-25
371007.4563,5812562.43,-25
371012.4563,5812562.43,-25
371017.4563,5812562.43,-25
371022.4563,5812562.43,-25
371027.4563,5812562.43,-25
371032.4563,5812562.43,-25
371037.4563,5812562.43,-30
371042.4563,5812562.43,-30
371047.4563,5812562.43,-30
371052.4563,5812562.43,-30
371057.4563,5812562.43,-30
371062.4563,5812562.43,-30
371067.4563,5812562.43,-30
371072.4563,5812562.43,-30
371077.4563,5812562.43,-30
371082.4563,5812562.43,-30
370862.4563,5812557.43,-1
370867.4563,5812557.43,-1
370872.4563,5812557.43,-1
370877.4563,5812557.43,-1
370882.4563,5812557.43,-1
370887.4563,5812557.43,-5
370892.4563,5812557.43,-5
370897.4563,5812557.43,-5
370902.4563,5812557.43,-10
370907.4563,5812557.43,-10
370912.4563,5812557.43,-10
370917.4563,5812557.43,-15
370922.4563,5812557.43,-15
370927.4563,5812557.43,-15
370932.4563,5812557.43,-15
370937.4563,5812557.43,-15
370942.4563,5812557.43,-15
370947.4563,5812557.43,-15
370952.4563,5812557.43,-15
370957.4563,5812557.43,-15
370962.4563,5812557.43,-20
370967.4563,5812557.43,-20
370972.4563,5812557.43,-20
370977.4563,5812557.43,-20
370982.4563,5812557.43,-20
370987.4563,5812557.43,-20
370992.4563,5812557.43,-20
370997.4563,5812557.43,-25
371002.4563,5812557.43,-25
371007.4563,5812557.43,-25
371012.4563,5812557.43,-25
371017.4563,5812557.43,-25
371022.4563,5812557.43,-25
371027.4563,5812557.43,-25
371032.4563,5812557.43,-25
371037.4563,5812557.43,-30
371042.4563,5812557.43,-30
371047.4563,5812557.43,-30
371052.4563,5812557.43,-30
371057.4563,5812557.43,-30
371062.4563,5812557.43,-30
371067.4563,5812557.43,-30
371072.4563,5812557.43,-30
371077.4563,5812557.43,-30
371082.4563,5812557.43,-30
370862.4563,5812552.43,-1
370867.4563,5812552.43,-1
370872.4563,5812552.43,-1
370877.4563,5812552.43,-1
370882.4563,5812552.43,-5
370887.4563,5812552.43,-5
370892.4563,5812552.43,-5
370897.4563,5812552.43,-5
370902.4563,5812552.43,-10
370907.4563,5812552.43,-10
370912.4563,5812552.43,-10
370917.4563,5812552.43,-10
370922.4563,5812552.43,-15
370927.4563,5812552.43,-15
370932.4563,5812552.43,-15
370937.4563,5812552.43,-15
370942.4563,5812552.43,-15
370947.4563,5812552.43,-15
370952.4563,5812552.43,-15
370957.4563,5812552.43,-15
370962.4563,5812552.43,-20
370967.4563,5812552.43,-20
370972.4563,5812552.43,-20
370977.4563,5812552.43,-20
370982.4563,5812552.43,-20
370987.4563,5812552.43,-20
370992.4563,5812552.43,-25
370997.4563,5812552.43,-25
371002.4563,5812552.43,-25
371007.4563,5812552.43,-25
371012.4563,5812552.43,-25
371017.4563,5812552.43,-25
371022.4563,5812552.43,-25
371027.4563,5812552.43,-25
371032.4563,5812552.43,-25
371037.4563,5812552.43,-30
371042.4563,5812552.43,-30
371047.4563,5812552.43,-30
371052.4563,5812552.43,-30
371057.4563,5812552.43,-30
371062.4563,5812552.43,-30
371067.4563,5812552.43,-30
371072.4563,5812552.43,-30
371077.4563,5812552.43,-30
370862.4563,5812547.43,-1
370867.4563,5812547.43,-1
370872.4563,5812547.43,-1
370877.4563,5812547.43,-1
370882.4563,5812547.43,-5
370887.4563,5812547.43,-5
370892.4563,5812547.43,-5
370897.4563,5812547.43,-5
370902.4563,5812547.43,-10
370907.4563,5812547.43,-10
370912.4563,5812547.43,-10
370917.4563,5812547.43,-10
370922.4563,5812547.43,-15
370927.4563,5812547.43,-15
370932.4563,5812547.43,-15
370937.4563,5812547.43,-15
370942.4563,5812547.43,-15
370947.4563,5812547.43,-15
370952.4563,5812547.43,-15
370957.4563,5812547.43,-20
370962.4563,5812547.43,-20
370967.4563,5812547.43,-20
370972.4563,5812547.43,-20
370977.4563,5812547.43,-20
370982.4563,5812547.43,-20
370987.4563,5812547.43,-20
370992.4563,5812547.43,-25
370997.4563,5812547.43,-25
371002.4563,5812547.43,-25
371007.4563,5812547.43,-25
371012.4563,5812547.43,-25
371017.4563,5812547.43,-25
371022.4563,5812547.43,-25
371027.4563,5812547.43,-25
371032.4563,5812547.43,-25
371037.4563,5812547.43,-30
371042.4563,5812547.43,-30
371047.4563,5812547.43,-30
371052.4563,5812547.43,-30
371057.4563,5812547.43,-30
371062.4563,5812547.43,-30
371067.4563,5812547.43,-30
371072.4563,5812547.43,-30
371077.4563,5812547.43,-30
370862.4563,5812542.43,-1
370867.4563,5812542.43,-1
370872.4563,5812542.43,-1
370877.4563,5812542.43,-1
370882.4563,5812542.43,-5
370887.4563,5812542.43,-5
370892.4563,5812542.43,-5
370897.4563,5812542.43,-10
370902.4563,5812542.43,-10
370907.4563,5812542.43,-10
370912.4563,5812542.43,-10
370917.4563,5812542.43,-15
370922.4563,5812542.43,-15
370927.4563,5812542.43,-15
370932.4563,5812542.43,-15
370937.4563,5812542.43,-15
370942.4563,5812542.43,-15
370947.4563,5812542.43,-15
370952.4563,5812542.43,-15
370957.4563,5812542.43,-20
370962.4563,5812542.43,-20
370967.4563,5812542.43,-20
370972.4563,5812542.43,-20
370977.4563,5812542.43,-20
370982.4563,5812542.43,-20
370987.4563,5812542.43,-20
370992.4563,5812542.43,-25
370997.4563,5812542.43,-25
371002.4563,5812542.43,-25
371007.4563,5812542.43,-25
371012.4563,5812542.43,-25
371017.4563,5812542.43,-25
371022.4563,5812542.43,-25
371027.4563,5812542.43,-25
371032.4563,5812542.43,-25
371037.4563,5812542.43,-30
371042.4563,5812542.43,-30
371047.4563,5812542.43,-30
371052.4563,5812542.43,-30
371057.4563,5812542.43,-30
371062.4563,5812542.43,-30
371067.4563,5812542.43,-30
371072.4563,5812542.43,-30
371077.4563,5812542.43,-30
370862.4563,5812537.43,-1
370867.4563,5812537.43,-1
370872.4563,5812537.43,-1
370877.4563,5812537.43,-5
370882.4563,5812537.43,-5
370887.4563,5812537.43,-5
370892.4563,5812537.43,-5
370897.4563,5812537.43,-10
370902.4563,5812537.43,-10
370907.4563,5812537.43,-10
370912.4563,5812537.43,-10
370917.4563,5812537.43,-15
370922.4563,5812537.43,-15
370927.4563,5812537.43,-15
370932.4563,5812537.43,-15
370937.4563,5812537.43,-15
370942.4563,5812537.43,-15
370947.4563,5812537.43,-15
370952.4563,5812537.43,-15
370957.4563,5812537.43,-20
370962.4563,5812537.43,-20
370967.4563,5812537.43,-20
370972.4563,5812537.43,-20
370977.4563,5812537.43,-20
370982.4563,5812537.43,-20
370987.4563,5812537.43,-20
370992.4563,5812537.43,-25
370997.4563,5812537.43,-25
371002.4563,5812537.43,-25
371007.4563,5812537.43,-25
371012.4563,5812537.43,-25
371017.4563,5812537.43,-25
371022.4563,5812537.43,-25
371027.4563,5812537.43,-25
371032.4563,5812537.43,-25
371037.4563,5812537.43,-30
371042.4563,5812537.43,-30
371047.4563,5812537.43,-30
371052.4563,5812537.43,-30
371057.4563,5812537.43,-30
371062.4563,5812537.43,-30
371067.4563,5812537.43,-30
371072.4563,5812537.43,-30
370867.4563,5812532.43,-1
370872.4563,5812532.43,-5
370877.4563,5812532.43,-5
370882.4563,5812532.43,-5
370887.4563,5812532.43,-5
370892.4563,5812532.43,-10
370897.4563,5812532.43,-10
370902.4563,5812532.43,-10
370907.4563,5812532.43,-10
370912.4563,5812532.43,-15
370917.4563,5812532.43,-15
370922.4563,5812532.43,-15
370927.4563,5812532.43,-15
370932.4563,5812532.43,-15
370937.4563,5812532.43,-15
370942.4563,5812532.43,-15
370947.4563,5812532.43,-20
370952.4563,5812532.43,-20
370957.4563,5812532.43,-20
370962.4563,5812532.43,-20
370967.4563,5812532.43,-20
370972.4563,5812532.43,-20
370977.4563,5812532.43,-20
370982.4563,5812532.43,-20
370987.4563,5812532.43,-20
370992.4563,5812532.43,-25
370997.4563,5812532.43,-25
371002.4563,5812532.43,-25
371007.4563,5812532.43,-25
371012.4563,5812532.43,-25
371017.4563,5812532.43,-25
371022.4563,5812532.43,-25
371027.4563,5812532.43,-25
371032.4563,5812532.43,-30
371037.4563,5812532.43,-30
371042.4563,5812532.43,-30
371047.4563,5812532.43,-30
371052.4563,5812532.43,-30
371057.4563,5812532.43,-30
371062.4563,5812532.43,-30
371067.4563,5812532.43,-30
371072.4563,5812532.43,-30
370867.4563,5812527.43,-1
370872.4563,5812527.43,-5
370877.4563,5812527.43,-5
370882.4563,5812527.43,-5
370887.4563,5812527.43,-10
370892.4563,5812527.43,-10
370897.4563,5812527.43,-10
370902.4563,5812527.43,-10
370907.4563,5812527.43,-15
370912.4563,5812527.43,-15
370917.4563,5812527.43,-15
370922.4563,5812527.43,-15
370927.4563,5812527.43,-15
370932.4563,5812527.43,-15
370937.4563,5812527.43,-20
370942.4563,5812527.43,-20
370947.4563,5812527.43,-20
370952.4563,5812527.43,-20
370957.4563,5812527.43,-20
370962.4563,5812527.43,-20
370967.4563,5812527.43,-20
370972.4563,5812527.43,-20
370977.4563,5812527.43,-20
370982.4563,5812527.43,-20
370987.4563,5812527.43,-25
370992.4563,5812527.43,-25
370997.4563,5812527.43,-25
371002.4563,5812527.43,-25
371007.4563,5812527.43,-25
371012.4563,5812527.43,-25
371017.4563,5812527.43,-25
371022.4563,5812527.43,-25
371027.4563,5812527.43,-25
371032.4563,5812527.43,-30
371037.4563,5812527.43,-30
371042.4563,5812527.43,-30
371047.4563,5812527.43,-30
371052.4563,5812527.43,-30
371057.4563,5812527.43,-30
371062.4563,5812527.43,-30
371067.4563,5812527.43,-30
371072.4563,5812527.43,-35
370867.4563,5812522.43,-1
370872.4563,5812522.43,-5
370877.4563,5812522.43,-5
370882.4563,5812522.43,-5
370887.4563,5812522.43,-10
370892.4563,5812522.43,-10
370897.4563,5812522.43,-10
370902.4563,5812522.43,-15
370907.4563,5812522.43,-15
370912.4563,5812522.43,-15
370917.4563,5812522.43,-15
370922.4563,5812522.43,-15
370927.4563,5812522.43,-15
370932.4563,5812522.43,-15
370937.4563,5812522.43,-20
370942.4563,5812522.43,-20
370947.4563,5812522.43,-20
370952.4563,5812522.43,-20
370957.4563,5812522.43,-20
370962.4563,5812522.43,-20
370967.4563,5812522.43,-20
370972.4563,5812522.43,-20
370977.4563,5812522.43,-20
370982.4563,5812522.43,-20
370987.4563,5812522.43,-25
370992.4563,5812522.43,-25
370997.4563,5812522.43,-25
371002.4563,5812522.43,-25
371007.4563,5812522.43,-25
371012.4563,5812522.43,-25
371017.4563,5812522.43,-25
371022.4563,5812522.43,-25
371027.4563,5812522.43,-25
371032.4563,5812522.43,-30
371037.4563,5812522.43,-30
371042.4563,5812522.43,-30
371047.4563,5812522.43,-30
371052.4563,5812522.43,-30
371057.4563,5812522.43,-30
371062.4563,5812522.43,-30
371067.4563,5812522.43,-30
371072.4563,5812522.43,-35
370867.4563,5812517.43,-1
370872.4563,5812517.43,-5
370877.4563,5812517.43,-5
370882.4563,5812517.43,-5
370887.4563,5812517.43,-10
370892.4563,5812517.43,-10
370897.4563,5812517.43,-10
370902.4563,5812517.43,-15
370907.4563,5812517.43,-15
370912.4563,5812517.43,-15
370917.4563,5812517.43,-15
370922.4563,5812517.43,-15
370927.4563,5812517.43,-15
370932.4563,5812517.43,-15
370937.4563,5812517.43,-20
370942.4563,5812517.43,-20
370947.4563,5812517.43,-20
370952.4563,5812517.43,-20
370957.4563,5812517.43,-20
370962.4563,5812517.43,-20
370967.4563,5812517.43,-20
370972.4563,5812517.43,-20
370977.4563,5812517.43,-20
370982.4563,5812517.43,-25
370987.4563,5812517.43,-25
370992.4563,5812517.43,-25
370997.4563,5812517.43,-25
371002.4563,5812517.43,-25
371007.4563,5812517.43,-25
371012.4563,5812517.43,-25
371017.4563,5812517.43,-25
371022.4563,5812517.43,-25
371027.4563,5812517.43,-25
371032.4563,5812517.43,-30
371037.4563,5812517.43,-30
371042.4563,5812517.43,-30
371047.4563,5812517.43,-30
371052.4563,5812517.43,-30
371057.4563,5812517.43,-30
371062.4563,5812517.43,-30
371067.4563,5812517.43,-30
371072.4563,5812517.43,-35
370867.4563,5812512.43,-1
370872.4563,5812512.43,-5
370877.4563,5812512.43,-5
370882.4563,5812512.43,-10
370887.4563,5812512.43,-10
370892.4563,5812512.43,-10
370897.4563,5812512.43,-10
370902.4563,5812512.43,-15
370907.4563,5812512.43,-15
370912.4563,5812512.43,-15
370917.4563,5812512.43,-15
370922.4563,5812512.43,-15
370927.4563,5812512.43,-20
370932.4563,5812512.43,-20
370937.4563,5812512.43,-20
370942.4563,5812512.43,-20
370947.4563,5812512.43,-20
370952.4563,5812512.43,-20
370957.4563,5812512.43,-20
370962.4563,5812512.43,-20
370967.4563,5812512.43,-20
370972.4563,5812512.43,-20
370977.4563,5812512.43,-20
370982.4563,5812512.43,-25
370987.4563,5812512.43,-25
370992.4563,5812512.43,-25
370997.4563,5812512.43,-25
371002.4563,5812512.43,-25
371007.4563,5812512.43,-25
371012.4563,5812512.43,-25
371017.4563,5812512.43,-25
371022.4563,5812512.43,-25
371027.4563,5812512.43,-30
371032.4563,5812512.43,-30
371037.4563,5812512.43,-30
371042.4563,5812512.43,-30
371047.4563,5812512.43,-30
371052.4563,5812512.43,-30
371057.4563,5812512.43,-30
371062.4563,5812512.43,-30
371067.4563,5812512.43,-30
371072.4563,5812512.43,-35
371077.4563,5812512.43,-35
370867.4563,5812507.43,-1
370872.4563,5812507.43,-1
370877.4563,5812507.43,-5
370882.4563,5812507.43,-10
370887.4563,5812507.43,-10
370892.4563,5812507.43,-10
370897.4563,5812507.43,-10
370902.4563,5812507.43,-15
370907.4563,5812507.43,-15
370912.4563,5812507.43,-15
370917.4563,5812507.43,-15
370922.4563,5812507.43,-20
370927.4563,5812507.43,-20
370932.4563,5812507.43,-20
370937.4563,5812507.43,-20
370942.4563,5812507.43,-20
370947.4563,5812507.43,-20
370952.4563,5812507.43,-20
370957.4563,5812507.43,-20
370962.4563,5812507.43,-20
370967.4563,5812507.43,-20
370972.4563,5812507.43,-20
370977.4563,5812507.43,-25
370982.4563,5812507.43,-25
370987.4563,5812507.43,-25
370992.4563,5812507.43,-25
370997.4563,5812507.43,-25
371002.4563,5812507.43,-25
371007.4563,5812507.43,-25
371012.4563,5812507.43,-25
371017.4563,5812507.43,-25
371022.4563,5812507.43,-25
371027.4563,5812507.43,-30
371032.4563,5812507.43,-30
371037.4563,5812507.43,-30
371042.4563,5812507.43,-30
371047.4563,5812507.43,-30
371052.4563,5812507.43,-30
371057.4563,5812507.43,-30
371062.4563,5812507.43,-30
371067.4563,5812507.43,-35
371072.4563,5812507.43,-35
371077.4563,5812507.43,-35
370867.4563,5812502.43,-1
370872.4563,5812502.43,-1
370877.4563,5812502.43,-5
370882.4563,5812502.43,-10
370887.4563,5812502.43,-10
370892.4563,5812502.43,-10
370897.4563,5812502.43,-15
370902.4563,5812502.43,-15
370907.4563,5812502.43,-15
370912.4563,5812502.43,-15
370917.4563,5812502.43,-15
370922.4563,5812502.43,-15
370927.4563,5812502.43,-20
370932.4563,5812502.43,-20
370937.4563,5812502.43,-20
370942.4563,5812502.43,-20
370947.4563,5812502.43,-20
370952.4563,5812502.43,-20
370957.4563,5812502.43,-20
370962.4563,5812502.43,-20
370967.4563,5812502.43,-20
370972.4563,5812502.43,-25
370977.4563,5812502.43,-25
370982.4563,5812502.43,-25
370987.4563,5812502.43,-25
370992.4563,5812502.43,-25
370997.4563,5812502.43,-25
371002.4563,5812502.43,-25
371007.4563,5812502.43,-25
371012.4563,5812502.43,-25
371017.4563,5812502.43,-25
371022.4563,5812502.43,-25
371027.4563,5812502.43,-30
371032.4563,5812502.43,-30
371037.4563,5812502.43,-30
371042.4563,5812502.43,-30
371047.4563,5812502.43,-30
371052.4563,5812502.43,-30
371057.4563,5812502.43,-30
371062.4563,5812502.43,-30
371067.4563,5812502.43,-35
371072.4563,5812502.43,-35
371077.4563,5812502.43,-35
370867.4563,5812497.43,-1
370872.4563,5812497.43,-1
370877.4563,5812497.43,-5
370882.4563,5812497.43,-5
370887.4563,5812497.43,-10
370892.4563,5812497.43,-10
370897.4563,5812497.43,-10
370902.4563,5812497.43,-15
370907.4563,5812497.43,-15
370912.4563,5812497.43,-15
370917.4563,5812497.43,-15
370922.4563,5812497.43,-15
370927.4563,5812497.43,-20
370932.4563,5812497.43,-20
370937.4563,5812497.43,-20
370942.4563,5812497.43,-20
370947.4563,5812497.43,-20
370952.4563,5812497.43,-20
370957.4563,5812497.43,-20
370962.4563,5812497.43,-20
370967.4563,5812497.43,-20
370972.4563,5812497.43,-25
370977.4563,5812497.43,-25
370982.4563,5812497.43,-25
370987.4563,5812497.43,-25
370992.4563,5812497.43,-25
370997.4563,5812497.43,-25
371002.4563,5812497.43,-25
371007.4563,5812497.43,-25
371012.4563,5812497.43,-25
371017.4563,5812497.43,-25
371022.4563,5812497.43,-25
371027.4563,5812497.43,-30
371032.4563,5812497.43,-30
371037.4563,5812497.43,-30
371042.4563,5812497.43,-30
371047.4563,5812497.43,-30
371052.4563,5812497.43,-30
371057.4563,5812497.43,-30
371062.4563,5812497.43,-35
371067.4563,5812497.43,-35
371072.4563,5812497.43,-35
371077.4563,5812497.43,-35
370867.4563,5812492.43,-1
370872.4563,5812492.43,-1
370877.4563,5812492.43,-5
370882.4563,5812492.43,-5
370887.4563,5812492.43,-10
370892.4563,5812492.43,-10
370897.4563,5812492.43,-10
370902.4563,5812492.43,-15
370907.4563,5812492.43,-15
370912.4563,5812492.43,-15
370917.4563,5812492.43,-15
370922.4563,5812492.43,-15
370927.4563,5812492.43,-20
370932.4563,5812492.43,-20
370937.4563,5812492.43,-20
370942.4563,5812492.43,-20
370947.4563,5812492.43,-20
370952.4563,5812492.43,-20
370957.4563,5812492.43,-20
370962.4563,5812492.43,-20
370967.4563,5812492.43,-25
370972.4563,5812492.43,-25
370977.4563,5812492.43,-25
370982.4563,5812492.43,-25
370987.4563,5812492.43,-25
370992.4563,5812492.43,-25
370997.4563,5812492.43,-25
371002.4563,5812492.43,-25
371007.4563,5812492.43,-25
371012.4563,5812492.43,-25
371017.4563,5812492.43,-25
371022.4563,5812492.43,-25
371027.4563,5812492.43,-30
371032.4563,5812492.43,-30
371037.4563,5812492.43,-30
371042.4563,5812492.43,-30
371047.4563,5812492.43,-30
371052.4563,5812492.43,-30
371057.4563,5812492.43,-30
371062.4563,5812492.43,-30
371067.4563,5812492.43,-35
371072.4563,5812492.43,-35
371077.4563,5812492.43,-35
371082.4563,5812492.43,-35
370862.4563,5812487.43,-1
370867.4563,5812487.43,-1
370872.4563,5812487.43,-1
370877.4563,5812487.43,-5
370882.4563,5812487.43,-5
370887.4563,5812487.43,-10
370892.4563,5812487.43,-10
370897.4563,5812487.43,-10
370902.4563,5812487.43,-15
370907.4563,5812487.43,-15
370912.4563,5812487.43,-15
370917.4563,5812487.43,-15
370922.4563,5812487.43,-15
370927.4563,5812487.43,-20
370932.4563,5812487.43,-20
370937.4563,5812487.43,-20
370942.4563,5812487.43,-20
370947.4563,5812487.43,-20
370952.4563,5812487.43,-20
370957.4563,5812487.43,-20
370962.4563,5812487.43,-25
370967.4563,5812487.43,-25
370972.4563,5812487.43,-25
370977.4563,5812487.43,-25
370982.4563,5812487.43,-25
370987.4563,5812487.43,-25
370992.4563,5812487.43,-25
370997.4563,5812487.43,-25
371002.4563,5812487.43,-25
371007.4563,5812487.43,-25
371012.4563,5812487.43,-25
371017.4563,5812487.43,-25
371022.4563,5812487.43,-25
371027.4563,5812487.43,-30
371032.4563,5812487.43,-30
371037.4563,5812487.43,-30
371042.4563,5812487.43,-30
371047.4563,5812487.43,-30
371052.4563,5812487.43,-30
371057.4563,5812487.43,-30
371062.4563,5812487.43,-30
371067.4563,5812487.43,-35
371072.4563,5812487.43,-35
371077.4563,5812487.43,-35
371082.4563,5812487.43,-35
370862.4563,5812482.43,-1
370867.4563,5812482.43,-1
370872.4563,5812482.43,-1
370877.4563,5812482.43,-5
370882.4563,5812482.43,-5
370887.4563,5812482.43,-10
370892.4563,5812482.43,-10
370897.4563,5812482.43,-10
370902.4563,5812482.43,-15
370907.4563,5812482.43,-15
370912.4563,5812482.43,-15
370917.4563,5812482.43,-15
370922.4563,5812482.43,-15
370927.4563,5812482.43,-20
370932.4563,5812482.43,-20
370937.4563,5812482.43,-20
370942.4563,5812482.43,-20
370947.4563,5812482.43,-20
370952.4563,5812482.43,-20
370957.4563,5812482.43,-20
370962.4563,5812482.43,-25
370967.4563,5812482.43,-25
370972.4563,5812482.43,-25
370977.4563,5812482.43,-25
370982.4563,5812482.43,-25
370987.4563,5812482.43,-25
370992.4563,5812482.43,-25
370997.4563,5812482.43,-25
371002.4563,5812482.43,-25
371007.4563,5812482.43,-25
371012.4563,5812482.43,-25
371017.4563,5812482.43,-25
371022.4563,5812482.43,-25
371027.4563,5812482.43,-30
371032.4563,5812482.43,-30
371037.4563,5812482.43,-30
371042.4563,5812482.43,-30
371047.4563,5812482.43,-30
371052.4563,5812482.43,-30
371057.4563,5812482.43,-30
371062.4563,5812482.43,-30
371067.4563,5812482.43,-35
371072.4563,5812482.43,-35
371077.4563,5812482.43,-35
371082.4563,5812482.43,-35
370857.4563,5812477.43,-1
370862.4563,5812477.43,-1
370867.4563,5812477.43,-1
370872.4563,5812477.43,-5
370877.4563,5812477.43,-5
370882.4563,5812477.43,-5
370887.4563,5812477.43,-10
370892.4563,5812477.43,-10
370897.4563,5812477.43,-15
370902.4563,5812477.43,-15
370907.4563,5812477.43,-15
370912.4563,5812477.43,-15
370917.4563,5812477.43,-15
370922.4563,5812477.43,-15
370927.4563,5812477.43,-20
370932.4563,5812477.43,-20
370937.4563,5812477.43,-20
370942.4563,5812477.43,-20
370947.4563,5812477.43,-20
370952.4563,5812477.43,-20
370957.4563,5812477.43,-20
370962.4563,5812477.43,-25
370967.4563,5812477.43,-25
370972.4563,5812477.43,-25
370977.4563,5812477.43,-25
370982.4563,5812477.43,-25
370987.4563,5812477.43,-25
370992.4563,5812477.43,-25
370997.4563,5812477.43,-25
371002.4563,5812477.43,-25
371007.4563,5812477.43,-25
371012.4563,5812477.43,-25
371017.4563,5812477.43,-25
371022.4563,5812477.43,-25
371027.4563,5812477.43,-30
371032.4563,5812477.43,-30
371037.4563,5812477.43,-30
371042.4563,5812477.43,-30
371047.4563,5812477.43,-30
371052.4563,5812477.43,-30
371057.4563,5812477.43,-30
371062.4563,5812477.43,-30
371067.4563,5812477.43,-35
371072.4563,5812477.43,-35
371077.4563,5812477.43,-35
371082.4563,5812477.43,-35
370857.4563,5812472.43,-1
370862.4563,5812472.43,-1
370867.4563,5812472.43,-1
370872.4563,5812472.43,-5
370877.4563,5812472.43,-5
370882.4563,5812472.43,-5
370887.4563,5812472.43,-10
370892.4563,5812472.43,-10
370897.4563,5812472.43,-15
370902.4563,5812472.43,-15
370907.4563,5812472.43,-15
370912.4563,5812472.43,-15
370917.4563,5812472.43,-15
370922.4563,5812472.43,-20
370927.4563,5812472.43,-20
370932.4563,5812472.43,-20
370937.4563,5812472.43,-20
370942.4563,5812472.43,-20
370947.4563,5812472.43,-20
370952.4563,5812472.43,-20
370957.4563,5812472.43,-20
370962.4563,5812472.43,-25
370967.4563,5812472.43,-25
370972.4563,5812472.43,-25
370977.4563,5812472.43,-25
370982.4563,5812472.43,-25
370987.4563,5812472.43,-25
370992.4563,5812472.43,-25
370997.4563,5812472.43,-25
371002.4563,5812472.43,-25
371007.4563,5812472.43,-25
371012.4563,5812472.43,-25
371017.4563,5812472.43,-25
371022.4563,5812472.43,-25
371027.4563,5812472.43,-30
371032.4563,5812472.43,-30
371037.4563,5812472.43,-30
371042.4563,5812472.43,-30
371047.4563,5812472.43,-30
371052.4563,5812472.43,-30
371057.4563,5812472.43,-30
371062.4563,5812472.43,-30
371067.4563,5812472.43,-35
371072.4563,5812472.43,-35
371077.4563,5812472.43,-35
371082.4563,5812472.43,-35
371087.4563,5812472.43,-35
370852.4563,5812467.43,-1
370857.4563,5812467.43,-1
370862.4563,5812467.43,-1
370867.4563,5812467.43,-5
370872.4563,5812467.43,-5
370877.4563,5812467.43,-5
370882.4563,5812467.43,-5
370887.4563,5812467.43,-10
370892.4563,5812467.43,-10
370897.4563,5812467.43,-15
370902.4563,5812467.43,-15
370907.4563,5812467.43,-15
370912.4563,5812467.43,-15
370917.4563,5812467.43,-15
370922.4563,5812467.43,-20
370927.4563,5812467.43,-20
370932.4563,5812467.43,-20
370937.4563,5812467.43,-20
370942.4563,5812467.43,-20
370947.4563,5812467.43,-20
370952.4563,5812467.43,-20
370957.4563,5812467.43,-20
370962.4563,5812467.43,-25
370967.4563,5812467.43,-25
370972.4563,5812467.43,-25
370977.4563,5812467.43,-25
370982.4563,5812467.43,-25
370987.4563,5812467.43,-25
370992.4563,5812467.43,-25
370997.4563,5812467.43,-25
371002.4563,5812467.43,-25
371007.4563,5812467.43,-25
371012.4563,5812467.43,-25
371017.4563,5812467.43,-25
371022.4563,5812467.43,-25
371027.4563,5812467.43,-30
371032.4563,5812467.43,-30
371037.4563,5812467.43,-30
371042.4563,5812467.43,-30
371047.4563,5812467.43,-30
371052.4563,5812467.43,-30
371057.4563,5812467.43,-30
371062.4563,5812467.43,-30
371067.4563,5812467.43,-35
371072.4563,5812467.43,-35
371077.4563,5812467.43,-35
371082.4563,5812467.43,-35
371087.4563,5812467.43,-35
370852.4563,5812462.43,-1
370857.4563,5812462.43,-1
370862.4563,5812462.43,-1
370867.4563,5812462.43,-5
370872.4563,5812462.43,-5
370877.4563,5812462.43,-5
370882.4563,5812462.43,-5
370887.4563,5812462.43,-10
370892.4563,5812462.43,-10
370897.4563,5812462.43,-15
370902.4563,5812462.43,-15
370907.4563,5812462.43,-15
370912.4563,5812462.43,-15
370917.4563,5812462.43,-15
370922.4563,5812462.43,-20
370927.4563,5812462.43,-20
370932.4563,5812462.43,-20
370937.4563,5812462.43,-20
370942.4563,5812462.43,-20
370947.4563,5812462.43,-20
370952.4563,5812462.43,-20
370957.4563,5812462.43,-25
370962.4563,5812462.43,-25
370967.4563,5812462.43,-25
370972.4563,5812462.43,-25
370977.4563,5812462.43,-25
370982.4563,5812462.43,-25
370987.4563,5812462.43,-25
370992.4563,5812462.43,-25
370997.4563,5812462.43,-25
371002.4563,5812462.43,-25
371007.4563,5812462.43,-25
371012.4563,5812462.43,-25
371017.4563,5812462.43,-25
371022.4563,5812462.43,-25
371027.4563,5812462.43,-30
371032.4563,5812462.43,-30
371037.4563,5812462.43,-30
371042.4563,5812462.43,-30
371047.4563,5812462.43,-30
371052.4563,5812462.43,-30
371057.4563,5812462.43,-30
371062.4563,5812462.43,-30
371067.4563,5812462.43,-35
371072.4563,5812462.43,-35
371077.4563,5812462.43,-35
371082.4563,5812462.43,-35
371087.4563,5812462.43,-35
370847.4563,5812457.43,-1
370852.4563,5812457.43,-1
370857.4563,5812457.43,-1
370862.4563,5812457.43,-1
370867.4563,5812457.43,-5
370872.4563,5812457.43,-5
370877.4563,5812457.43,-5
370882.4563,5812457.43,-5
370887.4563,5812457.43,-10
370892.4563,5812457.43,-10
370897.4563,5812457.43,-15
370902.4563,5812457.43,-15
370907.4563,5812457.43,-15
370912.4563,5812457.43,-15
370917.4563,5812457.43,-15
370922.4563,5812457.43,-20
370927.4563,5812457.43,-20
370932.4563,5812457.43,-20
370937.4563,5812457.43,-20
370942.4563,5812457.43,-20
370947.4563,5812457.43,-20
370952.4563,5812457.43,-20
370957.4563,5812457.43,-25
370962.4563,5812457.43,-25
370967.4563,5812457.43,-25
370972.4563,5812457.43,-25
370977.4563,5812457.43,-25
370982.4563,5812457.43,-25
370987.4563,5812457.43,-25
370992.4563,5812457.43,-25
370997.4563,5812457.43,-25
371002.4563,5812457.43,-25
371007.4563,5812457.43,-25
371012.4563,5812457.43,-25
371017.4563,5812457.43,-25
371022.4563,5812457.43,-25
371027.4563,5812457.43,-30
371032.4563,5812457.43,-30
371037.4563,5812457.43,-30
371042.4563,5812457.43,-30
371047.4563,5812457.43,-30
371052.4563,5812457.43,-30
371057.4563,5812457.43,-30
371062.4563,5812457.43,-30
371067.4563,5812457.43,-35
371072.4563,5812457.43,-35
371077.4563,5812457.43,-35
371082.4563,5812457.43,-35
371087.4563,5812457.43,-35
370842.4563,5812452.43,-1
370847.4563,5812452.43,-1
370852.4563,5812452.43,-1
370857.4563,5812452.43,-1
370862.4563,5812452.43,-5
370867.4563,5812452.43,-5
370872.4563,5812452.43,-5
370877.4563,5812452.43,-5
370882.4563,5812452.43,-10
370887.4563,5812452.43,-10
370892.4563,5812452.43,-10
370897.4563,5812452.43,-15
370902.4563,5812452.43,-15
370907.4563,5812452.43,-15
370912.4563,5812452.43,-15
370917.4563,5812452.43,-15
370922.4563,5812452.43,-20
370927.4563,5812452.43,-20
370932.4563,5812452.43,-20
370937.4563,5812452.43,-20
370942.4563,5812452.43,-20
370947.4563,5812452.43,-20
370952.4563,5812452.43,-25
370957.4563,5812452.43,-25
370962.4563,5812452.43,-25
370967.4563,5812452.43,-25
370972.4563,5812452.43,-25
370977.4563,5812452.43,-25
370982.4563,5812452.43,-25
370987.4563,5812452.43,-25
370992.4563,5812452.43,-25
370997.4563,5812452.43,-25
371002.4563,5812452.43,-25
371007.4563,5812452.43,-25
371012.4563,5812452.43,-25
371017.4563,5812452.43,-25
371022.4563,5812452.43,-25
371027.4563,5812452.43,-30
371032.4563,5812452.43,-30
371037.4563,5812452.43,-30
371042.4563,5812452.43,-30
371047.4563,5812452.43,-30
371052.4563,5812452.43,-30
371057.4563,5812452.43,-30
371062.4563,5812452.43,-30
371067.4563,5812452.43,-35
371072.4563,5812452.43,-35
371077.4563,5812452.43,-35
371082.4563,5812452.43,-35
371087.4563,5812452.43,-35
370842.4563,5812447.43,-1
370847.4563,5812447.43,-1
370852.4563,5812447.43,-1
370857.4563,5812447.43,-1
370862.4563,5812447.43,-5
370867.4563,5812447.43,-5
370872.4563,5812447.43,-5
370877.4563,5812447.43,-5
370882.4563,5812447.43,-10
370887.4563,5812447.43,-10
370892.4563,5812447.43,-10
370897.4563,5812447.43,-15
370902.4563,5812447.43,-15
370907.4563,5812447.43,-15
370912.4563,5812447.43,-15
370917.4563,5812447.43,-20
370922.4563,5812447.43,-20
370927.4563,5812447.43,-20
370932.4563,5812447.43,-20
370937.4563,5812447.43,-20
370942.4563,5812447.43,-20
370947.4563,5812447.43,-25
370952.4563,5812447.43,-25
370957.4563,5812447.43,-25
370962.4563,5812447.43,-25
370967.4563,5812447.43,-25
370972.4563,5812447.43,-25
370977.4563,5812447.43,-25
370982.4563,5812447.43,-25
370987.4563,5812447.43,-25
370992.4563,5812447.43,-25
370997.4563,5812447.43,-25
371002.4563,5812447.43,-25
371007.4563,5812447.43,-25
371012.4563,5812447.43,-25
371017.4563,5812447.43,-25
371022.4563,5812447.43,-25
371027.4563,5812447.43,-30
371032.4563,5812447.43,-30
371037.4563,5812447.43,-30
371042.4563,5812447.43,-30
371047.4563,5812447.43,-30
371052.4563,5812447.43,-30
371057.4563,5812447.43,-30
371062.4563,5812447.43,-30
371067.4563,5812447.43,-35
371072.4563,5812447.43,-35
371077.4563,5812447.43,-35
371082.4563,5812447.43,-35
371087.4563,5812447.43,-35
370837.4563,5812442.43,-1
370842.4563,5812442.43,-1
370847.4563,5812442.43,-1
370852.4563,5812442.43,-1
370857.4563,5812442.43,-5
370862.4563,5812442.43,-5
370867.4563,5812442.43,-5
370872.4563,5812442.43,-10
370877.4563,5812442.43,-10
370882.4563,5812442.43,-10
370887.4563,5812442.43,-10
370892.4563,5812442.43,-15
370897.4563,5812442.43,-15
370902.4563,5812442.43,-15
370907.4563,5812442.43,-15
370912.4563,5812442.43,-15
370917.4563,5812442.43,-20
370922.4563,5812442.43,-20
370927.4563,5812442.43,-20
370932.4563,5812442.43,-20
370937.4563,5812442.43,-20
370942.4563,5812442.43,-20
370947.4563,5812442.43,-25
370952.4563,5812442.43,-25
370957.4563,5812442.43,-25
370962.4563,5812442.43,-25
370967.4563,5812442.43,-25
370972.4563,5812442.43,-25
370977.4563,5812442.43,-25
370982.4563,5812442.43,-25
370987.4563,5812442.43,-25
370992.4563,5812442.43,-25
370997.4563,5812442.43,-25
371002.4563,5812442.43,-25
371007.4563,5812442.43,-25
371012.4563,5812442.43,-25
371017.4563,5812442.43,-25
371022.4563,5812442.43,-25
371027.4563,5812442.43,-30
371032.4563,5812442.43,-30
371037.4563,5812442.43,-30
371042.4563,5812442.43,-30
371047.4563,5812442.43,-30
371052.4563,5812442.43,-30
371057.4563,5812442.43,-30
371062.4563,5812442.43,-30
371067.4563,5812442.43,-35
371072.4563,5812442.43,-35
371077.4563,5812442.43,-35
371082.4563,5812442.43,-35
371087.4563,5812442.43,-35
370832.4563,5812437.43,-1
370837.4563,5812437.43,-1
370842.4563,5812437.43,-1
370847.4563,5812437.43,-1
370852.4563,5812437.43,-5
370857.4563,5812437.43,-5
370862.4563,5812437.43,-5
370867.4563,5812437.43,-10
370872.4563,5812437.43,-10
370877.4563,5812437.43,-10
370882.4563,5812437.43,-10
370887.4563,5812437.43,-10
370892.4563,5812437.43,-15
370897.4563,5812437.43,-15
370902.4563,5812437.43,-15
370907.4563,5812437.43,-15
370912.4563,5812437.43,-20
370917.4563,5812437.43,-20
370922.4563,5812437.43,-20
370927.4563,5812437.43,-20
370932.4563,5812437.43,-20
370937.4563,5812437.43,-20
370942.4563,5812437.43,-25
370947.4563,5812437.43,-25
370952.4563,5812437.43,-25
370957.4563,5812437.43,-25
370962.4563,5812437.43,-25
370967.4563,5812437.43,-25
370972.4563,5812437.43,-25
370977.4563,5812437.43,-25
370982.4563,5812437.43,-25
370987.4563,5812437.43,-25
370992.4563,5812437.43,-25
370997.4563,5812437.43,-25
371002.4563,5812437.43,-25
371007.4563,5812437.43,-25
371012.4563,5812437.43,-25
371017.4563,5812437.43,-25
371022.4563,5812437.43,-25
371027.4563,5812437.43,-30
371032.4563,5812437.43,-30
371037.4563,5812437.43,-30
371042.4563,5812437.43,-30
371047.4563,5812437.43,-30
371052.4563,5812437.43,-30
371057.4563,5812437.43,-30
371062.4563,5812437.43,-35
371067.4563,5812437.43,-35
371072.4563,5812437.43,-35
371077.4563,5812437.43,-35
371082.4563,5812437.43,-35
371087.4563,5812437.43,-35
370822.4563,5812432.43,-1
370827.4563,5812432.43,-1
370832.4563,5812432.43,-1
370837.4563,5812432.43,-1
370842.4563,5812432.43,-1
370847.4563,5812432.43,-1
370852.4563,5812432.43,-5
370857.4563,5812432.43,-5
370862.4563,5812432.43,-5
370867.4563,5812432.43,-10
370872.4563,5812432.43,-10
370877.4563,5812432.43,-10
370882.4563,5812432.43,-10
370887.4563,5812432.43,-15
370892.4563,5812432.43,-15
370897.4563,5812432.43,-15
370902.4563,5812432.43,-15
370907.4563,5812432.43,-20
370912.4563,5812432.43,-20
370917.4563,5812432.43,-20
370922.4563,5812432.43,-20
370927.4563,5812432.43,-20
370932.4563,5812432.43,-20
370937.4563,5812432.43,-20
370942.4563,5812432.43,-25
370947.4563,5812432.43,-25
370952.4563,5812432.43,-25
370957.4563,5812432.43,-25
370962.4563,5812432.43,-25
370967.4563,5812432.43,-25
370972.4563,5812432.43,-25
370977.4563,5812432.43,-25
370982.4563,5812432.43,-25
370987.4563,5812432.43,-25
370992.4563,5812432.43,-25
370997.4563,5812432.43,-25
371002.4563,5812432.43,-25
371007.4563,5812432.43,-25
371012.4563,5812432.43,-25
371017.4563,5812432.43,-25
371022.4563,5812432.43,-30
371027.4563,5812432.43,-30
371032.4563,5812432.43,-30
371037.4563,5812432.43,-30
371042.4563,5812432.43,-30
371047.4563,5812432.43,-30
371052.4563,5812432.43,-30
371057.4563,5812432.43,-30
371062.4563,5812432.43,-35
371067.4563,5812432.43,-35
371072.4563,5812432.43,-35
371077.4563,5812432.43,-35
371082.4563,5812432.43,-35
371087.4563,5812432.43,-35
370817.4563,5812427.43,-1
370822.4563,5812427.43,-1
370827.4563,5812427.43,-1
370832.4563,5812427.43,-1
370837.4563,5812427.43,-1
370842.4563,5812427.43,-1
370847.4563,5812427.43,-5
370852.4563,5812427.43,-5
370857.4563,5812427.43,-5
370862.4563,5812427.43,-10
370867.4563,5812427.43,-10
370872.4563,5812427.43,-10
370877.4563,5812427.43,-15
370882.4563,5812427.43,-15
370887.4563,5812427.43,-15
370892.4563,5812427.43,-15
370897.4563,5812427.43,-15
370902.4563,5812427.43,-20
370907.4563,5812427.43,-20
370912.4563,5812427.43,-20
370917.4563,5812427.43,-20
370922.4563,5812427.43,-20
370927.4563,5812427.43,-20
370932.4563,5812427.43,-25
370937.4563,5812427.43,-25
370942.4563,5812427.43,-25
370947.4563,5812427.43,-25
370952.4563,5812427.43,-25
370957.4563,5812427.43,-25
370962.4563,5812427.43,-25
370967.4563,5812427.43,-25
370972.4563,5812427.43,-25
370977.4563,5812427.43,-25
370982.4563,5812427.43,-25
370987.4563,5812427.43,-25
370992.4563,5812427.43,-25
370997.4563,5812427.43,-25
371002.4563,5812427.43,-25
371007.4563,5812427.43,-25
371012.4563,5812427.43,-25
371017.4563,5812427.43,-25
371022.4563,5812427.43,-30
371027.4563,5812427.43,-30
371032.4563,5812427.43,-30
371037.4563,5812427.43,-30
371042.4563,5812427.43,-30
371047.4563,5812427.43,-30
371052.4563,5812427.43,-30
371057.4563,5812427.43,-30
371062.4563,5812427.43,-35
371067.4563,5812427.43,-35
371072.4563,5812427.43,-35
371077.4563,5812427.43,-35
371082.4563,5812427.43,-35
371087.4563,5812427.43,-35
370812.4563,5812422.43,-1
370817.4563,5812422.43,-1
370822.4563,5812422.43,-1
370827.4563,5812422.43,-1
370832.4563,5812422.43,-1
370837.4563,5812422.43,-1
370842.4563,5812422.43,-5
370847.4563,5812422.43,-5
370852.4563,5812422.43,-5
370857.4563,5812422.43,-5
370862.4563,5812422.43,-10
370867.4563,5812422.43,-10
370872.4563,5812422.43,-15
370877.4563,5812422.43,-15
370882.4563,5812422.43,-15
370887.4563,5812422.43,-15
370892.4563,5812422.43,-15
370897.4563,5812422.43,-20
370902.4563,5812422.43,-20
370907.4563,5812422.43,-20
370912.4563,5812422.43,-20
370917.4563,5812422.43,-20
370922.4563,5812422.43,-20
370927.4563,5812422.43,-25
370932.4563,5812422.43,-25
370937.4563,5812422.43,-25
370942.4563,5812422.43,-25
370947.4563,5812422.43,-25
370952.4563,5812422.43,-25
370957.4563,5812422.43,-25
370962.4563,5812422.43,-25
370967.4563,5812422.43,-25
370972.4563,5812422.43,-25
370977.4563,5812422.43,-25
370982.4563,5812422.43,-25
370987.4563,5812422.43,-25
370992.4563,5812422.43,-25
370997.4563,5812422.43,-25
371002.4563,5812422.43,-25
371007.4563,5812422.43,-25
371012.4563,5812422.43,-25
371017.4563,5812422.43,-30
371022.4563,5812422.43,-30
371027.4563,5812422.43,-30
371032.4563,5812422.43,-30
371037.4563,5812422.43,-30
371042.4563,5812422.43,-30
371047.4563,5812422.43,-30
371052.4563,5812422.43,-30
371057.4563,5812422.43,-30
371062.4563,5812422.43,-35
371067.4563,5812422.43,-35
371072.4563,5812422.43,-35
371077.4563,5812422.43,-35
371082.4563,5812422.43,-35
371087.4563,5812422.43,-35
370807.4563,5812417.43,-1
370812.4563,5812417.43,-1
370817.4563,5812417.43,-1
370822.4563,5812417.43,-1
370827.4563,5812417.43,-1
370832.4563,5812417.43,-5
370837.4563,5812417.43,-5
370842.4563,5812417.43,-5
370847.4563,5812417.43,-5
370852.4563,5812417.43,-5
370857.4563,5812417.43,-10
370862.4563,5812417.43,-10
370867.4563,5812417.43,-10
370872.4563,5812417.43,-15
370877.4563,5812417.43,-15
370882.4563,5812417.43,-15
370887.4563,5812417.43,-15
370892.4563,5812417.43,-15
370897.4563,5812417.43,-20
370902.4563,5812417.43,-20
370907.4563,5812417.43,-20
370912.4563,5812417.43,-20
370917.4563,5812417.43,-20
370922.4563,5812417.43,-25
370927.4563,5812417.43,-25
370932.4563,5812417.43,-25
370937.4563,5812417.43,-25
370942.4563,5812417.43,-25
370947.4563,5812417.43,-25
370952.4563,5812417.43,-25
370957.4563,5812417.43,-25
370962.4563,5812417.43,-25
370967.4563,5812417.43,-25
370972.4563,5812417.43,-25
370977.4563,5812417.43,-25
370982.4563,5812417.43,-25
370987.4563,5812417.43,-25
370992.4563,5812417.43,-25
370997.4563,5812417.43,-25
371002.4563,5812417.43,-25
371007.4563,5812417.43,-25
371012.4563,5812417.43,-30
371017.4563,5812417.43,-30
371022.4563,5812417.43,-30
371027.4563,5812417.43,-30
371032.4563,5812417.43,-30
371037.4563,5812417.43,-30
371042.4563,5812417.43,-30
371047.4563,5812417.43,-30
371052.4563,5812417.43,-30
371057.4563,5812417.43,-35
371062.4563,5812417.43,-35
371067.4563,5812417.43,-35
371072.4563,5812417.43,-35
371077.4563,5812417.43,-35
371082.4563,5812417.43,-35
371087.4563,5812417.43,-35
370802.4563,5812412.43,-1
370807.4563,5812412.43,-1
370812.4563,5812412.43,-1
370817.4563,5812412.43,-1
370822.4563,5812412.43,-5
370827.4563,5812412.43,-5
370832.4563,5812412.43,-5
370837.4563,5812412.43,-5
370842.4563,5812412.43,-5
370847.4563,5812412.43,-5
370852.4563,5812412.43,-10
370857.4563,5812412.43,-10
370862.4563,5812412.43,-10
370867.4563,5812412.43,-15
370872.4563,5812412.43,-15
370877.4563,5812412.43,-15
370882.4563,5812412.43,-15
370887.4563,5812412.43,-15
370892.4563,5812412.43,-20
370897.4563,5812412.43,-20
370902.4563,5812412.43,-20
370907.4563,5812412.43,-20
370912.4563,5812412.43,-20
370917.4563,5812412.43,-20
370922.4563,5812412.43,-25
370927.4563,5812412.43,-25
370932.4563,5812412.43,-25
370937.4563,5812412.43,-25
370942.4563,5812412.43,-25
370947.4563,5812412.43,-25
370952.4563,5812412.43,-25
370957.4563,5812412.43,-25
370962.4563,5812412.43,-25
370967.4563,5812412.43,-25
370972.4563,5812412.43,-25
370977.4563,5812412.43,-25
370982.4563,5812412.43,-25
370987.4563,5812412.43,-25
370992.4563,5812412.43,-25
370997.4563,5812412.43,-25
371002.4563,5812412.43,-25
371007.4563,5812412.43,-30
371012.4563,5812412.43,-30
371017.4563,5812412.43,-30
371022.4563,5812412.43,-30
371027.4563,5812412.43,-30
371032.4563,5812412.43,-30
371037.4563,5812412.43,-30
371042.4563,5812412.43,-30
371047.4563,5812412.43,-30
371052.4563,5812412.43,-30
371057.4563,5812412.43,-35
371062.4563,5812412.43,-35
371067.4563,5812412.43,-35
371072.4563,5812412.43,-35
371077.4563,5812412.43,-35
371082.4563,5812412.43,-35
370797.4563,5812407.43,-1
370802.4563,5812407.43,-1
370807.4563,5812407.43,-1
370812.4563,5812407.43,-1
370817.4563,5812407.43,-5
370822.4563,5812407.43,-5
370827.4563,5812407.43,-5
370832.4563,5812407.43,-5
370837.4563,5812407.43,-5
370842.4563,5812407.43,-5
370847.4563,5812407.43,-10
370852.4563,5812407.43,-10
370857.4563,5812407.43,-10
370862.4563,5812407.43,-15
370867.4563,5812407.43,-15
370872.4563,5812407.43,-15
370877.4563,5812407.43,-15
370882.4563,5812407.43,-15
370887.4563,5812407.43,-20
370892.4563,5812407.43,-20
370897.4563,5812407.43,-20
370902.4563,5812407.43,-20
370907.4563,5812407.43,-20
370912.4563,5812407.43,-20
370917.4563,5812407.43,-25
370922.4563,5812407.43,-25
370927.4563,5812407.43,-25
370932.4563,5812407.43,-25
370937.4563,5812407.43,-25
370942.4563,5812407.43,-25
370947.4563,5812407.43,-25
370952.4563,5812407.43,-25
370957.4563,5812407.43,-25
370962.4563,5812407.43,-25
370967.4563,5812407.43,-25
370972.4563,5812407.43,-25
370977.4563,5812407.43,-25
370982.4563,5812407.43,-25
370987.4563,5812407.43,-25
370992.4563,5812407.43,-25
370997.4563,5812407.43,-25
371002.4563,5812407.43,-30
371007.4563,5812407.43,-30
371012.4563,5812407.43,-30
371017.4563,5812407.43,-30
371022.4563,5812407.43,-30
371027.4563,5812407.43,-30
371032.4563,5812407.43,-30
371037.4563,5812407.43,-30
371042.4563,5812407.43,-30
371047.4563,5812407.43,-30
371052.4563,5812407.43,-35
371057.4563,5812407.43,-35
371062.4563,5812407.43,-35
371067.4563,5812407.43,-35
371072.4563,5812407.43,-35
371077.4563,5812407.43,-35
371082.4563,5812407.43,-35
370792.4563,5812402.43,-1
370797.4563,5812402.43,-1
370802.4563,5812402.43,-1
370807.4563,5812402.43,-1
370812.4563,5812402.43,-5
370817.4563,5812402.43,-5
370822.4563,5812402.43,-5
370827.4563,5812402.43,-5
370832.4563,5812402.43,-5
370837.4563,5812402.43,-5
370842.4563,5812402.43,-10
370847.4563,5812402.43,-10
370852.4563,5812402.43,-10
370857.4563,5812402.43,-15
370862.4563,5812402.43,-15
370867.4563,5812402.43,-15
370872.4563,5812402.43,-15
370877.4563,5812402.43,-20
370882.4563,5812402.43,-20
370887.4563,5812402.43,-20
370892.4563,5812402.43,-20
370897.4563,5812402.43,-20
370902.4563,5812402.43,-20
370907.4563,5812402.43,-20
370912.4563,5812402.43,-25
370917.4563,5812402.43,-25
370922.4563,5812402.43,-25
370927.4563,5812402.43,-25
370932.4563,5812402.43,-25
370937.4563,5812402.43,-25
370942.4563,5812402.43,-25
370947.4563,5812402.43,-25
370952.4563,5812402.43,-25
370957.4563,5812402.43,-25
370962.4563,5812402.43,-25
370967.4563,5812402.43,-25
370972.4563,5812402.43,-25
370977.4563,5812402.43,-25
370982.4563,5812402.43,-25
370987.4563,5812402.43,-25
370992.4563,5812402.43,-30
370997.4563,5812402.43,-30
371002.4563,5812402.43,-30
371007.4563,5812402.43,-30
371012.4563,5812402.43,-30
371017.4563,5812402.43,-30
371022.4563,5812402.43,-30
371027.4563,5812402.43,-30
371032.4563,5812402.43,-30
371037.4563,5812402.43,-30
371042.4563,5812402.43,-30
371047.4563,5812402.43,-35
371052.4563,5812402.43,-35
371057.4563,5812402.43,-35
371062.4563,5812402.43,-35
371067.4563,5812402.43,-35
371072.4563,5812402.43,-35
371077.4563,5812402.43,-35
370787.4563,5812397.43,-1
370792.4563,5812397.43,-1
370797.4563,5812397.43,-1
370802.4563,5812397.43,-1
370807.4563,5812397.43,-5
370812.4563,5812397.43,-5
370817.4563,5812397.43,-5
370822.4563,5812397.43,-5
370827.4563,5812397.43,-5
370832.4563,5812397.43,-5
370837.4563,5812397.43,-10
370842.4563,5812397.43,-10
370847.4563,5812397.43,-10
370852.4563,5812397.43,-15
370857.4563,5812397.43,-15
370862.4563,5812397.43,-15
370867.4563,5812397.43,-15
370872.4563,5812397.43,-20
370877.4563,5812397.43,-20
370882.4563,5812397.43,-20
370887.4563,5812397.43,-20
370892.4563,5812397.43,-20
370897.4563,5812397.43,-20
370902.4563,5812397.43,-20
370907.4563,5812397.43,-25
370912.4563,5812397.43,-25
370917.4563,5812397.43,-25
370922.4563,5812397.43,-25
370927.4563,5812397.43,-25
370932.4563,5812397.43,-25
370937.4563,5812397.43,-25
370942.4563,5812397.43,-25
370947.4563,5812397.43,-25
370952.4563,5812397.43,-25
370957.4563,5812397.43,-25
370962.4563,5812397.43,-25
370967.4563,5812397.43,-25
370972.4563,5812397.43,-25
370977.4563,5812397.43,-25
370982.4563,5812397.43,-25
370987.4563,5812397.43,-30
370992.4563,5812397.43,-30
370997.4563,5812397.43,-30
371002.4563,5812397.43,-30
371007.4563,5812397.43,-30
371012.4563,5812397.43,-30
371017.4563,5812397.43,-30
371022.4563,5812397.43,-30
371027.4563,5812397.43,-30
371032.4563,5812397.43,-30
371037.4563,5812397.43,-30
371042.4563,5812397.43,-30
371047.4563,5812397.43,-35
371052.4563,5812397.43,-35
371057.4563,5812397.43,-35
371062.4563,5812397.43,-35
371067.4563,5812397.43,-35
371072.4563,5812397.43,-35
371077.4563,5812397.43,-35
370787.4563,5812392.43,-1
370792.4563,5812392.43,-1
370797.4563,5812392.43,-1
370802.4563,5812392.43,-5
370807.4563,5812392.43,-5
370812.4563,5812392.43,-5
370817.4563,5812392.43,-5
370822.4563,5812392.43,-5
370827.4563,5812392.43,-5
370832.4563,5812392.43,-10
370837.4563,5812392.43,-10
370842.4563,5812392.43,-10
370847.4563,5812392.43,-10
370852.4563,5812392.43,-15
370857.4563,5812392.43,-15
370862.4563,5812392.43,-15
370867.4563,5812392.43,-20
370872.4563,5812392.43,-20
370877.4563,5812392.43,-20
370882.4563,5812392.43,-20
370887.4563,5812392.43,-20
370892.4563,5812392.43,-20
370897.4563,5812392.43,-20
370902.4563,5812392.43,-25
370907.4563,5812392.43,-25
370912.4563,5812392.43,-25
370917.4563,5812392.43,-25
370922.4563,5812392.43,-25
370927.4563,5812392.43,-25
370932.4563,5812392.43,-25
370937.4563,5812392.43,-25
370942.4563,5812392.43,-25
370947.4563,5812392.43,-25
370952.4563,5812392.43,-30
370957.4563,5812392.43,-25
370962.4563,5812392.43,-25
370967.4563,5812392.43,-25
370972.4563,5812392.43,-25
370977.4563,5812392.43,-30
370982.4563,5812392.43,-30
370987.4563,5812392.43,-30
370992.4563,5812392.43,-30
370997.4563,5812392.43,-30
371002.4563,5812392.43,-30
371007.4563,5812392.43,-30
371012.4563,5812392.43,-30
371017.4563,5812392.43,-30
371022.4563,5812392.43,-30
371027.4563,5812392.43,-30
371032.4563,5812392.43,-30
371037.4563,5812392.43,-30
371042.4563,5812392.43,-35
371047.4563,5812392.43,-35
371052.4563,5812392.43,-35
371057.4563,5812392.43,-35
371062.4563,5812392.43,-35
371067.4563,5812392.43,-35
371072.4563,5812392.43,-35
371077.4563,5812392.43,-35
370782.4563,5812387.43,-1
370787.4563,5812387.43,-1
370792.4563,5812387.43,-1
370797.4563,5812387.43,-5
370802.4563,5812387.43,-5
370807.4563,5812387.43,-5
370812.4563,5812387.43,-5
370817.4563,5812387.43,-5
370822.4563,5812387.43,-5
370827.4563,5812387.43,-10
370832.4563,5812387.43,-10
370837.4563,5812387.43,-10
370842.4563,5812387.43,-10
370847.4563,5812387.43,-15
370852.4563,5812387.43,-15
370857.4563,5812387.43,-15
370862.4563,5812387.43,-20
370867.4563,5812387.43,-20
370872.4563,5812387.43,-20
370877.4563,5812387.43,-20
370882.4563,5812387.43,-20
370887.4563,5812387.43,-20
370892.4563,5812387.43,-20
370897.4563,5812387.43,-20
370902.4563,5812387.43,-25
370907.4563,5812387.43,-25
370912.4563,5812387.43,-25
370917.4563,5812387.43,-25
370922.4563,5812387.43,-25
370927.4563,5812387.43,-25
370932.4563,5812387.43,-25
370937.4563,5812387.43,-25
370942.4563,5812387.43,-25
370947.4563,5812387.43,-30
370952.4563,5812387.43,-30
370957.4563,5812387.43,-30
370962.4563,5812387.43,-30
370967.4563,5812387.43,-30
370972.4563,5812387.43,-30
370977.4563,5812387.43,-30
370982.4563,5812387.43,-30
370987.4563,5812387.43,-30
370992.4563,5812387.43,-30
370997.4563,5812387.43,-30
371002.4563,5812387.43,-30
371007.4563,5812387.43,-30
371012.4563,5812387.43,-30
371017.4563,5812387.43,-30
371022.4563,5812387.43,-30
371027.4563,5812387.43,-30
371032.4563,5812387.43,-30
371037.4563,5812387.43,-30
371042.4563,5812387.43,-35
371047.4563,5812387.43,-35
371052.4563,5812387.43,-35
371057.4563,5812387.43,-35
371062.4563,5812387.43,-35
371067.4563,5812387.43,-35
371072.4563,5812387.43,-35
370777.4563,5812382.43,-1
370782.4563,5812382.43,-1
370787.4563,5812382.43,-1
370792.4563,5812382.43,-1
370797.4563,5812382.43,-5
370802.4563,5812382.43,-5
370807.4563,5812382.43,-5
370812.4563,5812382.43,-5
370817.4563,5812382.43,-5
370822.4563,5812382.43,-10
370827.4563,5812382.43,-10
370832.4563,5812382.43,-10
370837.4563,5812382.43,-10
370842.4563,5812382.43,-15
370847.4563,5812382.43,-15
370852.4563,5812382.43,-15
370857.4563,5812382.43,-20
370862.4563,5812382.43,-20
370867.4563,5812382.43,-20
370872.4563,5812382.43,-20
370877.4563,5812382.43,-20
370882.4563,5812382.43,-20
370887.4563,5812382.43,-20
370892.4563,5812382.43,-20
370897.4563,5812382.43,-25
370902.4563,5812382.43,-25
370907.4563,5812382.43,-25
370912.4563,5812382.43,-25
370917.4563,5812382.43,-25
370922.4563,5812382.43,-25
370927.4563,5812382.43,-25
370932.4563,5812382.43,-25
370937.4563,5812382.43,-25
370942.4563,5812382.43,-25
370947.4563,5812382.43,-30
370952.4563,5812382.43,-30
370957.4563,5812382.43,-30
370962.4563,5812382.43,-30
370967.4563,5812382.43,-30
370972.4563,5812382.43,-30
370977.4563,5812382.43,-30
370982.4563,5812382.43,-30
370987.4563,5812382.43,-30
370992.4563,5812382.43,-30
370997.4563,5812382.43,-30
371002.4563,5812382.43,-30
371007.4563,5812382.43,-30
371012.4563,5812382.43,-30
371017.4563,5812382.43,-30
371022.4563,5812382.43,-30
371027.4563,5812382.43,-30
371032.4563,5812382.43,-30
371037.4563,5812382.43,-30
371042.4563,5812382.43,-35
371047.4563,5812382.43,-35
371052.4563,5812382.43,-35
371057.4563,5812382.43,-35
371062.4563,5812382.43,-35
371067.4563,5812382.43,-35
371072.4563,5812382.43,-35
370777.4563,5812377.43,-1
370782.4563,5812377.43,-1
370787.4563,5812377.43,-1
370792.4563,5812377.43,-1
370797.4563,5812377.43,-5
370802.4563,5812377.43,-5
370807.4563,5812377.43,-5
370812.4563,5812377.43,-5
370817.4563,5812377.43,-10
370822.4563,5812377.43,-10
370827.4563,5812377.43,-10
370832.4563,5812377.43,-10
370837.4563,5812377.43,-10
370842.4563,5812377.43,-15
370847.4563,5812377.43,-15
370852.4563,5812377.43,-15
370857.4563,5812377.43,-20
370862.4563,5812377.43,-20
370867.4563,5812377.43,-20
370872.4563,5812377.43,-20
370877.4563,5812377.43,-20
370882.4563,5812377.43,-20
370887.4563,5812377.43,-20
370892.4563,5812377.43,-25
370897.4563,5812377.43,-25
370902.4563,5812377.43,-25
370907.4563,5812377.43,-25
370912.4563,5812377.43,-25
370917.4563,5812377.43,-25
370922.4563,5812377.43,-25
370927.4563,5812377.43,-25
370932.4563,5812377.43,-25
370937.4563,5812377.43,-25
370942.4563,5812377.43,-25
370947.4563,5812377.43,-30
370952.4563,5812377.43,-30
370957.4563,5812377.43,-30
370962.4563,5812377.43,-30
370967.4563,5812377.43,-30
370972.4563,5812377.43,-30
370977.4563,5812377.43,-30
370982.4563,5812377.43,-30
370987.4563,5812377.43,-30
370992.4563,5812377.43,-30
370997.4563,5812377.43,-30
371002.4563,5812377.43,-30
371007.4563,5812377.43,-30
371012.4563,5812377.43,-30
371017.4563,5812377.43,-30
371022.4563,5812377.43,-30
371027.4563,5812377.43,-30
371032.4563,5812377.43,-30
371037.4563,5812377.43,-30
371042.4563,5812377.43,-35
371047.4563,5812377.43,-35
371052.4563,5812377.43,-35
371057.4563,5812377.43,-35
371062.4563,5812377.43,-35
371067.4563,5812377.43,-35
371072.4563,5812377.43,-35
370772.4563,5812372.43,-1
370777.4563,5812372.43,-1
370782.4563,5812372.43,-1
370787.4563,5812372.43,-1
370792.4563,5812372.43,-5
370797.4563,5812372.43,-5
370802.4563,5812372.43,-5
370807.4563,5812372.43,-5
370812.4563,5812372.43,-10
370817.4563,5812372.43,-10
370822.4563,5812372.43,-10
370827.4563,5812372.43,-10
370832.4563,5812372.43,-10
370837.4563,5812372.43,-15
370842.4563,5812372.43,-15
370847.4563,5812372.43,-15
370852.4563,5812372.43,-15
370857.4563,5812372.43,-20
370862.4563,5812372.43,-20
370867.4563,5812372.43,-20
370872.4563,5812372.43,-20
370877.4563,5812372.43,-20
370882.4563,5812372.43,-20
370887.4563,5812372.43,-20
370892.4563,5812372.43,-25
370897.4563,5812372.43,-25
370902.4563,5812372.43,-25
370907.4563,5812372.43,-25
370912.4563,5812372.43,-25
370917.4563,5812372.43,-25
370922.4563,5812372.43,-25
370927.4563,5812372.43,-25
370932.4563,5812372.43,-25
370937.4563,5812372.43,-25
370942.4563,5812372.43,-30
370947.4563,5812372.43,-30
370952.4563,5812372.43,-30
370957.4563,5812372.43,-30
370962.4563,5812372.43,-30
370967.4563,5812372.43,-30
370972.4563,5812372.43,-30
370977.4563,5812372.43,-30
370982.4563,5812372.43,-30
370987.4563,5812372.43,-30
370992.4563,5812372.43,-30
370997.4563,5812372.43,-30
371002.4563,5812372.43,-30
371007.4563,5812372.43,-30
371012.4563,5812372.43,-30
371017.4563,5812372.43,-30
371022.4563,5812372.43,-30
371027.4563,5812372.43,-30
371032.4563,5812372.43,-30
371037.4563,5812372.43,-30
371042.4563,5812372.43,-35
371047.4563,5812372.43,-35
371052.4563,5812372.43,-35
371057.4563,5812372.43,-35
371062.4563,5812372.43,-35
371067.4563,5812372.43,-35
370772.4563,5812367.43,-1
370777.4563,5812367.43,-1
370782.4563,5812367.43,-1
370787.4563,5812367.43,-1
370792.4563,5812367.43,-5
370797.4563,5812367.43,-5
370802.4563,5812367.43,-5
370807.4563,5812367.43,-5
370812.4563,5812367.43,-10
370817.4563,5812367.43,-10
370822.4563,5812367.43,-10
370827.4563,5812367.43,-15
370832.4563,5812367.43,-15
370837.4563,5812367.43,-15
370842.4563,5812367.43,-15
370847.4563,5812367.43,-15
370852.4563,5812367.43,-20
370857.4563,5812367.43,-20
370862.4563,5812367.43,-20
370867.4563,5812367.43,-20
370872.4563,5812367.43,-20
370877.4563,5812367.43,-20
370882.4563,5812367.43,-20
370887.4563,5812367.43,-20
370892.4563,5812367.43,-25
370897.4563,5812367.43,-25
370902.4563,5812367.43,-25
370907.4563,5812367.43,-25
370912.4563,5812367.43,-25
370917.4563,5812367.43,-25
370922.4563,5812367.43,-25
370927.4563,5812367.43,-25
370932.4563,5812367.43,-25
370937.4563,5812367.43,-30
370942.4563,5812367.43,-30
370947.4563,5812367.43,-30
370952.4563,5812367.43,-30
370957.4563,5812367.43,-30
370962.4563,5812367.43,-30
370967.4563,5812367.43,-30
370972.4563,5812367.43,-30
370977.4563,5812367.43,-30
370982.4563,5812367.43,-30
370987.4563,5812367.43,-30
370992.4563,5812367.43,-30
370997.4563,5812367.43,-30
371002.4563,5812367.43,-30
371007.4563,5812367.43,-30
371012.4563,5812367.43,-30
371017.4563,5812367.43,-30
371022.4563,5812367.43,-30
371027.4563,5812367.43,-30
371032.4563,5812367.43,-30
371037.4563,5812367.43,-35
371042.4563,5812367.43,-35
371047.4563,5812367.43,-35
371052.4563,5812367.43,-35
371057.4563,5812367.43,-35
371062.4563,5812367.43,-35
370767.4563,5812362.43,-1
370772.4563,5812362.43,-1
370777.4563,5812362.43,-1
370782.4563,5812362.43,-1
370787.4563,5812362.43,-5
370792.4563,5812362.43,-5
370797.4563,5812362.43,-5
370802.4563,5812362.43,-5
370807.4563,5812362.43,-10
370812.4563,5812362.43,-10
370817.4563,5812362.43,-10
370822.4563,5812362.43,-15
370827.4563,5812362.43,-15
370832.4563,5812362.43,-15
370837.4563,5812362.43,-15
370842.4563,5812362.43,-15
370847.4563,5812362.43,-15
370852.4563,5812362.43,-20
370857.4563,5812362.43,-20
370862.4563,5812362.43,-20
370867.4563,5812362.43,-20
370872.4563,5812362.43,-20
370877.4563,5812362.43,-20
370882.4563,5812362.43,-20
370887.4563,5812362.43,-20
370892.4563,5812362.43,-25
370897.4563,5812362.43,-25
370902.4563,5812362.43,-25
370907.4563,5812362.43,-25
370912.4563,5812362.43,-25
370917.4563,5812362.43,-25
370922.4563,5812362.43,-25
370927.4563,5812362.43,-25
370932.4563,5812362.43,-30
370937.4563,5812362.43,-30
370942.4563,5812362.43,-30
370947.4563,5812362.43,-30
370952.4563,5812362.43,-30
370957.4563,5812362.43,-30
370962.4563,5812362.43,-30
370967.4563,5812362.43,-30
370972.4563,5812362.43,-30
370977.4563,5812362.43,-30
370982.4563,5812362.43,-30
370987.4563,5812362.43,-30
370992.4563,5812362.43,-30
370997.4563,5812362.43,-30
371002.4563,5812362.43,-30
371007.4563,5812362.43,-30
371012.4563,5812362.43,-30
371017.4563,5812362.43,-30
371022.4563,5812362.43,-30
371027.4563,5812362.43,-30
371032.4563,5812362.43,-30
371037.4563,5812362.43,-35
371042.4563,5812362.43,-35
371047.4563,5812362.43,-35
371052.4563,5812362.43,-35
370762.4563,5812357.43,-1
370767.4563,5812357.43,-1
370772.4563,5812357.43,-1
370777.4563,5812357.43,-1
370782.4563,5812357.43,-5
370787.4563,5812357.43,-5
370792.4563,5812357.43,-5
370797.4563,5812357.43,-5
370802.4563,5812357.43,-10
370807.4563,5812357.43,-10
370812.4563,5812357.43,-10
370817.4563,5812357.43,-10
370822.4563,5812357.43,-15
370827.4563,5812357.43,-15
370832.4563,5812357.43,-15
370837.4563,5812357.43,-15
370842.4563,5812357.43,-15
370847.4563,5812357.43,-20
370852.4563,5812357.43,-20
370857.4563,5812357.43,-20
370862.4563,5812357.43,-20
370867.4563,5812357.43,-20
370872.4563,5812357.43,-20
370877.4563,5812357.43,-20
370882.4563,5812357.43,-20
370887.4563,5812357.43,-25
370892.4563,5812357.43,-25
370897.4563,5812357.43,-25
370902.4563,5812357.43,-25
370907.4563,5812357.43,-25
370912.4563,5812357.43,-25
370917.4563,5812357.43,-25
370922.4563,5812357.43,-25
370927.4563,5812357.43,-25
370932.4563,5812357.43,-30
370937.4563,5812357.43,-30
370942.4563,5812357.43,-30
370947.4563,5812357.43,-30
370952.4563,5812357.43,-30
370957.4563,5812357.43,-30
370962.4563,5812357.43,-30
370967.4563,5812357.43,-30
370972.4563,5812357.43,-30
370977.4563,5812357.43,-30
370982.4563,5812357.43,-30
370987.4563,5812357.43,-30
370992.4563,5812357.43,-30
370997.4563,5812357.43,-30
371002.4563,5812357.43,-30
371007.4563,5812357.43,-30
371012.4563,5812357.43,-30
371017.4563,5812357.43,-30
371022.4563,5812357.43,-30
371027.4563,5812357.43,-30
371032.4563,5812357.43,-30
371037.4563,5812357.43,-35
371042.4563,5812357.43,-35
371047.4563,5812357.43,-35
370762.4563,5812352.43,-1
370767.4563,5812352.43,-1
370772.4563,5812352.43,-1
370777.4563,5812352.43,-1
370782.4563,5812352.43,-5
370787.4563,5812352.43,-5
370792.4563,5812352.43,-5
370797.4563,5812352.43,-10
370802.4563,5812352.43,-10
370807.4563,5812352.43,-10
370812.4563,5812352.43,-10
370817.4563,5812352.43,-15
370822.4563,5812352.43,-15
370827.4563,5812352.43,-15
370832.4563,5812352.43,-15
370837.4563,5812352.43,-15
370842.4563,5812352.43,-20
370847.4563,5812352.43,-20
370852.4563,5812352.43,-20
370857.4563,5812352.43,-20
370862.4563,5812352.43,-20
370867.4563,5812352.43,-20
370872.4563,5812352.43,-20
370877.4563,5812352.43,-20
370882.4563,5812352.43,-25
370887.4563,5812352.43,-25
370892.4563,5812352.43,-25
370897.4563,5812352.43,-25
370902.4563,5812352.43,-25
370907.4563,5812352.43,-25
370912.4563,5812352.43,-25
370917.4563,5812352.43,-25
370922.4563,5812352.43,-25
370927.4563,5812352.43,-30
370932.4563,5812352.43,-30
370937.4563,5812352.43,-30
370942.4563,5812352.43,-30
370947.4563,5812352.43,-30
370952.4563,5812352.43,-30
370957.4563,5812352.43,-30
370962.4563,5812352.43,-30
370967.4563,5812352.43,-30
370972.4563,5812352.43,-30
370977.4563,5812352.43,-30
370982.4563,5812352.43,-30
370987.4563,5812352.43,-30
370992.4563,5812352.43,-30
370997.4563,5812352.43,-30
371002.4563,5812352.43,-30
371007.4563,5812352.43,-30
371012.4563,5812352.43,-30
371017.4563,5812352.43,-30
371022.4563,5812352.43,-30
371027.4563,5812352.43,-30
371032.4563,5812352.43,-30
371037.4563,5812352.43,-30
371042.4563,5812352.43,-35
370757.4563,5812347.43,-1
370762.4563,5812347.43,-1
370767.4563,5812347.43,-1
370772.4563,5812347.43,-1
370777.4563,5812347.43,-5
370782.4563,5812347.43,-5
370787.4563,5812347.43,-5
370792.4563,5812347.43,-10
370797.4563,5812347.43,-10
370802.4563,5812347.43,-10
370807.4563,5812347.43,-10
370812.4563,5812347.43,-10
370817.4563,5812347.43,-15
370822.4563,5812347.43,-15
370827.4563,5812347.43,-15
370832.4563,5812347.43,-15
370837.4563,5812347.43,-15
370842.4563,5812347.43,-20
370847.4563,5812347.43,-20
370852.4563,5812347.43,-20
370857.4563,5812347.43,-20
370862.4563,5812347.43,-20
370867.4563,5812347.43,-20
370872.4563,5812347.43,-20
370877.4563,5812347.43,-25
370882.4563,5812347.43,-25
370887.4563,5812347.43,-25
370892.4563,5812347.43,-25
370897.4563,5812347.43,-25
370902.4563,5812347.43,-25
370907.4563,5812347.43,-25
370912.4563,5812347.43,-25
370917.4563,5812347.43,-25
370922.4563,5812347.43,-30
370927.4563,5812347.43,-30
370932.4563,5812347.43,-30
370937.4563,5812347.43,-30
370942.4563,5812347.43,-30
370947.4563,5812347.43,-30
370952.4563,5812347.43,-30
370957.4563,5812347.43,-30
370962.4563,5812347.43,-30
370967.4563,5812347.43,-30
370972.4563,5812347.43,-30
370977.4563,5812347.43,-30
370982.4563,5812347.43,-30
370987.4563,5812347.43,-30
370992.4563,5812347.43,-30
370997.4563,5812347.43,-30
371002.4563,5812347.43,-30
371007.4563,5812347.43,-30
371012.4563,5812347.43,-30
371017.4563,5812347.43,-30
371022.4563,5812347.43,-30
371027.4563,5812347.43,-30
371032.4563,5812347.43,-30
370752.4563,5812342.43,-1
370757.4563,5812342.43,-1
370762.4563,5812342.43,-1
370767.4563,5812342.43,-5
370772.4563,5812342.43,-5
370777.4563,5812342.43,-5
370782.4563,5812342.43,-5
370787.4563,5812342.43,-10
370792.4563,5812342.43,-10
370797.4563,5812342.43,-10
370802.4563,5812342.43,-10
370807.4563,5812342.43,-10
370812.4563,5812342.43,-15
370817.4563,5812342.43,-15
370822.4563,5812342.43,-15
370827.4563,5812342.43,-15
370832.4563,5812342.43,-15
370837.4563,5812342.43,-20
370842.4563,5812342.43,-20
370847.4563,5812342.43,-20
370852.4563,5812342.43,-20
370857.4563,5812342.43,-20
370862.4563,5812342.43,-20
370867.4563,5812342.43,-20
370872.4563,5812342.43,-25
370877.4563,5812342.43,-25
370882.4563,5812342.43,-25
370887.4563,5812342.43,-25
370892.4563,5812342.43,-25
370897.4563,5812342.43,-25
370902.4563,5812342.43,-25
370907.4563,5812342.43,-25
370912.4563,5812342.43,-25
370917.4563,5812342.43,-30
370922.4563,5812342.43,-30
370927.4563,5812342.43,-30
370932.4563,5812342.43,-30
370937.4563,5812342.43,-30
370942.4563,5812342.43,-30
370947.4563,5812342.43,-30
370952.4563,5812342.43,-30
370957.4563,5812342.43,-30
370962.4563,5812342.43,-30
370967.4563,5812342.43,-30
370972.4563,5812342.43,-30
370977.4563,5812342.43,-30
370982.4563,5812342.43,-30
370987.4563,5812342.43,-30
370992.4563,5812342.43,-30
370997.4563,5812342.43,-30
371002.4563,5812342.43,-30
371007.4563,5812342.43,-30
371012.4563,5812342.43,-30
371017.4563,5812342.43,-30
371022.4563,5812342.43,-30
371027.4563,5812342.43,-30
370747.4563,5812337.43,-1
370752.4563,5812337.43,-1
370757.4563,5812337.43,-1
370762.4563,5812337.43,-5
370767.4563,5812337.43,-5
370772.4563,5812337.43,-5
370777.4563,5812337.43,-5
370782.4563,5812337.43,-10
370787.4563,5812337.43,-10
370792.4563,5812337.43,-10
370797.4563,5812337.43,-10
370802.4563,5812337.43,-10
370807.4563,5812337.43,-15
370812.4563,5812337.43,-15
370817.4563,5812337.43,-15
370822.4563,5812337.43,-15
370827.4563,5812337.43,-20
370832.4563,5812337.43,-20
370837.4563,5812337.43,-20
370842.4563,5812337.43,-20
370847.4563,5812337.43,-20
370852.4563,5812337.43,-20
370857.4563,5812337.43,-20
370862.4563,5812337.43,-20
370867.4563,5812337.43,-25
370872.4563,5812337.43,-25
370877.4563,5812337.43,-25
370882.4563,5812337.43,-25
370887.4563,5812337.43,-25
370892.4563,5812337.43,-25
370897.4563,5812337.43,-25
370902.4563,5812337.43,-30
370907.4563,5812337.43,-30
370912.4563,5812337.43,-30
370917.4563,5812337.43,-30
370922.4563,5812337.43,-30
370927.4563,5812337.43,-30
370932.4563,5812337.43,-30
370937.4563,5812337.43,-30
370942.4563,5812337.43,-30
370947.4563,5812337.43,-30
370952.4563,5812337.43,-30
370957.4563,5812337.43,-30
370962.4563,5812337.43,-30
370967.4563,5812337.43,-30
370972.4563,5812337.43,-30
370977.4563,5812337.43,-30
370982.4563,5812337.43,-30
370987.4563,5812337.43,-30
370992.4563,5812337.43,-30
370997.4563,5812337.43,-35
371002.4563,5812337.43,-35
371007.4563,5812337.43,-35
371012.4563,5812337.43,-35
371017.4563,5812337.43,-35
370747.4563,5812332.43,-1
370752.4563,5812332.43,-1
370757.4563,5812332.43,-5
370762.4563,5812332.43,-5
370767.4563,5812332.43,-5
370772.4563,5812332.43,-5
370777.4563,5812332.43,-10
370782.4563,5812332.43,-10
370787.4563,5812332.43,-10
370792.4563,5812332.43,-10
370797.4563,5812332.43,-10
370802.4563,5812332.43,-15
370807.4563,5812332.43,-15
370812.4563,5812332.43,-15
370817.4563,5812332.43,-15
370822.4563,5812332.43,-20
370827.4563,5812332.43,-20
370832.4563,5812332.43,-20
370837.4563,5812332.43,-20
370842.4563,5812332.43,-20
370847.4563,5812332.43,-20
370852.4563,5812332.43,-20
370857.4563,5812332.43,-20
370862.4563,5812332.43,-25
370867.4563,5812332.43,-25
370872.4563,5812332.43,-25
370877.4563,5812332.43,-25
370882.4563,5812332.43,-25
370887.4563,5812332.43,-25
370892.4563,5812332.43,-25
370897.4563,5812332.43,-25
370902.4563,5812332.43,-30
370907.4563,5812332.43,-30
370912.4563,5812332.43,-30
370917.4563,5812332.43,-30
370922.4563,5812332.43,-30
370927.4563,5812332.43,-30
370932.4563,5812332.43,-30
370937.4563,5812332.43,-30
370942.4563,5812332.43,-30
370947.4563,5812332.43,-30
370952.4563,5812332.43,-30
370957.4563,5812332.43,-30
370962.4563,5812332.43,-30
370967.4563,5812332.43,-30
370972.4563,5812332.43,-30
370977.4563,5812332.43,-30
370982.4563,5812332.43,-30
370987.4563,5812332.43,-35
370992.4563,5812332.43,-35
370997.4563,5812332.43,-35
371002.4563,5812332.43,-35
371007.4563,5812332.43,-35
371012.4563,5812332.43,-35
370742.4563,5812327.43,-1
370747.4563,5812327.43,-1
370752.4563,5812327.43,-5
370757.4563,5812327.43,-5
370762.4563,5812327.43,-5
370767.4563,5812327.43,-5
370772.4563,5812327.43,-5
370777.4563,5812327.43,-10
370782.4563,5812327.43,-10
370787.4563,5812327.43,-10
370792.4563,5812327.43,-15
370797.4563,5812327.43,-15
370802.4563,5812327.43,-15
370807.4563,5812327.43,-15
370812.4563,5812327.43,-15
370817.4563,5812327.43,-20
370822.4563,5812327.43,-20
370827.4563,5812327.43,-20
370832.4563,5812327.43,-20
370837.4563,5812327.43,-20
370842.4563,5812327.43,-20
370847.4563,5812327.43,-20
370852.4563,5812327.43,-20
370857.4563,5812327.43,-20
370862.4563,5812327.43,-25
370867.4563,5812327.43,-25
370872.4563,5812327.43,-25
370877.4563,5812327.43,-25
370882.4563,5812327.43,-25
370887.4563,5812327.43,-25
370892.4563,5812327.43,-25
370897.4563,5812327.43,-30
370902.4563,5812327.43,-30
370907.4563,5812327.43,-30
370912.4563,5812327.43,-30
370917.4563,5812327.43,-30
370922.4563,5812327.43,-30
370927.4563,5812327.43,-30
370932.4563,5812327.43,-30
370937.4563,5812327.43,-30
370942.4563,5812327.43,-30
370947.4563,5812327.43,-30
370952.4563,5812327.43,-30
370957.4563,5812327.43,-30
370962.4563,5812327.43,-30
370967.4563,5812327.43,-30
370972.4563,5812327.43,-30
370977.4563,5812327.43,-30
370982.4563,5812327.43,-30
370987.4563,5812327.43,-35
370992.4563,5812327.43,-35
370997.4563,5812327.43,-35
371002.4563,5812327.43,-35
371007.4563,5812327.43,-35
371012.4563,5812327.43,-35
370737.4563,5812322.43,-1
370742.4563,5812322.43,-1
370747.4563,5812322.43,-1
370752.4563,5812322.43,-5
370757.4563,5812322.43,-5
370762.4563,5812322.43,-5
370767.4563,5812322.43,-5
370772.4563,5812322.43,-10
370777.4563,5812322.43,-10
370782.4563,5812322.43,-10
370787.4563,5812322.43,-15
370792.4563,5812322.43,-15
370797.4563,5812322.43,-15
370802.4563,5812322.43,-15
370807.4563,5812322.43,-15
370812.4563,5812322.43,-20
370817.4563,5812322.43,-20
370822.4563,5812322.43,-20
370827.4563,5812322.43,-20
370832.4563,5812322.43,-20
370837.4563,5812322.43,-20
370842.4563,5812322.43,-20
370847.4563,5812322.43,-20
370852.4563,5812322.43,-25
370857.4563,5812322.43,-25
370862.4563,5812322.43,-25
370867.4563,5812322.43,-25
370872.4563,5812322.43,-25
370877.4563,5812322.43,-25
370882.4563,5812322.43,-25
370887.4563,5812322.43,-25
370892.4563,5812322.43,-30
370897.4563,5812322.43,-30
370902.4563,5812322.43,-30
370907.4563,5812322.43,-30
370912.4563,5812322.43,-30
370917.4563,5812322.43,-30
370922.4563,5812322.43,-30
370927.4563,5812322.43,-30
370932.4563,5812322.43,-30
370937.4563,5812322.43,-30
370942.4563,5812322.43,-30
370947.4563,5812322.43,-30
370952.4563,5812322.43,-30
370957.4563,5812322.43,-30
370962.4563,5812322.43,-30
370967.4563,5812322.43,-30
370972.4563,5812322.43,-30
370977.4563,5812322.43,-30
370982.4563,5812322.43,-35
370987.4563,5812322.43,-35
370992.4563,5812322.43,-35
370997.4563,5812322.43,-35
371002.4563,5812322.43,-35
371007.4563,5812322.43,-35
370737.4563,5812317.43,-1
370742.4563,5812317.43,-1
370747.4563,5812317.43,-5
370752.4563,5812317.43,-5
370757.4563,5812317.43,-5
370762.4563,5812317.43,-5
370767.4563,5812317.43,-10
370772.4563,5812317.43,-10
370777.4563,5812317.43,-10
370782.4563,5812317.43,-15
370787.4563,5812317.43,-15
370792.4563,5812317.43,-15
370797.4563,5812317.43,-15
370802.4563,5812317.43,-15
370807.4563,5812317.43,-20
370812.4563,5812317.43,-20
370817.4563,5812317.43,-20
370822.4563,5812317.43,-20
370827.4563,5812317.43,-20
370832.4563,5812317.43,-20
370837.4563,5812317.43,-20
370842.4563,5812317.43,-25
370847.4563,5812317.43,-25
370852.4563,5812317.43,-25
370857.4563,5812317.43,-25
370862.4563,5812317.43,-25
370867.4563,5812317.43,-25
370872.4563,5812317.43,-25
370877.4563,5812317.43,-25
370882.4563,5812317.43,-30
370887.4563,5812317.43,-30
370892.4563,5812317.43,-30
370897.4563,5812317.43,-30
370902.4563,5812317.43,-30
370907.4563,5812317.43,-30
370912.4563,5812317.43,-30
370917.4563,5812317.43,-30
370922.4563,5812317.43,-30
370927.4563,5812317.43,-30
370932.4563,5812317.43,-30
370937.4563,5812317.43,-30
370942.4563,5812317.43,-30
370947.4563,5812317.43,-30
370952.4563,5812317.43,-30
370957.4563,5812317.43,-30
370962.4563,5812317.43,-30
370967.4563,5812317.43,-30
370972.4563,5812317.43,-35
370977.4563,5812317.43,-35
370982.4563,5812317.43,-35
370987.4563,5812317.43,-35
370992.4563,5812317.43,-35
370997.4563,5812317.43,-35
371002.4563,5812317.43,-35
370732.4563,5812312.43,-1
370737.4563,5812312.43,-1
370742.4563,5812312.43,-5
370747.4563,5812312.43,-5
370752.4563,5812312.43,-5
370757.4563,5812312.43,-5
370762.4563,5812312.43,-5
370767.4563,5812312.43,-10
370772.4563,5812312.43,-10
370777.4563,5812312.43,-10
370782.4563,5812312.43,-15
370787.4563,5812312.43,-15
370792.4563,5812312.43,-15
370797.4563,5812312.43,-15
370802.4563,5812312.43,-20
370807.4563,5812312.43,-20
370812.4563,5812312.43,-20
370817.4563,5812312.43,-20
370822.4563,5812312.43,-20
370827.4563,5812312.43,-20
370832.4563,5812312.43,-20
370837.4563,5812312.43,-20
370842.4563,5812312.43,-25
370847.4563,5812312.43,-25
370852.4563,5812312.43,-25
370857.4563,5812312.43,-25
370862.4563,5812312.43,-25
370867.4563,5812312.43,-25
370872.4563,5812312.43,-25
370877.4563,5812312.43,-25
370882.4563,5812312.43,-30
370887.4563,5812312.43,-30
370892.4563,5812312.43,-30
370897.4563,5812312.43,-30
370902.4563,5812312.43,-30
370907.4563,5812312.43,-30
370912.4563,5812312.43,-30
370917.4563,5812312.43,-30
370922.4563,5812312.43,-30
370927.4563,5812312.43,-30
370932.4563,5812312.43,-30
370937.4563,5812312.43,-30
370942.4563,5812312.43,-30
370947.4563,5812312.43,-30
370952.4563,5812312.43,-30
370957.4563,5812312.43,-35
370962.4563,5812312.43,-35
370967.4563,5812312.43,-35
370972.4563,5812312.43,-35
370977.4563,5812312.43,-35
370982.4563,5812312.43,-35
370987.4563,5812312.43,-35
370992.4563,5812312.43,-35
370997.4563,5812312.43,-35
370727.4563,5812307.43,-1
370732.4563,5812307.43,-1
370737.4563,5812307.43,-1
370742.4563,5812307.43,-5
370747.4563,5812307.43,-5
370752.4563,5812307.43,-5
370757.4563,5812307.43,-5
370762.4563,5812307.43,-10
370767.4563,5812307.43,-10
370772.4563,5812307.43,-10
370777.4563,5812307.43,-10
370782.4563,5812307.43,-15
370787.4563,5812307.43,-15
370792.4563,5812307.43,-15
370797.4563,5812307.43,-15
370802.4563,5812307.43,-20
370807.4563,5812307.43,-20
370812.4563,5812307.43,-20
370817.4563,5812307.43,-20
370822.4563,5812307.43,-20
370827.4563,5812307.43,-20
370832.4563,5812307.43,-20
370837.4563,5812307.43,-25
370842.4563,5812307.43,-25
370847.4563,5812307.43,-25
370852.4563,5812307.43,-25
370857.4563,5812307.43,-25
370862.4563,5812307.43,-25
370867.4563,5812307.43,-25
370872.4563,5812307.43,-25
370877.4563,5812307.43,-30
370882.4563,5812307.43,-30
370887.4563,5812307.43,-30
370892.4563,5812307.43,-30
370897.4563,5812307.43,-30
370902.4563,5812307.43,-30
370907.4563,5812307.43,-30
370912.4563,5812307.43,-30
370917.4563,5812307.43,-30
370922.4563,5812307.43,-30
370927.4563,5812307.43,-30
370932.4563,5812307.43,-30
370937.4563,5812307.43,-30
370942.4563,5812307.43,-30
370947.4563,5812307.43,-30
370952.4563,5812307.43,-30
370957.4563,5812307.43,-35
370962.4563,5812307.43,-35
370967.4563,5812307.43,-35
370972.4563,5812307.43,-35
370977.4563,5812307.43,-35
370982.4563,5812307.43,-35
370987.4563,5812307.43,-35
370992.4563,5812307.43,-35
370997.4563,5812307.43,-35
370722.4563,5812302.43,-1
370727.4563,5812302.43,-1
370732.4563,5812302.43,-1
370737.4563,5812302.43,-5
370742.4563,5812302.43,-5
370747.4563,5812302.43,-5
370752.4563,5812302.43,-5
370757.4563,5812302.43,-5
370762.4563,5812302.43,-10
370767.4563,5812302.43,-10
370772.4563,5812302.43,-10
370777.4563,5812302.43,-15
370782.4563,5812302.43,-15
370787.4563,5812302.43,-15
370792.4563,5812302.43,-15
370797.4563,5812302.43,-20
370802.4563,5812302.43,-20
370807.4563,5812302.43,-20
370812.4563,5812302.43,-20
370817.4563,5812302.43,-20
370822.4563,5812302.43,-20
370827.4563,5812302.43,-20
370832.4563,5812302.43,-20
370837.4563,5812302.43,-25
370842.4563,5812302.43,-25
370847.4563,5812302.43,-25
370852.4563,5812302.43,-25
370857.4563,5812302.43,-25
370862.4563,5812302.43,-25
370867.4563,5812302.43,-25
370872.4563,5812302.43,-30
370877.4563,5812302.43,-30
370882.4563,5812302.43,-30
370887.4563,5812302.43,-30
370892.4563,5812302.43,-30
370897.4563,5812302.43,-30
370902.4563,5812302.43,-30
370907.4563,5812302.43,-30
370912.4563,5812302.43,-30
370917.4563,5812302.43,-30
370922.4563,5812302.43,-30
370927.4563,5812302.43,-30
370932.4563,5812302.43,-30
370937.4563,5812302.43,-30
370942.4563,5812302.43,-30
370947.4563,5812302.43,-30
370952.4563,5812302.43,-35
370957.4563,5812302.43,-35
370962.4563,5812302.43,-35
370967.4563,5812302.43,-35
370972.4563,5812302.43,-35
370977.4563,5812302.43,-35
370982.4563,5812302.43,-35
370987.4563,5812302.43,-35
370992.4563,5812302.43,-35
370722.4563,5812297.43,-1
370727.4563,5812297.43,-1
370732.4563,5812297.43,-5
370737.4563,5812297.43,-5
370742.4563,5812297.43,-5
370747.4563,5812297.43,-5
370752.4563,5812297.43,-5
370757.4563,5812297.43,-10
370762.4563,5812297.43,-10
370767.4563,5812297.43,-10
370772.4563,5812297.43,-10
370777.4563,5812297.43,-15
370782.4563,5812297.43,-15
370787.4563,5812297.43,-15
370792.4563,5812297.43,-15
370797.4563,5812297.43,-20
370802.4563,5812297.43,-20
370807.4563,5812297.43,-20
370812.4563,5812297.43,-20
370817.4563,5812297.43,-20
370822.4563,5812297.43,-20
370827.4563,5812297.43,-20
370832.4563,5812297.43,-25
370837.4563,5812297.43,-25
370842.4563,5812297.43,-25
370847.4563,5812297.43,-25
370852.4563,5812297.43,-25
370857.4563,5812297.43,-25
370862.4563,5812297.43,-25
370867.4563,5812297.43,-25
370872.4563,5812297.43,-30
370877.4563,5812297.43,-30
370882.4563,5812297.43,-30
370887.4563,5812297.43,-30
370892.4563,5812297.43,-30
370897.4563,5812297.43,-30
370902.4563,5812297.43,-30
370907.4563,5812297.43,-30
370912.4563,5812297.43,-30
370917.4563,5812297.43,-30
370922.4563,5812297.43,-30
370927.4563,5812297.43,-30
370932.4563,5812297.43,-30
370937.4563,5812297.43,-30
370942.4563,5812297.43,-30
370947.4563,5812297.43,-30
370952.4563,5812297.43,-35
370957.4563,5812297.43,-35
370962.4563,5812297.43,-35
370967.4563,5812297.43,-35
370972.4563,5812297.43,-35
370977.4563,5812297.43,-35
370982.4563,5812297.43,-35
370987.4563,5812297.43,-35
370717.4563,5812292.43,-1
370722.4563,5812292.43,-1
370727.4563,5812292.43,-5
370732.4563,5812292.43,-5
370737.4563,5812292.43,-5
370742.4563,5812292.43,-5
370747.4563,5812292.43,-5
370752.4563,5812292.43,-10
370757.4563,5812292.43,-10
370762.4563,5812292.43,-10
370767.4563,5812292.43,-10
370772.4563,5812292.43,-10
370777.4563,5812292.43,-15
370782.4563,5812292.43,-15
370787.4563,5812292.43,-15
370792.4563,5812292.43,-15
370797.4563,5812292.43,-20
370802.4563,5812292.43,-20
370807.4563,5812292.43,-20
370812.4563,5812292.43,-20
370817.4563,5812292.43,-20
370822.4563,5812292.43,-20
370827.4563,5812292.43,-25
370832.4563,5812292.43,-25
370837.4563,5812292.43,-25
370842.4563,5812292.43,-25
370847.4563,5812292.43,-25
370852.4563,5812292.43,-25
370857.4563,5812292.43,-25
370862.4563,5812292.43,-25
370867.4563,5812292.43,-30
370872.4563,5812292.43,-30
370877.4563,5812292.43,-30
370882.4563,5812292.43,-30
370887.4563,5812292.43,-30
370892.4563,5812292.43,-30
370897.4563,5812292.43,-30
370902.4563,5812292.43,-30
370907.4563,5812292.43,-30
370912.4563,5812292.43,-30
370917.4563,5812292.43,-30
370922.4563,5812292.43,-30
370927.4563,5812292.43,-30
370932.4563,5812292.43,-30
370937.4563,5812292.43,-30
370942.4563,5812292.43,-35
370947.4563,5812292.43,-35
370952.4563,5812292.43,-35
370957.4563,5812292.43,-35
370962.4563,5812292.43,-35
370967.4563,5812292.43,-35
370972.4563,5812292.43,-35
370977.4563,5812292.43,-35
370982.4563,5812292.43,-35
370987.4563,5812292.43,-35
370712.4563,5812287.43,-1
370717.4563,5812287.43,-1
370722.4563,5812287.43,-5
370727.4563,5812287.43,-5
370732.4563,5812287.43,-5
370737.4563,5812287.43,-5
370742.4563,5812287.43,-5
370747.4563,5812287.43,-10
370752.4563,5812287.43,-10
370757.4563,5812287.43,-10
370762.4563,5812287.43,-10
370767.4563,5812287.43,-10
370772.4563,5812287.43,-15
370777.4563,5812287.43,-15
370782.4563,5812287.43,-15
370787.4563,5812287.43,-15
370792.4563,5812287.43,-20
370797.4563,5812287.43,-20
370802.4563,5812287.43,-20
370807.4563,5812287.43,-20
370812.4563,5812287.43,-20
370817.4563,5812287.43,-20
370822.4563,5812287.43,-25
370827.4563,5812287.43,-25
370832.4563,5812287.43,-25
370837.4563,5812287.43,-25
370842.4563,5812287.43,-25
370847.4563,5812287.43,-25
370852.4563,5812287.43,-25
370857.4563,5812287.43,-25
370862.4563,5812287.43,-25
370867.4563,5812287.43,-30
370872.4563,5812287.43,-30
370877.4563,5812287.43,-30
370882.4563,5812287.43,-30
370887.4563,5812287.43,-30
370892.4563,5812287.43,-30
370897.4563,5812287.43,-30
370902.4563,5812287.43,-30
370907.4563,5812287.43,-30
370912.4563,5812287.43,-30
370917.4563,5812287.43,-30
370922.4563,5812287.43,-30
370927.4563,5812287.43,-30
370932.4563,5812287.43,-35
370937.4563,5812287.43,-35
370942.4563,5812287.43,-35
370947.4563,5812287.43,-35
370952.4563,5812287.43,-35
370957.4563,5812287.43,-35
370962.4563,5812287.43,-35
370967.4563,5812287.43,-35
370972.4563,5812287.43,-35
370977.4563,5812287.43,-35
370982.4563,5812287.43,-35
370712.4563,5812282.43,-1
370717.4563,5812282.43,-1
370722.4563,5812282.43,-5
370727.4563,5812282.43,-5
370732.4563,5812282.43,-5
370737.4563,5812282.43,-10
370742.4563,5812282.43,-10
370747.4563,5812282.43,-10
370752.4563,5812282.43,-10
370757.4563,5812282.43,-10
370762.4563,5812282.43,-10
370767.4563,5812282.43,-15
370772.4563,5812282.43,-15
370777.4563,5812282.43,-15
370782.4563,5812282.43,-15
370787.4563,5812282.43,-15
370792.4563,5812282.43,-20
370797.4563,5812282.43,-20
370802.4563,5812282.43,-20
370807.4563,5812282.43,-20
370812.4563,5812282.43,-20
370817.4563,5812282.43,-25
370822.4563,5812282.43,-25
370827.4563,5812282.43,-25
370832.4563,5812282.43,-25
370837.4563,5812282.43,-25
370842.4563,5812282.43,-25
370847.4563,5812282.43,-25
370852.4563,5812282.43,-25
370857.4563,5812282.43,-25
370862.4563,5812282.43,-30
370867.4563,5812282.43,-30
370872.4563,5812282.43,-30
370877.4563,5812282.43,-30
370882.4563,5812282.43,-30
370887.4563,5812282.43,-30
370892.4563,5812282.43,-30
370897.4563,5812282.43,-30
370902.4563,5812282.43,-30
370907.4563,5812282.43,-30
370912.4563,5812282.43,-30
370917.4563,5812282.43,-30
370922.4563,5812282.43,-30
370927.4563,5812282.43,-35
370932.4563,5812282.43,-35
370937.4563,5812282.43,-35
370942.4563,5812282.43,-35
370947.4563,5812282.43,-35
370952.4563,5812282.43,-35
370957.4563,5812282.43,-35
370962.4563,5812282.43,-35
370967.4563,5812282.43,-35
370972.4563,5812282.43,-35
370977.4563,5812282.43,-35
370707.4563,5812277.43,-1
370712.4563,5812277.43,-1
370717.4563,5812277.43,-5
370722.4563,5812277.43,-5
370727.4563,5812277.43,-5
370732.4563,5812277.43,-10
370737.4563,5812277.43,-10
370742.4563,5812277.43,-10
370747.4563,5812277.43,-10
370752.4563,5812277.43,-10
370757.4563,5812277.43,-10
370762.4563,5812277.43,-15
370767.4563,5812277.43,-15
370772.4563,5812277.43,-15
370777.4563,5812277.43,-15
370782.4563,5812277.43,-15
370787.4563,5812277.43,-20
370792.4563,5812277.43,-20
370797.4563,5812277.43,-20
370802.4563,5812277.43,-20
370807.4563,5812277.43,-20
370812.4563,5812277.43,-20
370817.4563,5812277.43,-25
370822.4563,5812277.43,-25
370827.4563,5812277.43,-25
370832.4563,5812277.43,-25
370837.4563,5812277.43,-25
370842.4563,5812277.43,-25
370847.4563,5812277.43,-25
370852.4563,5812277.43,-25
370857.4563,5812277.43,-30
370862.4563,5812277.43,-30
370867.4563,5812277.43,-30
370872.4563,5812277.43,-30
370877.4563,5812277.43,-30
370882.4563,5812277.43,-30
370887.4563,5812277.43,-30
370892.4563,5812277.43,-30
370897.4563,5812277.43,-30
370902.4563,5812277.43,-30
370907.4563,5812277.43,-30
370912.4563,5812277.43,-30
370917.4563,5812277.43,-30
370922.4563,5812277.43,-35
370927.4563,5812277.43,-35
370932.4563,5812277.43,-35
370937.4563,5812277.43,-35
370942.4563,5812277.43,-35
370947.4563,5812277.43,-35
370952.4563,5812277.43,-35
370957.4563,5812277.43,-35
370962.4563,5812277.43,-35
370967.4563,5812277.43,-35
370972.4563,5812277.43,-35
370977.4563,5812277.43,-35
370702.4563,5812272.43,-1
370707.4563,5812272.43,-1
370712.4563,5812272.43,-5
370717.4563,5812272.43,-5
370722.4563,5812272.43,-5
370727.4563,5812272.43,-5
370732.4563,5812272.43,-10
370737.4563,5812272.43,-10
370742.4563,5812272.43,-10
370747.4563,5812272.43,-10
370752.4563,5812272.43,-10
370757.4563,5812272.43,-10
370762.4563,5812272.43,-15
370767.4563,5812272.43,-15
370772.4563,5812272.43,-15
370777.4563,5812272.43,-15
370782.4563,5812272.43,-15
370787.4563,5812272.43,-20
370792.4563,5812272.43,-20
370797.4563,5812272.43,-20
370802.4563,5812272.43,-20
370807.4563,5812272.43,-20
370812.4563,5812272.43,-25
370817.4563,5812272.43,-25
370822.4563,5812272.43,-25
370827.4563,5812272.43,-25
370832.4563,5812272.43,-25
370837.4563,5812272.43,-25
370842.4563,5812272.43,-25
370847.4563,5812272.43,-25
370852.4563,5812272.43,-30
370857.4563,5812272.43,-30
370862.4563,5812272.43,-30
370867.4563,5812272.43,-30
370872.4563,5812272.43,-30
370877.4563,5812272.43,-30
370882.4563,5812272.43,-30
370887.4563,5812272.43,-30
370892.4563,5812272.43,-30
370897.4563,5812272.43,-30
370902.4563,5812272.43,-30
370907.4563,5812272.43,-30
370912.4563,5812272.43,-30
370917.4563,5812272.43,-35
370922.4563,5812272.43,-35
370927.4563,5812272.43,-35
370932.4563,5812272.43,-35
370937.4563,5812272.43,-35
370942.4563,5812272.43,-35
370947.4563,5812272.43,-35
370952.4563,5812272.43,-35
370957.4563,5812272.43,-35
370962.4563,5812272.43,-35
370967.4563,5812272.43,-35
370972.4563,5812272.43,-35
370702.4563,5812267.43,-1
370707.4563,5812267.43,-1
370712.4563,5812267.43,-5
370717.4563,5812267.43,-5
370722.4563,5812267.43,-5
370727.4563,5812267.43,-10
370732.4563,5812267.43,-10
370737.4563,5812267.43,-10
370742.4563,5812267.43,-10
370747.4563,5812267.43,-10
370752.4563,5812267.43,-10
370757.4563,5812267.43,-15
370762.4563,5812267.43,-15
370767.4563,5812267.43,-15
370772.4563,5812267.43,-15
370777.4563,5812267.43,-15
370782.4563,5812267.43,-20
370787.4563,5812267.43,-20
370792.4563,5812267.43,-20
370797.4563,5812267.43,-20
370802.4563,5812267.43,-20
370807.4563,5812267.43,-25
370812.4563,5812267.43,-25
370817.4563,5812267.43,-25
370822.4563,5812267.43,-25
370827.4563,5812267.43,-25
370832.4563,5812267.43,-25
370837.4563,5812267.43,-25
370842.4563,5812267.43,-30
370847.4563,5812267.43,-30
370852.4563,5812267.43,-30
370857.4563,5812267.43,-30
370862.4563,5812267.43,-30
370867.4563,5812267.43,-30
370872.4563,5812267.43,-30
370877.4563,5812267.43,-30
370882.4563,5812267.43,-30
370887.4563,5812267.43,-30
370892.4563,5812267.43,-30
370897.4563,5812267.43,-30
370902.4563,5812267.43,-30
370907.4563,5812267.43,-30
370912.4563,5812267.43,-30
370917.4563,5812267.43,-35
370922.4563,5812267.43,-35
370927.4563,5812267.43,-35
370932.4563,5812267.43,-35
370937.4563,5812267.43,-35
370942.4563,5812267.43,-35
370947.4563,5812267.43,-35
370952.4563,5812267.43,-35
370957.4563,5812267.43,-35
370962.4563,5812267.43,-35
370967.4563,5812267.43,-35
370697.4563,5812262.43,-1
370702.4563,5812262.43,-1
370707.4563,5812262.43,-5
370712.4563,5812262.43,-5
370717.4563,5812262.43,-5
370722.4563,5812262.43,-10
370727.4563,5812262.43,-10
370732.4563,5812262.43,-10
370737.4563,5812262.43,-10
370742.4563,5812262.43,-10
370747.4563,5812262.43,-15
370752.4563,5812262.43,-15
370757.4563,5812262.43,-15
370762.4563,5812262.43,-15
370767.4563,5812262.43,-15
370772.4563,5812262.43,-15
370777.4563,5812262.43,-20
370782.4563,5812262.43,-20
370787.4563,5812262.43,-20
370792.4563,5812262.43,-20
370797.4563,5812262.43,-20
370802.4563,5812262.43,-25
370807.4563,5812262.43,-25
370812.4563,5812262.43,-25
370817.4563,5812262.43,-25
370822.4563,5812262.43,-25
370827.4563,5812262.43,-25
370832.4563,5812262.43,-25
370837.4563,5812262.43,-30
370842.4563,5812262.43,-30
370847.4563,5812262.43,-30
370852.4563,5812262.43,-30
370857.4563,5812262.43,-30
370862.4563,5812262.43,-30
370867.4563,5812262.43,-30
370872.4563,5812262.43,-30
370877.4563,5812262.43,-30
370882.4563,5812262.43,-30
370887.4563,5812262.43,-30
370892.4563,5812262.43,-30
370897.4563,5812262.43,-30
370902.4563,5812262.43,-30
370907.4563,5812262.43,-30
370912.4563,5812262.43,-30
370917.4563,5812262.43,-35
370922.4563,5812262.43,-35
370927.4563,5812262.43,-35
370932.4563,5812262.43,-35
370937.4563,5812262.43,-35
370942.4563,5812262.43,-35
370947.4563,5812262.43,-35
370952.4563,5812262.43,-35
370957.4563,5812262.43,-35
370962.4563,5812262.43,-35
370967.4563,5812262.43,-35
370692.4563,5812257.43,-1
370697.4563,5812257.43,-1
370702.4563,5812257.43,-5
370707.4563,5812257.43,-5
370712.4563,5812257.43,-5
370717.4563,5812257.43,-5
370722.4563,5812257.43,-10
370727.4563,5812257.43,-10
370732.4563,5812257.43,-10
370737.4563,5812257.43,-15
370742.4563,5812257.43,-15
370747.4563,5812257.43,-15
370752.4563,5812257.43,-15
370757.4563,5812257.43,-15
370762.4563,5812257.43,-15
370767.4563,5812257.43,-15
370772.4563,5812257.43,-15
370777.4563,5812257.43,-20
370782.4563,5812257.43,-20
370787.4563,5812257.43,-20
370792.4563,5812257.43,-20
370797.4563,5812257.43,-20
370802.4563,5812257.43,-25
370807.4563,5812257.43,-25
370812.4563,5812257.43,-25
370817.4563,5812257.43,-25
370822.4563,5812257.43,-25
370827.4563,5812257.43,-25
370832.4563,5812257.43,-30
370837.4563,5812257.43,-30
370842.4563,5812257.43,-30
370847.4563,5812257.43,-30
370852.4563,5812257.43,-30
370857.4563,5812257.43,-30
370862.4563,5812257.43,-30
370867.4563,5812257.43,-30
370872.4563,5812257.43,-30
370877.4563,5812257.43,-30
370882.4563,5812257.43,-30
370887.4563,5812257.43,-30
370892.4563,5812257.43,-30
370897.4563,5812257.43,-30
370902.4563,5812257.43,-30
370907.4563,5812257.43,-30
370912.4563,5812257.43,-30
370917.4563,5812257.43,-35
370922.4563,5812257.43,-35
370927.4563,5812257.43,-35
370932.4563,5812257.43,-35
370937.4563,5812257.43,-35
370942.4563,5812257.43,-35
370947.4563,5812257.43,-35
370952.4563,5812257.43,-35
370957.4563,5812257.43,-35
370962.4563,5812257.43,-35
370692.4563,5812252.43,-1
370697.4563,5812252.43,-1
370702.4563,5812252.43,-5
370707.4563,5812252.43,-5
370712.4563,5812252.43,-5
370717.4563,5812252.43,-10
370722.4563,5812252.43,-10
370727.4563,5812252.43,-10
370732.4563,5812252.43,-15
370737.4563,5812252.43,-15
370742.4563,5812252.43,-15
370747.4563,5812252.43,-15
370752.4563,5812252.43,-15
370757.4563,5812252.43,-15
370762.4563,5812252.43,-15
370767.4563,5812252.43,-15
370772.4563,5812252.43,-20
370777.4563,5812252.43,-20
370782.4563,5812252.43,-20
370787.4563,5812252.43,-20
370792.4563,5812252.43,-20
370797.4563,5812252.43,-25
370802.4563,5812252.43,-25
370807.4563,5812252.43,-25
370812.4563,5812252.43,-25
370817.4563,5812252.43,-25
370822.4563,5812252.43,-25
370827.4563,5812252.43,-25
370832.4563,5812252.43,-30
370837.4563,5812252.43,-30
370842.4563,5812252.43,-30
370847.4563,5812252.43,-30
370852.4563,5812252.43,-30
370857.4563,5812252.43,-30
370862.4563,5812252.43,-30
370867.4563,5812252.43,-30
370872.4563,5812252.43,-30
370877.4563,5812252.43,-30
370882.4563,5812252.43,-30
370887.4563,5812252.43,-30
370892.4563,5812252.43,-30
370897.4563,5812252.43,-30
370902.4563,5812252.43,-30
370907.4563,5812252.43,-30
370912.4563,5812252.43,-30
370917.4563,5812252.43,-35
370922.4563,5812252.43,-35
370927.4563,5812252.43,-35
370932.4563,5812252.43,-35
370937.4563,5812252.43,-35
370942.4563,5812252.43,-35
370947.4563,5812252.43,-35
370952.4563,5812252.43,-35
370957.4563,5812252.43,-35
370687.4563,5812247.43,-1
370692.4563,5812247.43,-1
370697.4563,5812247.43,-5
370702.4563,5812247.43,-5
370707.4563,5812247.43,-5
370712.4563,5812247.43,-10
370717.4563,5812247.43,-10
370722.4563,5812247.43,-10
370727.4563,5812247.43,-15
370732.4563,5812247.43,-15
370737.4563,5812247.43,-15
370742.4563,5812247.43,-15
370747.4563,5812247.43,-15
370752.4563,5812247.43,-15
370757.4563,5812247.43,-15
370762.4563,5812247.43,-20
370767.4563,5812247.43,-20
370772.4563,5812247.43,-20
370777.4563,5812247.43,-20
370782.4563,5812247.43,-20
370787.4563,5812247.43,-20
370792.4563,5812247.43,-20
370797.4563,5812247.43,-25
370802.4563,5812247.43,-25
370807.4563,5812247.43,-25
370812.4563,5812247.43,-25
370817.4563,5812247.43,-25
370822.4563,5812247.43,-25
370827.4563,5812247.43,-25
370832.4563,5812247.43,-30
370837.4563,5812247.43,-30
370842.4563,5812247.43,-30
370847.4563,5812247.43,-30
370852.4563,5812247.43,-30
370857.4563,5812247.43,-30
370862.4563,5812247.43,-30
370867.4563,5812247.43,-30
370872.4563,5812247.43,-30
370877.4563,5812247.43,-30
370882.4563,5812247.43,-30
370887.4563,5812247.43,-30
370892.4563,5812247.43,-30
370897.4563,5812247.43,-30
370902.4563,5812247.43,-30
370907.4563,5812247.43,-30
370912.4563,5812247.43,-30
370917.4563,5812247.43,-35
370922.4563,5812247.43,-35
370927.4563,5812247.43,-35
370932.4563,5812247.43,-35
370937.4563,5812247.43,-35
370942.4563,5812247.43,-35
370947.4563,5812247.43,-35
370952.4563,5812247.43,-35
370957.4563,5812247.43,-35
370682.4563,5812242.43,-1
370687.4563,5812242.43,-1
370692.4563,5812242.43,-1
370697.4563,5812242.43,-5
370702.4563,5812242.43,-5
370707.4563,5812242.43,-5
370712.4563,5812242.43,-10
370717.4563,5812242.43,-10
370722.4563,5812242.43,-10
370727.4563,5812242.43,-15
370732.4563,5812242.43,-15
370737.4563,5812242.43,-15
370742.4563,5812242.43,-15
370747.4563,5812242.43,-15
370752.4563,5812242.43,-15
370757.4563,5812242.43,-20
370762.4563,5812242.43,-20
370767.4563,5812242.43,-20
370772.4563,5812242.43,-20
370777.4563,5812242.43,-20
370782.4563,5812242.43,-20
370787.4563,5812242.43,-20
370792.4563,5812242.43,-25
370797.4563,5812242.43,-25
370802.4563,5812242.43,-25
370807.4563,5812242.43,-25
370812.4563,5812242.43,-25
370817.4563,5812242.43,-25
370822.4563,5812242.43,-25
370827.4563,5812242.43,-25
370832.4563,5812242.43,-30
370837.4563,5812242.43,-30
370842.4563,5812242.43,-30
370847.4563,5812242.43,-30
370852.4563,5812242.43,-30
370857.4563,5812242.43,-30
370862.4563,5812242.43,-30
370867.4563,5812242.43,-30
370872.4563,5812242.43,-30
370877.4563,5812242.43,-30
370882.4563,5812242.43,-30
370887.4563,5812242.43,-30
370892.4563,5812242.43,-30
370897.4563,5812242.43,-30
370902.4563,5812242.43,-30
370907.4563,5812242.43,-30
370912.4563,5812242.43,-30
370917.4563,5812242.43,-35
370922.4563,5812242.43,-35
370927.4563,5812242.43,-35
370932.4563,5812242.43,-35
370937.4563,5812242.43,-35
370942.4563,5812242.43,-35
370947.4563,5812242.43,-35
370952.4563,5812242.43,-35
370682.4563,5812237.43,-1
370687.4563,5812237.43,-1
370692.4563,5812237.43,-5
370697.4563,5812237.43,-5
370702.4563,5812237.43,-5
370707.4563,5812237.43,-10
370712.4563,5812237.43,-10
370717.4563,5812237.43,-10
370722.4563,5812237.43,-15
370727.4563,5812237.43,-15
370732.4563,5812237.43,-15
370737.4563,5812237.43,-15
370742.4563,5812237.43,-15
370747.4563,5812237.43,-15
370752.4563,5812237.43,-15
370757.4563,5812237.43,-20
370762.4563,5812237.43,-20
370767.4563,5812237.43,-20
370772.4563,5812237.43,-20
370777.4563,5812237.43,-20
370782.4563,5812237.43,-20
370787.4563,5812237.43,-25
370792.4563,5812237.43,-25
370797.4563,5812237.43,-25
370802.4563,5812237.43,-25
370807.4563,5812237.43,-25
370812.4563,5812237.43,-25
370817.4563,5812237.43,-25
370822.4563,5812237.43,-25
370827.4563,5812237.43,-30
370832.4563,5812237.43,-30
370837.4563,5812237.43,-30
370842.4563,5812237.43,-30
370847.4563,5812237.43,-30
370852.4563,5812237.43,-30
370857.4563,5812237.43,-30
370862.4563,5812237.43,-30
370867.4563,5812237.43,-30
370872.4563,5812237.43,-30
370877.4563,5812237.43,-30
370882.4563,5812237.43,-30
370887.4563,5812237.43,-30
370892.4563,5812237.43,-30
370897.4563,5812237.43,-30
370902.4563,5812237.43,-30
370907.4563,5812237.43,-30
370912.4563,5812237.43,-30
370917.4563,5812237.43,-35
370922.4563,5812237.43,-35
370927.4563,5812237.43,-35
370932.4563,5812237.43,-35
370937.4563,5812237.43,-35
370942.4563,5812237.43,-35
370947.4563,5812237.43,-35
370682.4563,5812232.43,-1
370687.4563,5812232.43,-5
370692.4563,5812232.43,-5
370697.4563,5812232.43,-5
370702.4563,5812232.43,-5
370707.4563,5812232.43,-10
370712.4563,5812232.43,-10
370717.4563,5812232.43,-10
370722.4563,5812232.43,-15
370727.4563,5812232.43,-15
370732.4563,5812232.43,-15
370737.4563,5812232.43,-15
370742.4563,5812232.43,-15
370747.4563,5812232.43,-20
370752.4563,5812232.43,-20
370757.4563,5812232.43,-20
370762.4563,5812232.43,-20
370767.4563,5812232.43,-20
370772.4563,5812232.43,-20
370777.4563,5812232.43,-20
370782.4563,5812232.43,-20
370787.4563,5812232.43,-25
370792.4563,5812232.43,-25
370797.4563,5812232.43,-25
370802.4563,5812232.43,-25
370807.4563,5812232.43,-25
370812.4563,5812232.43,-25
370817.4563,5812232.43,-25
370822.4563,5812232.43,-30
370827.4563,5812232.43,-30
370832.4563,5812232.43,-30
370837.4563,5812232.43,-30
370842.4563,5812232.43,-30
370847.4563,5812232.43,-30
370852.4563,5812232.43,-30
370857.4563,5812232.43,-30
370862.4563,5812232.43,-30
370867.4563,5812232.43,-30
370872.4563,5812232.43,-30
370877.4563,5812232.43,-30
370882.4563,5812232.43,-30
370887.4563,5812232.43,-30
370892.4563,5812232.43,-30
370897.4563,5812232.43,-30
370902.4563,5812232.43,-30
370907.4563,5812232.43,-30
370912.4563,5812232.43,-30
370917.4563,5812232.43,-35
370922.4563,5812232.43,-35
370927.4563,5812232.43,-35
370932.4563,5812232.43,-35
370937.4563,5812232.43,-35
370677.4563,5812227.43,-1
370682.4563,5812227.43,-1
370687.4563,5812227.43,-5
370692.4563,5812227.43,-5
370697.4563,5812227.43,-5
370702.4563,5812227.43,-10
370707.4563,5812227.43,-10
370712.4563,5812227.43,-10
370717.4563,5812227.43,-15
370722.4563,5812227.43,-15
370727.4563,5812227.43,-15
370732.4563,5812227.43,-15
370737.4563,5812227.43,-20
370742.4563,5812227.43,-20
370747.4563,5812227.43,-20
370752.4563,5812227.43,-20
370757.4563,5812227.43,-20
370762.4563,5812227.43,-20
370767.4563,5812227.43,-20
370772.4563,5812227.43,-20
370777.4563,5812227.43,-25
370782.4563,5812227.43,-25
370787.4563,5812227.43,-25
370792.4563,5812227.43,-25
370797.4563,5812227.43,-25
370802.4563,5812227.43,-25
370807.4563,5812227.43,-25
370812.4563,5812227.43,-25
370817.4563,5812227.43,-30
370822.4563,5812227.43,-30
370827.4563,5812227.43,-30
370832.4563,5812227.43,-30
370837.4563,5812227.43,-30
370842.4563,5812227.43,-30
370847.4563,5812227.43,-30
370852.4563,5812227.43,-30
370857.4563,5812227.43,-30
370862.4563,5812227.43,-30
370867.4563,5812227.43,-30
370872.4563,5812227.43,-30
370877.4563,5812227.43,-30
370882.4563,5812227.43,-30
370887.4563,5812227.43,-30
370892.4563,5812227.43,-30
370897.4563,5812227.43,-30
370902.4563,5812227.43,-30
370907.4563,5812227.43,-35
370912.4563,5812227.43,-35
370917.4563,5812227.43,-35
370922.4563,5812227.43,-35
370927.4563,5812227.43,-35
370932.4563,5812227.43,-35
370677.4563,5812222.43,-1
370682.4563,5812222.43,-1
370687.4563,5812222.43,-5
370692.4563,5812222.43,-5
370697.4563,5812222.43,-5
370702.4563,5812222.43,-10
370707.4563,5812222.43,-10
370712.4563,5812222.43,-10
370717.4563,5812222.43,-15
370722.4563,5812222.43,-15
370727.4563,5812222.43,-15
370732.4563,5812222.43,-20
370737.4563,5812222.43,-20
370742.4563,5812222.43,-20
370747.4563,5812222.43,-20
370752.4563,5812222.43,-20
370757.4563,5812222.43,-20
370762.4563,5812222.43,-20
370767.4563,5812222.43,-20
370772.4563,5812222.43,-25
370777.4563,5812222.43,-25
370782.4563,5812222.43,-25
370787.4563,5812222.43,-25
370792.4563,5812222.43,-25
370797.4563,5812222.43,-25
370802.4563,5812222.43,-25
370807.4563,5812222.43,-25
370812.4563,5812222.43,-30
370817.4563,5812222.43,-30
370822.4563,5812222.43,-30
370827.4563,5812222.43,-30
370832.4563,5812222.43,-30
370837.4563,5812222.43,-30
370842.4563,5812222.43,-30
370847.4563,5812222.43,-30
370852.4563,5812222.43,-30
370857.4563,5812222.43,-30
370862.4563,5812222.43,-30
370867.4563,5812222.43,-30
370872.4563,5812222.43,-30
370877.4563,5812222.43,-30
370882.4563,5812222.43,-30
370887.4563,5812222.43,-30
370892.4563,5812222.43,-30
370897.4563,5812222.43,-30
370902.4563,5812222.43,-35
370907.4563,5812222.43,-35
370912.4563,5812222.43,-35
370917.4563,5812222.43,-35
370922.4563,5812222.43,-35
370927.4563,5812222.43,-35
370672.4563,5812217.43,-1
370677.4563,5812217.43,-1
370682.4563,5812217.43,-1
370687.4563,5812217.43,-5
370692.4563,5812217.43,-5
370697.4563,5812217.43,-5
370702.4563,5812217.43,-10
370707.4563,5812217.43,-10
370712.4563,5812217.43,-15
370717.4563,5812217.43,-15
370722.4563,5812217.43,-15
370727.4563,5812217.43,-15
370732.4563,5812217.43,-20
370737.4563,5812217.43,-20
370742.4563,5812217.43,-20
370747.4563,5812217.43,-20
370752.4563,5812217.43,-20
370757.4563,5812217.43,-20
370762.4563,5812217.43,-25
370767.4563,5812217.43,-25
370772.4563,5812217.43,-25
370777.4563,5812217.43,-25
370782.4563,5812217.43,-25
370787.4563,5812217.43,-25
370792.4563,5812217.43,-25
370797.4563,5812217.43,-25
370802.4563,5812217.43,-25
370807.4563,5812217.43,-25
370812.4563,5812217.43,-30
370817.4563,5812217.43,-30
370822.4563,5812217.43,-30
370827.4563,5812217.43,-30
370832.4563,5812217.43,-30
370837.4563,5812217.43,-30
370842.4563,5812217.43,-30
370847.4563,5812217.43,-30
370852.4563,5812217.43,-30
370857.4563,5812217.43,-30
370862.4563,5812217.43,-30
370867.4563,5812217.43,-30
370872.4563,5812217.43,-30
370877.4563,5812217.43,-30
370882.4563,5812217.43,-30
370887.4563,5812217.43,-30
370892.4563,5812217.43,-30
370897.4563,5812217.43,-35
370902.4563,5812217.43,-35
370907.4563,5812217.43,-35
370912.4563,5812217.43,-35
370917.4563,5812217.43,-35
370922.4563,5812217.43,-35
370672.4563,5812212.43,-1
370677.4563,5812212.43,-1
370682.4563,5812212.43,-1
370687.4563,5812212.43,-5
370692.4563,5812212.43,-5
370697.4563,5812212.43,-10
370702.4563,5812212.43,-10
370707.4563,5812212.43,-10
370712.4563,5812212.43,-15
370717.4563,5812212.43,-15
370722.4563,5812212.43,-15
370727.4563,5812212.43,-15
370732.4563,5812212.43,-20
370737.4563,5812212.43,-20
370742.4563,5812212.43,-20
370747.4563,5812212.43,-20
370752.4563,5812212.43,-20
370757.4563,5812212.43,-25
370762.4563,5812212.43,-25
370767.4563,5812212.43,-25
370772.4563,5812212.43,-25
370777.4563,5812212.43,-25
370782.4563,5812212.43,-25
370787.4563,5812212.43,-25
370792.4563,5812212.43,-25
370797.4563,5812212.43,-25
370802.4563,5812212.43,-25
370807.4563,5812212.43,-30
370812.4563,5812212.43,-30
370817.4563,5812212.43,-30
370822.4563,5812212.43,-30
370827.4563,5812212.43,-30
370832.4563,5812212.43,-30
370837.4563,5812212.43,-30
370842.4563,5812212.43,-30
370847.4563,5812212.43,-30
370852.4563,5812212.43,-30
370857.4563,5812212.43,-30
370862.4563,5812212.43,-30
370867.4563,5812212.43,-30
370872.4563,5812212.43,-30
370877.4563,5812212.43,-30
370882.4563,5812212.43,-30
370887.4563,5812212.43,-30
370892.4563,5812212.43,-30
370897.4563,5812212.43,-35
370902.4563,5812212.43,-35
370907.4563,5812212.43,-35
370912.4563,5812212.43,-35
370672.4563,5812207.43,-1
370677.4563,5812207.43,-1
370682.4563,5812207.43,-5
370687.4563,5812207.43,-5
370692.4563,5812207.43,-5
370697.4563,5812207.43,-10
370702.4563,5812207.43,-10
370707.4563,5812207.43,-10
370712.4563,5812207.43,-15
370717.4563,5812207.43,-15
370722.4563,5812207.43,-15
370727.4563,5812207.43,-20
370732.4563,5812207.43,-20
370737.4563,5812207.43,-20
370742.4563,5812207.43,-20
370747.4563,5812207.43,-20
370752.4563,5812207.43,-25
370757.4563,5812207.43,-25
370762.4563,5812207.43,-25
370767.4563,5812207.43,-25
370772.4563,5812207.43,-25
370777.4563,5812207.43,-25
370782.4563,5812207.43,-25
370787.4563,5812207.43,-25
370792.4563,5812207.43,-25
370797.4563,5812207.43,-25
370802.4563,5812207.43,-25
370807.4563,5812207.43,-30
370812.4563,5812207.43,-30
370817.4563,5812207.43,-30
370822.4563,5812207.43,-30
370827.4563,5812207.43,-30
370832.4563,5812207.43,-30
370837.4563,5812207.43,-30
370842.4563,5812207.43,-30
370847.4563,5812207.43,-30
370852.4563,5812207.43,-30
370857.4563,5812207.43,-30
370862.4563,5812207.43,-30
370867.4563,5812207.43,-30
370872.4563,5812207.43,-30
370877.4563,5812207.43,-30
370882.4563,5812207.43,-30
370887.4563,5812207.43,-30
370892.4563,5812207.43,-35
370897.4563,5812207.43,-35
370902.4563,5812207.43,-35
370907.4563,5812207.43,-35
370667.4563,5812202.43,-1
370672.4563,5812202.43,-1
370677.4563,5812202.43,-1
370682.4563,5812202.43,-5
370687.4563,5812202.43,-5
370692.4563,5812202.43,-5
370697.4563,5812202.43,-10
370702.4563,5812202.43,-10
370707.4563,5812202.43,-10
370712.4563,5812202.43,-15
370717.4563,5812202.43,-15
370722.4563,5812202.43,-15
370727.4563,5812202.43,-20
370732.4563,5812202.43,-20
370737.4563,5812202.43,-20
370742.4563,5812202.43,-20
370747.4563,5812202.43,-25
370752.4563,5812202.43,-25
370757.4563,5812202.43,-25
370762.4563,5812202.43,-25
370767.4563,5812202.43,-25
370772.4563,5812202.43,-25
370777.4563,5812202.43,-25
370782.4563,5812202.43,-25
370787.4563,5812202.43,-25
370792.4563,5812202.43,-25
370797.4563,5812202.43,-25
370802.4563,5812202.43,-30
370807.4563,5812202.43,-30
370812.4563,5812202.43,-30
370817.4563,5812202.43,-30
370822.4563,5812202.43,-30
370827.4563,5812202.43,-30
370832.4563,5812202.43,-30
370837.4563,5812202.43,-30
370842.4563,5812202.43,-30
370847.4563,5812202.43,-30
370852.4563,5812202.43,-30
370857.4563,5812202.43,-30
370862.4563,5812202.43,-30
370867.4563,5812202.43,-30
370872.4563,5812202.43,-30
370877.4563,5812202.43,-30
370882.4563,5812202.43,-35
370887.4563,5812202.43,-35
370892.4563,5812202.43,-35
370897.4563,5812202.43,-35
370902.4563,5812202.43,-35
370667.4563,5812197.43,-1
370672.4563,5812197.43,-1
370677.4563,5812197.43,-1
370682.4563,5812197.43,-5
370687.4563,5812197.43,-5
370692.4563,5812197.43,-5
370697.4563,5812197.43,-10
370702.4563,5812197.43,-10
370707.4563,5812197.43,-15
370712.4563,5812197.43,-15
370717.4563,5812197.43,-15
370722.4563,5812197.43,-15
370727.4563,5812197.43,-20
370732.4563,5812197.43,-20
370737.4563,5812197.43,-20
370742.4563,5812197.43,-20
370747.4563,5812197.43,-25
370752.4563,5812197.43,-25
370757.4563,5812197.43,-25
370762.4563,5812197.43,-25
370767.4563,5812197.43,-25
370772.4563,5812197.43,-25
370777.4563,5812197.43,-25
370782.4563,5812197.43,-25
370787.4563,5812197.43,-25
370792.4563,5812197.43,-25
370797.4563,5812197.43,-30
370802.4563,5812197.43,-30
370807.4563,5812197.43,-30
370812.4563,5812197.43,-30
370817.4563,5812197.43,-30
370822.4563,5812197.43,-30
370827.4563,5812197.43,-30
370832.4563,5812197.43,-30
370837.4563,5812197.43,-30
370842.4563,5812197.43,-30
370847.4563,5812197.43,-30
370852.4563,5812197.43,-30
370857.4563,5812197.43,-30
370862.4563,5812197.43,-30
370867.4563,5812197.43,-30
370872.4563,5812197.43,-35
370877.4563,5812197.43,-35
370882.4563,5812197.43,-35
370887.4563,5812197.43,-35
370892.4563,5812197.43,-35
370897.4563,5812197.43,-35
370662.4563,5812192.43,-1
370667.4563,5812192.43,-1
370672.4563,5812192.43,-1
370677.4563,5812192.43,-1
370682.4563,5812192.43,-5
370687.4563,5812192.43,-5
370692.4563,5812192.43,-5
370697.4563,5812192.43,-10
370702.4563,5812192.43,-10
370707.4563,5812192.43,-15
370712.4563,5812192.43,-15
370717.4563,5812192.43,-15
370722.4563,5812192.43,-20
370727.4563,5812192.43,-20
370732.4563,5812192.43,-20
370737.4563,5812192.43,-20
370742.4563,5812192.43,-25
370747.4563,5812192.43,-25
370752.4563,5812192.43,-25
370757.4563,5812192.43,-25
370762.4563,5812192.43,-25
370767.4563,5812192.43,-25
370772.4563,5812192.43,-25
370777.4563,5812192.43,-25
370782.4563,5812192.43,-25
370787.4563,5812192.43,-25
370792.4563,5812192.43,-25
370797.4563,5812192.43,-30
370802.4563,5812192.43,-30
370807.4563,5812192.43,-30
370812.4563,5812192.43,-30
370817.4563,5812192.43,-30
370822.4563,5812192.43,-30
370827.4563,5812192.43,-30
370832.4563,5812192.43,-30
370837.4563,5812192.43,-35
370842.4563,5812192.43,-35
370847.4563,5812192.43,-35
370852.4563,5812192.43,-30
370857.4563,5812192.43,-30
370862.4563,5812192.43,-35
370867.4563,5812192.43,-35
370872.4563,5812192.43,-35
370877.4563,5812192.43,-35
370882.4563,5812192.43,-35
370887.4563,5812192.43,-35
370662.4563,5812187.43,-1
370667.4563,5812187.43,-1
370672.4563,5812187.43,-1
370677.4563,5812187.43,-5
370682.4563,5812187.43,-5
370687.4563,5812187.43,-5
370692.4563,5812187.43,-10
370697.4563,5812187.43,-10
370702.4563,5812187.43,-10
370707.4563,5812187.43,-15
370712.4563,5812187.43,-15
370717.4563,5812187.43,-15
370722.4563,5812187.43,-20
370727.4563,5812187.43,-20
370732.4563,5812187.43,-20
370737.4563,5812187.43,-20
370742.4563,5812187.43,-25
370747.4563,5812187.43,-25
370752.4563,5812187.43,-25
370757.4563,5812187.43,-25
370762.4563,5812187.43,-25
370767.4563,5812187.43,-25
370772.4563,5812187.43,-25
370777.4563,5812187.43,-25
370782.4563,5812187.43,-25
370787.4563,5812187.43,-25
370792.4563,5812187.43,-30
370797.4563,5812187.43,-30
370802.4563,5812187.43,-30
370807.4563,5812187.43,-30
370812.4563,5812187.43,-30
370817.4563,5812187.43,-30
370822.4563,5812187.43,-30
370827.4563,5812187.43,-30
370832.4563,5812187.43,-30
370837.4563,5812187.43,-35
370842.4563,5812187.43,-35
370847.4563,5812187.43,-35
370852.4563,5812187.43,-35
370857.4563,5812187.43,-35
370862.4563,5812187.43,-35
370867.4563,5812187.43,-35
370872.4563,5812187.43,-35
370877.4563,5812187.43,-35
370657.4563,5812182.43,-1
370662.4563,5812182.43,-1
370667.4563,5812182.43,-1
370672.4563,5812182.43,-1
370677.4563,5812182.43,-5
370682.4563,5812182.43,-5
370687.4563,5812182.43,-5
370692.4563,5812182.43,-10
370697.4563,5812182.43,-10
370702.4563,5812182.43,-10
370707.4563,5812182.43,-15
370712.4563,5812182.43,-15
370717.4563,5812182.43,-15
370722.4563,5812182.43,-20
370727.4563,5812182.43,-20
370732.4563,5812182.43,-20
370737.4563,5812182.43,-20
370742.4563,5812182.43,-25
370747.4563,5812182.43,-25
370752.4563,5812182.43,-25
370757.4563,5812182.43,-25
370762.4563,5812182.43,-25
370767.4563,5812182.43,-25
370772.4563,5812182.43,-25
370777.4563,5812182.43,-25
370782.4563,5812182.43,-25
370787.4563,5812182.43,-30
370792.4563,5812182.43,-30
370797.4563,5812182.43,-30
370802.4563,5812182.43,-30
370807.4563,5812182.43,-30
370812.4563,5812182.43,-30
370817.4563,5812182.43,-30
370822.4563,5812182.43,-30
370827.4563,5812182.43,-30
370832.4563,5812182.43,-30
370837.4563,5812182.43,-35
370842.4563,5812182.43,-35
370847.4563,5812182.43,-35
370852.4563,5812182.43,-35
370857.4563,5812182.43,-35
370862.4563,5812182.43,-35
370867.4563,5812182.43,-35
370652.4563,5812177.43,-1
370657.4563,5812177.43,-1
370662.4563,5812177.43,-1
370667.4563,5812177.43,-1
370672.4563,5812177.43,-5
370677.4563,5812177.43,-5
370682.4563,5812177.43,-5
370687.4563,5812177.43,-5
370692.4563,5812177.43,-10
370697.4563,5812177.43,-10
370702.4563,5812177.43,-10
370707.4563,5812177.43,-15
370712.4563,5812177.43,-15
370717.4563,5812177.43,-15
370722.4563,5812177.43,-20
370727.4563,5812177.43,-20
370732.4563,5812177.43,-20
370737.4563,5812177.43,-20
370742.4563,5812177.43,-25
370747.4563,5812177.43,-25
370752.4563,5812177.43,-25
370757.4563,5812177.43,-25
370762.4563,5812177.43,-25
370767.4563,5812177.43,-25
370772.4563,5812177.43,-25
370777.4563,5812177.43,-25
370782.4563,5812177.43,-30
370787.4563,5812177.43,-30
370792.4563,5812177.43,-30
370797.4563,5812177.43,-30
370802.4563,5812177.43,-30
370807.4563,5812177.43,-30
370812.4563,5812177.43,-30
370817.4563,5812177.43,-30
370822.4563,5812177.43,-30
370827.4563,5812177.43,-30
370832.4563,5812177.43,-35
370837.4563,5812177.43,-35
370842.4563,5812177.43,-35
370847.4563,5812177.43,-35
370852.4563,5812177.43,-35
370857.4563,5812177.43,-35
370862.4563,5812177.43,-35
370652.4563,5812172.43,-1
370657.4563,5812172.43,-1
370662.4563,5812172.43,-1
370667.4563,5812172.43,-1
370672.4563,5812172.43,-5
370677.4563,5812172.43,-5
370682.4563,5812172.43,-5
370687.4563,5812172.43,-5
370692.4563,5812172.43,-10
370697.4563,5812172.43,-10
370702.4563,5812172.43,-10
370707.4563,5812172.43,-15
370712.4563,5812172.43,-15
370717.4563,5812172.43,-15
370722.4563,5812172.43,-20
370727.4563,5812172.43,-20
370732.4563,5812172.43,-20
370737.4563,5812172.43,-25
370742.4563,5812172.43,-25
370747.4563,5812172.43,-25
370752.4563,5812172.43,-25
370757.4563,5812172.43,-25
370762.4563,5812172.43,-25
370767.4563,5812172.43,-25
370772.4563,5812172.43,-25
370777.4563,5812172.43,-25
370782.4563,5812172.43,-30
370787.4563,5812172.43,-30
370792.4563,5812172.43,-30
370797.4563,5812172.43,-30
370802.4563,5812172.43,-30
370807.4563,5812172.43,-30
370812.4563,5812172.43,-30
370817.4563,5812172.43,-30
370822.4563,5812172.43,-30
370827.4563,5812172.43,-30
370832.4563,5812172.43,-35
370837.4563,5812172.43,-35
370842.4563,5812172.43,-35
370847.4563,5812172.43,-35
370852.4563,5812172.43,-35
370647.4563,5812167.43,-1
370652.4563,5812167.43,-1
370657.4563,5812167.43,-1
370662.4563,5812167.43,-1
370667.4563,5812167.43,-5
370672.4563,5812167.43,-5
370677.4563,5812167.43,-5
370682.4563,5812167.43,-5
370687.4563,5812167.43,-10
370692.4563,5812167.43,-10
370697.4563,5812167.43,-10
370702.4563,5812167.43,-10
370707.4563,5812167.43,-15
370712.4563,5812167.43,-15
370717.4563,5812167.43,-15
370722.4563,5812167.43,-20
370727.4563,5812167.43,-20
370732.4563,5812167.43,-20
370737.4563,5812167.43,-25
370742.4563,5812167.43,-25
370747.4563,5812167.43,-25
370752.4563,5812167.43,-25
370757.4563,5812167.43,-25
370762.4563,5812167.43,-25
370767.4563,5812167.43,-25
370772.4563,5812167.43,-30
370777.4563,5812167.43,-30
370782.4563,5812167.43,-30
370787.4563,5812167.43,-30
370792.4563,5812167.43,-30
370797.4563,5812167.43,-30
370802.4563,5812167.43,-30
370807.4563,5812167.43,-30
370812.4563,5812167.43,-30
370817.4563,5812167.43,-30
370822.4563,5812167.43,-30
370827.4563,5812167.43,-35
370832.4563,5812167.43,-35
370837.4563,5812167.43,-35
370842.4563,5812167.43,-35
370647.4563,5812162.43,-1
370652.4563,5812162.43,-1
370657.4563,5812162.43,-1
370662.4563,5812162.43,-5
370667.4563,5812162.43,-5
370672.4563,5812162.43,-5
370677.4563,5812162.43,-5
370682.4563,5812162.43,-10
370687.4563,5812162.43,-10
370692.4563,5812162.43,-10
370697.4563,5812162.43,-10
370702.4563,5812162.43,-10
370707.4563,5812162.43,-15
370712.4563,5812162.43,-15
370717.4563,5812162.43,-15
370722.4563,5812162.43,-20
370727.4563,5812162.43,-20
370732.4563,5812162.43,-20
370737.4563,5812162.43,-25
370742.4563,5812162.43,-25
370747.4563,5812162.43,-25
370752.4563,5812162.43,-25
370757.4563,5812162.43,-25
370762.4563,5812162.43,-25
370767.4563,5812162.43,-25
370772.4563,5812162.43,-30
370777.4563,5812162.43,-30
370782.4563,5812162.43,-30
370787.4563,5812162.43,-30
370792.4563,5812162.43,-30
370797.4563,5812162.43,-30
370802.4563,5812162.43,-30
370807.4563,5812162.43,-30
370812.4563,5812162.43,-30
370817.4563,5812162.43,-30
370822.4563,5812162.43,-35
370827.4563,5812162.43,-35
370832.4563,5812162.43,-35
370642.4563,5812157.43,-1
370647.4563,5812157.43,-1
370652.4563,5812157.43,-1
370657.4563,5812157.43,-5
370662.4563,5812157.43,-5
370667.4563,5812157.43,-5
370672.4563,5812157.43,-5
370677.4563,5812157.43,-10
370682.4563,5812157.43,-10
370687.4563,5812157.43,-10
370692.4563,5812157.43,-10
370697.4563,5812157.43,-10
370702.4563,5812157.43,-15
370707.4563,5812157.43,-15
370712.4563,5812157.43,-15
370717.4563,5812157.43,-15
370722.4563,5812157.43,-15
370727.4563,5812157.43,-20
370732.4563,5812157.43,-20
370737.4563,5812157.43,-20
370742.4563,5812157.43,-25
370747.4563,5812157.43,-25
370752.4563,5812157.43,-25
370757.4563,5812157.43,-25
370762.4563,5812157.43,-25
370767.4563,5812157.43,-25
370772.4563,5812157.43,-30
370777.4563,5812157.43,-30
370782.4563,5812157.43,-30
370787.4563,5812157.43,-30
370792.4563,5812157.43,-30
370797.4563,5812157.43,-30
370802.4563,5812157.43,-30
370807.4563,5812157.43,-30
370812.4563,5812157.43,-35
370817.4563,5812157.43,-35
370822.4563,5812157.43,-35
370827.4563,5812157.43,-35
370642.4563,5812152.43,-1
370647.4563,5812152.43,-1
370652.4563,5812152.43,-1
370657.4563,5812152.43,-5
370662.4563,5812152.43,-5
370667.4563,5812152.43,-5
370672.4563,5812152.43,-10
370677.4563,5812152.43,-10
370682.4563,5812152.43,-10
370687.4563,5812152.43,-10
370692.4563,5812152.43,-10
370697.4563,5812152.43,-10
370702.4563,5812152.43,-15
370707.4563,5812152.43,-15
370712.4563,5812152.43,-15
370717.4563,5812152.43,-15
370722.4563,5812152.43,-15
370727.4563,5812152.43,-20
370732.4563,5812152.43,-20
370737.4563,5812152.43,-20
370742.4563,5812152.43,-25
370747.4563,5812152.43,-25
370752.4563,5812152.43,-25
370757.4563,5812152.43,-25
370762.4563,5812152.43,-25
370767.4563,5812152.43,-30
370772.4563,5812152.43,-30
370777.4563,5812152.43,-30
370782.4563,5812152.43,-30
370787.4563,5812152.43,-30
370792.4563,5812152.43,-30
370797.4563,5812152.43,-30
370802.4563,5812152.43,-30
370807.4563,5812152.43,-35
370812.4563,5812152.43,-35
370817.4563,5812152.43,-35
370642.4563,5812147.43,-1
370647.4563,5812147.43,-1
370652.4563,5812147.43,-5
370657.4563,5812147.43,-5
370662.4563,5812147.43,-5
370667.4563,5812147.43,-5
370672.4563,5812147.43,-10
370677.4563,5812147.43,-10
370682.4563,5812147.43,-10
370687.4563,5812147.43,-10
370692.4563,5812147.43,-10
370697.4563,5812147.43,-15
370702.4563,5812147.43,-15
370707.4563,5812147.43,-15
370712.4563,5812147.43,-15
370717.4563,5812147.43,-15
370722.4563,5812147.43,-15
370727.4563,5812147.43,-20
370732.4563,5812147.43,-20
370737.4563,5812147.43,-20
370742.4563,5812147.43,-25
370747.4563,5812147.43,-25
370752.4563,5812147.43,-25
370757.4563,5812147.43,-25
370762.4563,5812147.43,-30
370767.4563,5812147.43,-30
370772.4563,5812147.43,-30
370777.4563,5812147.43,-30
370782.4563,5812147.43,-30
370787.4563,5812147.43,-30
370792.4563,5812147.43,-30
370797.4563,5812147.43,-30
370802.4563,5812147.43,-35
370807.4563,5812147.43,-35
370812.4563,5812147.43,-35
370817.4563,5812147.43,-35
370637.4563,5812142.43,-1
370642.4563,5812142.43,-1
370647.4563,5812142.43,-1
370652.4563,5812142.43,-5
370657.4563,5812142.43,-5
370662.4563,5812142.43,-5
370667.4563,5812142.43,-10
370672.4563,5812142.43,-10
370677.4563,5812142.43,-10
370682.4563,5812142.43,-10
370687.4563,5812142.43,-10
370692.4563,5812142.43,-10
370697.4563,5812142.43,-15
370702.4563,5812142.43,-15
370707.4563,5812142.43,-15
370712.4563,5812142.43,-15
370717.4563,5812142.43,-15
370722.4563,5812142.43,-20
370727.4563,5812142.43,-20
370732.4563,5812142.43,-20
370737.4563,5812142.43,-20
370742.4563,5812142.43,-20
370747.4563,5812142.43,-25
370752.4563,5812142.43,-25
370757.4563,5812142.43,-25
370762.4563,5812142.43,-30
370767.4563,5812142.43,-30
370772.4563,5812142.43,-30
370777.4563,5812142.43,-30
370782.4563,5812142.43,-30
370787.4563,5812142.43,-30
370792.4563,5812142.43,-30
370797.4563,5812142.43,-35
370802.4563,5812142.43,-35
370807.4563,5812142.43,-35
370812.4563,5812142.43,-35
370637.4563,5812137.43,-1
370642.4563,5812137.43,-1
370647.4563,5812137.43,-1
370652.4563,5812137.43,-5
370657.4563,5812137.43,-5
370662.4563,5812137.43,-5
370667.4563,5812137.43,-10
370672.4563,5812137.43,-10
370677.4563,5812137.43,-10
370682.4563,5812137.43,-10
370687.4563,5812137.43,-15
370692.4563,5812137.43,-15
370697.4563,5812137.43,-15
370702.4563,5812137.43,-15
370707.4563,5812137.43,-15
370712.4563,5812137.43,-15
370717.4563,5812137.43,-20
370722.4563,5812137.43,-20
370727.4563,5812137.43,-20
370732.4563,5812137.43,-20
370737.4563,5812137.43,-20
370742.4563,5812137.43,-25
370747.4563,5812137.43,-25
370752.4563,5812137.43,-25
370757.4563,5812137.43,-30
370762.4563,5812137.43,-30
370767.4563,5812137.43,-30
370772.4563,5812137.43,-30
370777.4563,5812137.43,-30
370782.4563,5812137.43,-30
370787.4563,5812137.43,-30
370792.4563,5812137.43,-30
370797.4563,5812137.43,-35
370802.4563,5812137.43,-35
370807.4563,5812137.43,-35
370637.4563,5812132.43,-1
370642.4563,5812132.43,-1
370647.4563,5812132.43,-5
370652.4563,5812132.43,-5
370657.4563,5812132.43,-5
370662.4563,5812132.43,-10
370667.4563,5812132.43,-10
370672.4563,5812132.43,-10
370677.4563,5812132.43,-10
370682.4563,5812132.43,-15
370687.4563,5812132.43,-15
370692.4563,5812132.43,-15
370697.4563,5812132.43,-15
370702.4563,5812132.43,-15
370707.4563,5812132.43,-15
370712.4563,5812132.43,-20
370717.4563,5812132.43,-20
370722.4563,5812132.43,-20
370727.4563,5812132.43,-20
370732.4563,5812132.43,-20
370737.4563,5812132.43,-20
370742.4563,5812132.43,-25
370747.4563,5812132.43,-25
370752.4563,5812132.43,-25
370757.4563,5812132.43,-30
370762.4563,5812132.43,-30
370767.4563,5812132.43,-30
370772.4563,5812132.43,-30
370777.4563,5812132.43,-30
370782.4563,5812132.43,-30
370787.4563,5812132.43,-30
370792.4563,5812132.43,-30
370797.4563,5812132.43,-35
370802.4563,5812132.43,-35
370807.4563,5812132.43,-35
370632.4563,5812127.43,-1
370637.4563,5812127.43,-1
370642.4563,5812127.43,-1
370647.4563,5812127.43,-5
370652.4563,5812127.43,-5
370657.4563,5812127.43,-5
370662.4563,5812127.43,-10
370667.4563,5812127.43,-10
370672.4563,5812127.43,-10
370677.4563,5812127.43,-15
370682.4563,5812127.43,-15
370687.4563,5812127.43,-15
370692.4563,5812127.43,-15
370697.4563,5812127.43,-15
370702.4563,5812127.43,-15
370707.4563,5812127.43,-20
370712.4563,5812127.43,-20
370717.4563,5812127.43,-20
370722.4563,5812127.43,-20
370727.4563,5812127.43,-20
370732.4563,5812127.43,-20
370737.4563,5812127.43,-25
370742.4563,5812127.43,-25
370747.4563,5812127.43,-25
370752.4563,5812127.43,-25
370757.4563,5812127.43,-30
370762.4563,5812127.43,-30
370767.4563,5812127.43,-30
370772.4563,5812127.43,-30
370777.4563,5812127.43,-30
370782.4563,5812127.43,-30
370787.4563,5812127.43,-30
370792.4563,5812127.43,-30
370797.4563,5812127.43,-35
370802.4563,5812127.43,-35
370632.4563,5812122.43,-1
370637.4563,5812122.43,-1
370642.4563,5812122.43,-1
370647.4563,5812122.43,-5
370652.4563,5812122.43,-5
370657.4563,5812122.43,-5
370662.4563,5812122.43,-10
370667.4563,5812122.43,-10
370672.4563,5812122.43,-10
370677.4563,5812122.43,-15
370682.4563,5812122.43,-15
370687.4563,5812122.43,-15
370692.4563,5812122.43,-15
370697.4563,5812122.43,-15
370702.4563,5812122.43,-20
370707.4563,5812122.43,-20
370712.4563,5812122.43,-20
370717.4563,5812122.43,-20
370722.4563,5812122.43,-20
370727.4563,5812122.43,-20
370732.4563,5812122.43,-20
370737.4563,5812122.43,-25
370742.4563,5812122.43,-25
370747.4563,5812122.43,-25
370752.4563,5812122.43,-25
370757.4563,5812122.43,-30
370762.4563,5812122.43,-30
370767.4563,5812122.43,-30
370772.4563,5812122.43,-30
370777.4563,5812122.43,-30
370782.4563,5812122.43,-30
370787.4563,5812122.43,-30
370792.4563,5812122.43,-30
370797.4563,5812122.43,-30
370802.4563,5812122.43,-35
370627.4563,5812117.43,-1
370632.4563,5812117.43,-1
370637.4563,5812117.43,-1
370642.4563,5812117.43,-5
370647.4563,5812117.43,-5
370652.4563,5812117.43,-5
370657.4563,5812117.43,-10
370662.4563,5812117.43,-10
370667.4563,5812117.43,-10
370672.4563,5812117.43,-15
370677.4563,5812117.43,-15
370682.4563,5812117.43,-15
370687.4563,5812117.43,-15
370692.4563,5812117.43,-15
370697.4563,5812117.43,-15
370702.4563,5812117.43,-20
370707.4563,5812117.43,-20
370712.4563,5812117.43,-20
370717.4563,5812117.43,-20
370722.4563,5812117.43,-20
370727.4563,5812117.43,-20
370732.4563,5812117.43,-25
370737.4563,5812117.43,-25
370742.4563,5812117.43,-25
370747.4563,5812117.43,-25
370752.4563,5812117.43,-25
370757.4563,5812117.43,-30
370762.4563,5812117.43,-30
370767.4563,5812117.43,-30
370772.4563,5812117.43,-30
370777.4563,5812117.43,-30
370782.4563,5812117.43,-30
370787.4563,5812117.43,-30
370792.4563,5812117.43,-30
370797.4563,5812117.43,-30
370622.4563,5812112.43,-1
370627.4563,5812112.43,-1
370632.4563,5812112.43,-1
370637.4563,5812112.43,-5
370642.4563,5812112.43,-5
370647.4563,5812112.43,-5
370652.4563,5812112.43,-5
370657.4563,5812112.43,-10
370662.4563,5812112.43,-10
370667.4563,5812112.43,-10
370672.4563,5812112.43,-15
370677.4563,5812112.43,-15
370682.4563,5812112.43,-15
370687.4563,5812112.43,-15
370692.4563,5812112.43,-15
370697.4563,5812112.43,-15
370702.4563,5812112.43,-20
370707.4563,5812112.43,-20
370712.4563,5812112.43,-20
370717.4563,5812112.43,-20
370722.4563,5812112.43,-20
370727.4563,5812112.43,-20
370732.4563,5812112.43,-25
370737.4563,5812112.43,-25
370742.4563,5812112.43,-25
370747.4563,5812112.43,-25
370752.4563,5812112.43,-25
370757.4563,5812112.43,-30
370762.4563,5812112.43,-30
370767.4563,5812112.43,-30
370772.4563,5812112.43,-30
370777.4563,5812112.43,-30
370782.4563,5812112.43,-30
370787.4563,5812112.43,-30
370792.4563,5812112.43,-30
370797.4563,5812112.43,-30
370622.4563,5812107.43,-1
370627.4563,5812107.43,-1
370632.4563,5812107.43,-1
370637.4563,5812107.43,-5
370642.4563,5812107.43,-5
370647.4563,5812107.43,-5
370652.4563,5812107.43,-5
370657.4563,5812107.43,-10
370662.4563,5812107.43,-10
370667.4563,5812107.43,-15
370672.4563,5812107.43,-15
370677.4563,5812107.43,-15
370682.4563,5812107.43,-15
370687.4563,5812107.43,-15
370692.4563,5812107.43,-15
370697.4563,5812107.43,-20
370702.4563,5812107.43,-20
370707.4563,5812107.43,-20
370712.4563,5812107.43,-20
370717.4563,5812107.43,-20
370722.4563,5812107.43,-20
370727.4563,5812107.43,-20
370732.4563,5812107.43,-25
370737.4563,5812107.43,-25
370742.4563,5812107.43,-25
370747.4563,5812107.43,-25
370752.4563,5812107.43,-25
370757.4563,5812107.43,-25
370762.4563,5812107.43,-30
370767.4563,5812107.43,-30
370772.4563,5812107.43,-30
370777.4563,5812107.43,-30
370782.4563,5812107.43,-30
370787.4563,5812107.43,-30
370792.4563,5812107.43,-30
370797.4563,5812107.43,-30
370617.4563,5812102.43,-1
370622.4563,5812102.43,-1
370627.4563,5812102.43,-1
370632.4563,5812102.43,-5
370637.4563,5812102.43,-5
370642.4563,5812102.43,-5
370647.4563,5812102.43,-5
370652.4563,5812102.43,-10
370657.4563,5812102.43,-10
370662.4563,5812102.43,-10
370667.4563,5812102.43,-15
370672.4563,5812102.43,-15
370677.4563,5812102.43,-15
370682.4563,5812102.43,-15
370687.4563,5812102.43,-15
370692.4563,5812102.43,-15
370697.4563,5812102.43,-20
370702.4563,5812102.43,-20
370707.4563,5812102.43,-20
370712.4563,5812102.43,-20
370717.4563,5812102.43,-20
370722.4563,5812102.43,-20
370727.4563,5812102.43,-25
370732.4563,5812102.43,-25
370737.4563,5812102.43,-25
370742.4563,5812102.43,-25
370747.4563,5812102.43,-25
370752.4563,5812102.43,-25
370757.4563,5812102.43,-25
370762.4563,5812102.43,-30
370767.4563,5812102.43,-30
370772.4563,5812102.43,-30
370777.4563,5812102.43,-30
370782.4563,5812102.43,-30
370787.4563,5812102.43,-30
370792.4563,5812102.43,-30
370797.4563,5812102.43,-30
370612.4563,5812097.43,-1
370617.4563,5812097.43,-1
370622.4563,5812097.43,-1
370627.4563,5812097.43,-1
370632.4563,5812097.43,-5
370637.4563,5812097.43,-5
370642.4563,5812097.43,-5
370647.4563,5812097.43,-10
370652.4563,5812097.43,-10
370657.4563,5812097.43,-10
370662.4563,5812097.43,-10
370667.4563,5812097.43,-15
370672.4563,5812097.43,-15
370677.4563,5812097.43,-15
370682.4563,5812097.43,-15
370687.4563,5812097.43,-15
370692.4563,5812097.43,-20
370697.4563,5812097.43,-20
370702.4563,5812097.43,-20
370707.4563,5812097.43,-20
370712.4563,5812097.43,-20
370717.4563,5812097.43,-20
370722.4563,5812097.43,-20
370727.4563,5812097.43,-25
370732.4563,5812097.43,-25
370737.4563,5812097.43,-25
370742.4563,5812097.43,-25
370747.4563,5812097.43,-25
370752.4563,5812097.43,-25
370757.4563,5812097.43,-25
370762.4563,5812097.43,-30
370767.4563,5812097.43,-30
370772.4563,5812097.43,-30
370777.4563,5812097.43,-30
370782.4563,5812097.43,-30
370787.4563,5812097.43,-30
370792.4563,5812097.43,-30
370797.4563,5812097.43,-30
370612.4563,5812092.43,-1
370617.4563,5812092.43,-1
370622.4563,5812092.43,-1
370627.4563,5812092.43,-5
370632.4563,5812092.43,-5
370637.4563,5812092.43,-5
370642.4563,5812092.43,-5
370647.4563,5812092.43,-10
370652.4563,5812092.43,-10
370657.4563,5812092.43,-10
370662.4563,5812092.43,-15
370667.4563,5812092.43,-15
370672.4563,5812092.43,-15
370677.4563,5812092.43,-15
370682.4563,5812092.43,-15
370687.4563,5812092.43,-15
370692.4563,5812092.43,-20
370697.4563,5812092.43,-20
370702.4563,5812092.43,-20
370707.4563,5812092.43,-20
370712.4563,5812092.43,-20
370717.4563,5812092.43,-20
370722.4563,5812092.43,-20
370727.4563,5812092.43,-25
370732.4563,5812092.43,-25
370737.4563,5812092.43,-25
370742.4563,5812092.43,-25
370747.4563,5812092.43,-25
370752.4563,5812092.43,-25
370757.4563,5812092.43,-25
370762.4563,5812092.43,-30
370767.4563,5812092.43,-30
370772.4563,5812092.43,-30
370777.4563,5812092.43,-30
370782.4563,5812092.43,-30
370787.4563,5812092.43,-30
370792.4563,5812092.43,-30
370797.4563,5812092.43,-30
370607.4563,5812087.43,-1
370612.4563,5812087.43,-1
370617.4563,5812087.43,-1
370622.4563,5812087.43,-5
370627.4563,5812087.43,-5
370632.4563,5812087.43,-5
370637.4563,5812087.43,-5
370642.4563,5812087.43,-10
370647.4563,5812087.43,-10
370652.4563,5812087.43,-10
370657.4563,5812087.43,-10
370662.4563,5812087.43,-15
370667.4563,5812087.43,-15
370672.4563,5812087.43,-15
370677.4563,5812087.43,-15
370682.4563,5812087.43,-15
370687.4563,5812087.43,-15
370692.4563,5812087.43,-20
370697.4563,5812087.43,-20
370702.4563,5812087.43,-20
370707.4563,5812087.43,-20
370712.4563,5812087.43,-20
370717.4563,5812087.43,-20
370722.4563,5812087.43,-20
370727.4563,5812087.43,-25
370732.4563,5812087.43,-25
370737.4563,5812087.43,-25
370742.4563,5812087.43,-25
370747.4563,5812087.43,-25
370752.4563,5812087.43,-25
370757.4563,5812087.43,-25
370762.4563,5812087.43,-30
370767.4563,5812087.43,-30
370772.4563,5812087.43,-30
370777.4563,5812087.43,-30
370782.4563,5812087.43,-30
370787.4563,5812087.43,-30
370792.4563,5812087.43,-30
370797.4563,5812087.43,-30
370607.4563,5812082.43,-1
370612.4563,5812082.43,-1
370617.4563,5812082.43,-5
370622.4563,5812082.43,-5
370627.4563,5812082.43,-5
370632.4563,5812082.43,-5
370637.4563,5812082.43,-5
370642.4563,5812082.43,-10
370647.4563,5812082.43,-10
370652.4563,5812082.43,-10
370657.4563,5812082.43,-15
370662.4563,5812082.43,-15
370667.4563,5812082.43,-15
370672.4563,5812082.43,-15
370677.4563,5812082.43,-15
370682.4563,5812082.43,-15
370687.4563,5812082.43,-20
370692.4563,5812082.43,-20
370697.4563,5812082.43,-20
370702.4563,5812082.43,-20
370707.4563,5812082.43,-20
370712.4563,5812082.43,-20
370717.4563,5812082.43,-20
370722.4563,5812082.43,-20
370727.4563,5812082.43,-25
370732.4563,5812082.43,-25
370737.4563,5812082.43,-25
370742.4563,5812082.43,-25
370747.4563,5812082.43,-25
370752.4563,5812082.43,-25
370757.4563,5812082.43,-25
370762.4563,5812082.43,-30
370767.4563,5812082.43,-30
370772.4563,5812082.43,-30
370777.4563,5812082.43,-30
370782.4563,5812082.43,-30
370787.4563,5812082.43,-30
370792.4563,5812082.43,-30
370602.4563,5812077.43,-1
370607.4563,5812077.43,-1
370612.4563,5812077.43,-5
370617.4563,5812077.43,-5
370622.4563,5812077.43,-5
370627.4563,5812077.43,-5
370632.4563,5812077.43,-10
370637.4563,5812077.43,-10
370642.4563,5812077.43,-10
370647.4563,5812077.43,-10
370652.4563,5812077.43,-10
370657.4563,5812077.43,-15
370662.4563,5812077.43,-15
370667.4563,5812077.43,-15
370672.4563,5812077.43,-15
370677.4563,5812077.43,-15
370682.4563,5812077.43,-15
370687.4563,5812077.43,-20
370692.4563,5812077.43,-20
370697.4563,5812077.43,-20
370702.4563,5812077.43,-20
370707.4563,5812077.43,-20
370712.4563,5812077.43,-20
370717.4563,5812077.43,-20
370722.4563,5812077.43,-20
370727.4563,5812077.43,-25
370732.4563,5812077.43,-25
370737.4563,5812077.43,-25
370742.4563,5812077.43,-25
370747.4563,5812077.43,-25
370752.4563,5812077.43,-25
370757.4563,5812077.43,-25
370762.4563,5812077.43,-30
370767.4563,5812077.43,-30
370772.4563,5812077.43,-30
370777.4563,5812077.43,-30
370782.4563,5812077.43,-30
370787.4563,5812077.43,-30
370792.4563,5812077.43,-30
370602.4563,5812072.43,-1
370607.4563,5812072.43,-1
370612.4563,5812072.43,-5
370617.4563,5812072.43,-5
370622.4563,5812072.43,-5
370627.4563,5812072.43,-5
370632.4563,5812072.43,-10
370637.4563,5812072.43,-10
370642.4563,5812072.43,-10
370647.4563,5812072.43,-10
370652.4563,5812072.43,-15
370657.4563,5812072.43,-15
370662.4563,5812072.43,-15
370667.4563,5812072.43,-15
370672.4563,5812072.43,-15
370677.4563,5812072.43,-15
370682.4563,5812072.43,-15
370687.4563,5812072.43,-20
370692.4563,5812072.43,-20
370697.4563,5812072.43,-20
370702.4563,5812072.43,-20
370707.4563,5812072.43,-20
370712.4563,5812072.43,-20
370717.4563,5812072.43,-20
370722.4563,5812072.43,-20
370727.4563,5812072.43,-25
370732.4563,5812072.43,-25
370737.4563,5812072.43,-25
370742.4563,5812072.43,-25
370747.4563,5812072.43,-25
370752.4563,5812072.43,-25
370757.4563,5812072.43,-25
370762.4563,5812072.43,-30
370767.4563,5812072.43,-30
370772.4563,5812072.43,-30
370777.4563,5812072.43,-30
370782.4563,5812072.43,-30
370787.4563,5812072.43,-30
370792.4563,5812072.43,-30
370597.4563,5812067.43,-1
370602.4563,5812067.43,-1
370607.4563,5812067.43,-5
370612.4563,5812067.43,-5
370617.4563,5812067.43,-5
370622.4563,5812067.43,-5
370627.4563,5812067.43,-10
370632.4563,5812067.43,-10
370637.4563,5812067.43,-10
370642.4563,5812067.43,-10
370647.4563,5812067.43,-10
370652.4563,5812067.43,-15
370657.4563,5812067.43,-15
370662.4563,5812067.43,-15
370667.4563,5812067.43,-15
370672.4563,5812067.43,-15
370677.4563,5812067.43,-15
370682.4563,5812067.43,-15
370687.4563,5812067.43,-20
370692.4563,5812067.43,-20
370697.4563,5812067.43,-20
370702.4563,5812067.43,-20
370707.4563,5812067.43,-20
370712.4563,5812067.43,-20
370717.4563,5812067.43,-20
370722.4563,5812067.43,-20
370727.4563,5812067.43,-25
370732.4563,5812067.43,-25
370737.4563,5812067.43,-25
370742.4563,5812067.43,-25
370747.4563,5812067.43,-25
370752.4563,5812067.43,-25
370757.4563,5812067.43,-25
370762.4563,5812067.43,-30
370767.4563,5812067.43,-30
370772.4563,5812067.43,-30
370777.4563,5812067.43,-30
370782.4563,5812067.43,-30
370787.4563,5812067.43,-30
370792.4563,5812067.43,-30
370597.4563,5812062.43,-1
370602.4563,5812062.43,-1
370607.4563,5812062.43,-5
370612.4563,5812062.43,-5
370617.4563,5812062.43,-5
370622.4563,5812062.43,-5
370627.4563,5812062.43,-10
370632.4563,5812062.43,-10
370637.4563,5812062.43,-10
370642.4563,5812062.43,-10
370647.4563,5812062.43,-15
370652.4563,5812062.43,-15
370657.4563,5812062.43,-15
370662.4563,5812062.43,-15
370667.4563,5812062.43,-15
370672.4563,5812062.43,-15
370677.4563,5812062.43,-15
370682.4563,5812062.43,-20
370687.4563,5812062.43,-20
370692.4563,5812062.43,-20
370697.4563,5812062.43,-20
370702.4563,5812062.43,-20
370707.4563,5812062.43,-20
370712.4563,5812062.43,-20
370717.4563,5812062.43,-20
370722.4563,5812062.43,-20
370727.4563,5812062.43,-25
370732.4563,5812062.43,-25
370737.4563,5812062.43,-25
370742.4563,5812062.43,-25
370747.4563,5812062.43,-25
370752.4563,5812062.43,-25
370757.4563,5812062.43,-30
370762.4563,5812062.43,-30
370767.4563,5812062.43,-30
370772.4563,5812062.43,-30
370777.4563,5812062.43,-30
370782.4563,5812062.43,-30
370787.4563,5812062.43,-30
370792.4563,5812062.43,-30
370592.4563,5812057.43,-1
370597.4563,5812057.43,-1
370602.4563,5812057.43,-1
370607.4563,5812057.43,-5
370612.4563,5812057.43,-5
370617.4563,5812057.43,-5
370622.4563,5812057.43,-10
370627.4563,5812057.43,-10
370632.4563,5812057.43,-10
370637.4563,5812057.43,-10
370642.4563,5812057.43,-15
370647.4563,5812057.43,-15
370652.4563,5812057.43,-15
370657.4563,5812057.43,-15
370662.4563,5812057.43,-15
370667.4563,5812057.43,-15
370672.4563,5812057.43,-15
370677.4563,5812057.43,-15
370682.4563,5812057.43,-20
370687.4563,5812057.43,-20
370692.4563,5812057.43,-20
370697.4563,5812057.43,-20
370702.4563,5812057.43,-20
370707.4563,5812057.43,-20
370712.4563,5812057.43,-20
370717.4563,5812057.43,-20
370722.4563,5812057.43,-20
370727.4563,5812057.43,-25
370732.4563,5812057.43,-25
370737.4563,5812057.43,-25
370742.4563,5812057.43,-25
370747.4563,5812057.43,-25
370752.4563,5812057.43,-25
370757.4563,5812057.43,-25
370762.4563,5812057.43,-30
370767.4563,5812057.43,-30
370772.4563,5812057.43,-30
370777.4563,5812057.43,-30
370782.4563,5812057.43,-30
370787.4563,5812057.43,-30
370792.4563,5812057.43,-30
370592.4563,5812052.43,-1
370597.4563,5812052.43,-1
370602.4563,5812052.43,-1
370607.4563,5812052.43,-5
370612.4563,5812052.43,-5
370617.4563,5812052.43,-10
370622.4563,5812052.43,-10
370627.4563,5812052.43,-10
370632.4563,5812052.43,-10
370637.4563,5812052.43,-10
370642.4563,5812052.43,-15
370647.4563,5812052.43,-15
370652.4563,5812052.43,-15
370657.4563,5812052.43,-15
370662.4563,5812052.43,-15
370667.4563,5812052.43,-15
370672.4563,5812052.43,-15
370677.4563,5812052.43,-15
370682.4563,5812052.43,-20
370687.4563,5812052.43,-20
370692.4563,5812052.43,-20
370697.4563,5812052.43,-20
370702.4563,5812052.43,-20
370707.4563,5812052.43,-20
370712.4563,5812052.43,-20
370717.4563,5812052.43,-20
370722.4563,5812052.43,-20
370727.4563,5812052.43,-25
370732.4563,5812052.43,-25
370737.4563,5812052.43,-25
370742.4563,5812052.43,-25
370747.4563,5812052.43,-25
370752.4563,5812052.43,-25
370757.4563,5812052.43,-25
370762.4563,5812052.43,-25
370767.4563,5812052.43,-30
370772.4563,5812052.43,-30
370777.4563,5812052.43,-30
370782.4563,5812052.43,-30
370787.4563,5812052.43,-30
370792.4563,5812052.43,-30
370587.4563,5812047.43,-1
370592.4563,5812047.43,-1
370597.4563,5812047.43,-1
370602.4563,5812047.43,-5
370607.4563,5812047.43,-5
370612.4563,5812047.43,-10
370617.4563,5812047.43,-10
370622.4563,5812047.43,-10
370627.4563,5812047.43,-10
370632.4563,5812047.43,-10
370637.4563,5812047.43,-15
370642.4563,5812047.43,-15
370647.4563,5812047.43,-15
370652.4563,5812047.43,-15
370657.4563,5812047.43,-15
370662.4563,5812047.43,-15
370667.4563,5812047.43,-15
370672.4563,5812047.43,-15
370677.4563,5812047.43,-15
370682.4563,5812047.43,-20
370687.4563,5812047.43,-20
370692.4563,5812047.43,-20
370697.4563,5812047.43,-20
370702.4563,5812047.43,-20
370707.4563,5812047.43,-20
370712.4563,5812047.43,-20
370717.4563,5812047.43,-20
370722.4563,5812047.43,-20
370727.4563,5812047.43,-25
370732.4563,5812047.43,-25
370737.4563,5812047.43,-25
370742.4563,5812047.43,-25
370747.4563,5812047.43,-25
370752.4563,5812047.43,-25
370757.4563,5812047.43,-25
370762.4563,5812047.43,-25
370767.4563,5812047.43,-30
370772.4563,5812047.43,-30
370777.4563,5812047.43,-30
370782.4563,5812047.43,-30
370787.4563,5812047.43,-30
370792.4563,5812047.43,-30
370582.4563,5812042.43,-1
370587.4563,5812042.43,-1
370592.4563,5812042.43,-1
370597.4563,5812042.43,-5
370602.4563,5812042.43,-5
370607.4563,5812042.43,-5
370612.4563,5812042.43,-10
370617.4563,5812042.43,-10
370622.4563,5812042.43,-10
370627.4563,5812042.43,-10
370632.4563,5812042.43,-10
370637.4563,5812042.43,-15
370642.4563,5812042.43,-15
370647.4563,5812042.43,-15
370652.4563,5812042.43,-15
370657.4563,5812042.43,-15
370662.4563,5812042.43,-15
370667.4563,5812042.43,-15
370672.4563,5812042.43,-15
370677.4563,5812042.43,-20
370682.4563,5812042.43,-20
370687.4563,5812042.43,-20
370692.4563,5812042.43,-20
370697.4563,5812042.43,-20
370702.4563,5812042.43,-20
370707.4563,5812042.43,-20
370712.4563,5812042.43,-20
370717.4563,5812042.43,-20
370722.4563,5812042.43,-20
370727.4563,5812042.43,-25
370732.4563,5812042.43,-25
370737.4563,5812042.43,-25
370742.4563,5812042.43,-25
370747.4563,5812042.43,-25
370752.4563,5812042.43,-25
370757.4563,5812042.43,-25
370762.4563,5812042.43,-25
370767.4563,5812042.43,-25
370772.4563,5812042.43,-30
370777.4563,5812042.43,-30
370782.4563,5812042.43,-30
370787.4563,5812042.43,-30
370792.4563,5812042.43,-30
370582.4563,5812037.43,-1
370587.4563,5812037.43,-1
370592.4563,5812037.43,-5
370597.4563,5812037.43,-5
370602.4563,5812037.43,-5
370607.4563,5812037.43,-5
370612.4563,5812037.43,-10
370617.4563,5812037.43,-10
370622.4563,5812037.43,-10
370627.4563,5812037.43,-10
370632.4563,5812037.43,-15
370637.4563,5812037.43,-15
370642.4563,5812037.43,-15
370647.4563,5812037.43,-15
370652.4563,5812037.43,-15
370657.4563,5812037.43,-15
370662.4563,5812037.43,-15
370667.4563,5812037.43,-15
370672.4563,5812037.43,-15
370677.4563,5812037.43,-20
370682.4563,5812037.43,-20
370687.4563,5812037.43,-20
370692.4563,5812037.43,-20
370697.4563,5812037.43,-20
370702.4563,5812037.43,-20
370707.4563,5812037.43,-20
370712.4563,5812037.43,-20
370717.4563,5812037.43,-20
370722.4563,5812037.43,-20
370727.4563,5812037.43,-25
370732.4563,5812037.43,-25
370737.4563,5812037.43,-25
370742.4563,5812037.43,-25
370747.4563,5812037.43,-25
370752.4563,5812037.43,-25
370757.4563,5812037.43,-25
370762.4563,5812037.43,-25
370767.4563,5812037.43,-25
370772.4563,5812037.43,-30
370777.4563,5812037.43,-30
370782.4563,5812037.43,-30
370787.4563,5812037.43,-30
370577.4563,5812032.43,-1
370582.4563,5812032.43,-1
370587.4563,5812032.43,-5
370592.4563,5812032.43,-5
370597.4563,5812032.43,-5
370602.4563,5812032.43,-5
370607.4563,5812032.43,-10
370612.4563,5812032.43,-10
370617.4563,5812032.43,-10
370622.4563,5812032.43,-10
370627.4563,5812032.43,-15
370632.4563,5812032.43,-15
370637.4563,5812032.43,-15
370642.4563,5812032.43,-15
370647.4563,5812032.43,-15
370652.4563,5812032.43,-15
370657.4563,5812032.43,-15
370662.4563,5812032.43,-15
370667.4563,5812032.43,-15
370672.4563,5812032.43,-15
370677.4563,5812032.43,-20
370682.4563,5812032.43,-20
370687.4563,5812032.43,-20
370692.4563,5812032.43,-20
370697.4563,5812032.43,-20
370702.4563,5812032.43,-20
370707.4563,5812032.43,-20
370712.4563,5812032.43,-20
370717.4563,5812032.43,-20
370722.4563,5812032.43,-20
370727.4563,5812032.43,-25
370732.4563,5812032.43,-25
370737.4563,5812032.43,-25
370742.4563,5812032.43,-25
370747.4563,5812032.43,-25
370752.4563,5812032.43,-25
370757.4563,5812032.43,-25
370762.4563,5812032.43,-25
370767.4563,5812032.43,-25
370772.4563,5812032.43,-30
370777.4563,5812032.43,-30
370782.4563,5812032.43,-30
370787.4563,5812032.43,-30
370577.4563,5812027.43,-1
370582.4563,5812027.43,-1
370587.4563,5812027.43,-5
370592.4563,5812027.43,-5
370597.4563,5812027.43,-10
370602.4563,5812027.43,-10
370607.4563,5812027.43,-10
370612.4563,5812027.43,-10
370617.4563,5812027.43,-10
370622.4563,5812027.43,-15
370627.4563,5812027.43,-15
370632.4563,5812027.43,-15
370637.4563,5812027.43,-15
370642.4563,5812027.43,-15
370647.4563,5812027.43,-15
370652.4563,5812027.43,-15
370657.4563,5812027.43,-15
370662.4563,5812027.43,-15
370667.4563,5812027.43,-15
370672.4563,5812027.43,-20
370677.4563,5812027.43,-20
370682.4563,5812027.43,-20
370687.4563,5812027.43,-20
370692.4563,5812027.43,-20
370697.4563,5812027.43,-20
370702.4563,5812027.43,-20
370707.4563,5812027.43,-20
370712.4563,5812027.43,-20
370717.4563,5812027.43,-20
370722.4563,5812027.43,-20
370727.4563,5812027.43,-25
370732.4563,5812027.43,-25
370737.4563,5812027.43,-25
370742.4563,5812027.43,-25
370747.4563,5812027.43,-25
370752.4563,5812027.43,-25
370757.4563,5812027.43,-25
370762.4563,5812027.43,-25
370767.4563,5812027.43,-25
370772.4563,5812027.43,-30
370777.4563,5812027.43,-30
370782.4563,5812027.43,-30
370787.4563,5812027.43,-30
370572.4563,5812022.43,-1
370577.4563,5812022.43,-1
370582.4563,5812022.43,-5
370587.4563,5812022.43,-5
370592.4563,5812022.43,-5
370597.4563,5812022.43,-10
370602.4563,5812022.43,-10
370607.4563,5812022.43,-10
370612.4563,5812022.43,-10
370617.4563,5812022.43,-15
370622.4563,5812022.43,-15
370627.4563,5812022.43,-15
370632.4563,5812022.43,-15
370637.4563,5812022.43,-15
370642.4563,5812022.43,-15
370647.4563,5812022.43,-15
370652.4563,5812022.43,-15
370657.4563,5812022.43,-15
370662.4563,5812022.43,-15
370667.4563,5812022.43,-20
370672.4563,5812022.43,-20
370677.4563,5812022.43,-20
370682.4563,5812022.43,-20
370687.4563,5812022.43,-20
370692.4563,5812022.43,-20
370697.4563,5812022.43,-20
370702.4563,5812022.43,-20
370707.4563,5812022.43,-20
370712.4563,5812022.43,-20
370717.4563,5812022.43,-20
370722.4563,5812022.43,-20
370727.4563,5812022.43,-25
370732.4563,5812022.43,-25
370737.4563,5812022.43,-25
370742.4563,5812022.43,-25
370747.4563,5812022.43,-25
370752.4563,5812022.43,-25
370757.4563,5812022.43,-25
370762.4563,5812022.43,-25
370767.4563,5812022.43,-30
370772.4563,5812022.43,-30
370777.4563,5812022.43,-30
370782.4563,5812022.43,-30
370787.4563,5812022.43,-30
370572.4563,5812017.43,-1
370577.4563,5812017.43,-1
370582.4563,5812017.43,-5
370587.4563,5812017.43,-5
370592.4563,5812017.43,-10
370597.4563,5812017.43,-10
370602.4563,5812017.43,-10
370607.4563,5812017.43,-10
370612.4563,5812017.43,-15
370617.4563,5812017.43,-15
370622.4563,5812017.43,-15
370627.4563,5812017.43,-15
370632.4563,5812017.43,-15
370637.4563,5812017.43,-15
370642.4563,5812017.43,-15
370647.4563,5812017.43,-15
370652.4563,5812017.43,-15
370657.4563,5812017.43,-15
370662.4563,5812017.43,-20
370667.4563,5812017.43,-20
370672.4563,5812017.43,-20
370677.4563,5812017.43,-20
370682.4563,5812017.43,-20
370687.4563,5812017.43,-20
370692.4563,5812017.43,-20
370697.4563,5812017.43,-20
370702.4563,5812017.43,-20
370707.4563,5812017.43,-20
370712.4563,5812017.43,-20
370717.4563,5812017.43,-20
370722.4563,5812017.43,-20
370727.4563,5812017.43,-25
370732.4563,5812017.43,-25
370737.4563,5812017.43,-25
370742.4563,5812017.43,-25
370747.4563,5812017.43,-25
370752.4563,5812017.43,-25
370757.4563,5812017.43,-25
370762.4563,5812017.43,-30
370767.4563,5812017.43,-30
370772.4563,5812017.43,-30
370777.4563,5812017.43,-30
370782.4563,5812017.43,-30
370787.4563,5812017.43,-30
370567.4563,5812012.43,-1
370572.4563,5812012.43,-1
370577.4563,5812012.43,-5
370582.4563,5812012.43,-5
370587.4563,5812012.43,-5
370592.4563,5812012.43,-10
370597.4563,5812012.43,-10
370602.4563,5812012.43,-10
370607.4563,5812012.43,-10
370612.4563,5812012.43,-15
370617.4563,5812012.43,-15
370622.4563,5812012.43,-15
370627.4563,5812012.43,-15
370632.4563,5812012.43,-15
370637.4563,5812012.43,-15
370642.4563,5812012.43,-15
370647.4563,5812012.43,-15
370652.4563,5812012.43,-15
370657.4563,5812012.43,-15
370662.4563,5812012.43,-20
370667.4563,5812012.43,-20
370672.4563,5812012.43,-20
370677.4563,5812012.43,-20
370682.4563,5812012.43,-20
370687.4563,5812012.43,-20
370692.4563,5812012.43,-20
370697.4563,5812012.43,-20
370702.4563,5812012.43,-20
370707.4563,5812012.43,-20
370712.4563,5812012.43,-20
370717.4563,5812012.43,-20
370722.4563,5812012.43,-20
370727.4563,5812012.43,-25
370732.4563,5812012.43,-25
370737.4563,5812012.43,-25
370742.4563,5812012.43,-25
370747.4563,5812012.43,-25
370752.4563,5812012.43,-25
370757.4563,5812012.43,-25
370762.4563,5812012.43,-30
370767.4563,5812012.43,-30
370772.4563,5812012.43,-30
370777.4563,5812012.43,-30
370782.4563,5812012.43,-30
370787.4563,5812012.43,-30
370567.4563,5812007.43,-1
370572.4563,5812007.43,-1
370577.4563,5812007.43,-5
370582.4563,5812007.43,-5
370587.4563,5812007.43,-10
370592.4563,5812007.43,-10
370597.4563,5812007.43,-10
370602.4563,5812007.43,-10
370607.4563,5812007.43,-15
370612.4563,5812007.43,-15
370617.4563,5812007.43,-15
370622.4563,5812007.43,-15
370627.4563,5812007.43,-15
370632.4563,5812007.43,-15
370637.4563,5812007.43,-15
370642.4563,5812007.43,-15
370647.4563,5812007.43,-15
370652.4563,5812007.43,-15
370657.4563,5812007.43,-20
370662.4563,5812007.43,-20
370667.4563,5812007.43,-20
370672.4563,5812007.43,-20
370677.4563,5812007.43,-20
370682.4563,5812007.43,-20
370687.4563,5812007.43,-20
370692.4563,5812007.43,-20
370697.4563,5812007.43,-20
370702.4563,5812007.43,-20
370707.4563,5812007.43,-20
370712.4563,5812007.43,-20
370717.4563,5812007.43,-20
370722.4563,5812007.43,-20
370727.4563,5812007.43,-25
370732.4563,5812007.43,-25
370737.4563,5812007.43,-25
370742.4563,5812007.43,-25
370747.4563,5812007.43,-25
370752.4563,5812007.43,-25
370757.4563,5812007.43,-25
370762.4563,5812007.43,-30
370767.4563,5812007.43,-30
370772.4563,5812007.43,-30
370777.4563,5812007.43,-30
370782.4563,5812007.43,-30
370787.4563,5812007.43,-30
370562.4563,5812002.43,-1
370567.4563,5812002.43,-1
370572.4563,5812002.43,-1
370577.4563,5812002.43,-5
370582.4563,5812002.43,-10
370587.4563,5812002.43,-10
370592.4563,5812002.43,-10
370597.4563,5812002.43,-10
370602.4563,5812002.43,-10
370607.4563,5812002.43,-15
370612.4563,5812002.43,-15
370617.4563,5812002.43,-15
370622.4563,5812002.43,-15
370627.4563,5812002.43,-15
370632.4563,5812002.43,-15
370637.4563,5812002.43,-15
370642.4563,5812002.43,-15
370647.4563,5812002.43,-15
370652.4563,5812002.43,-15
370657.4563,5812002.43,-20
370662.4563,5812002.43,-20
370667.4563,5812002.43,-20
370672.4563,5812002.43,-20
370677.4563,5812002.43,-20
370682.4563,5812002.43,-20
370687.4563,5812002.43,-20
370692.4563,5812002.43,-20
370697.4563,5812002.43,-20
370702.4563,5812002.43,-20
370707.4563,5812002.43,-20
370712.4563,5812002.43,-20
370717.4563,5812002.43,-20
370722.4563,5812002.43,-20
370727.4563,5812002.43,-25
370732.4563,5812002.43,-25
370737.4563,5812002.43,-25
370742.4563,5812002.43,-25
370747.4563,5812002.43,-25
370752.4563,5812002.43,-25
370757.4563,5812002.43,-25
370762.4563,5812002.43,-30
370767.4563,5812002.43,-30
370772.4563,5812002.43,-30
370777.4563,5812002.43,-30
370782.4563,5812002.43,-30
370787.4563,5812002.43,-30
370562.4563,5811997.43,-1
370567.4563,5811997.43,-1
370572.4563,5811997.43,-5
370577.4563,5811997.43,-5
370582.4563,5811997.43,-10
370587.4563,5811997.43,-10
370592.4563,5811997.43,-10
370597.4563,5811997.43,-10
370602.4563,5811997.43,-15
370607.4563,5811997.43,-15
370612.4563,5811997.43,-15
370617.4563,5811997.43,-15
370622.4563,5811997.43,-15
370627.4563,5811997.43,-15
370632.4563,5811997.43,-15
370637.4563,5811997.43,-15
370642.4563,5811997.43,-15
370647.4563,5811997.43,-15
370652.4563,5811997.43,-15
370657.4563,5811997.43,-20
370662.4563,5811997.43,-20
370667.4563,5811997.43,-20
370672.4563,5811997.43,-20
370677.4563,5811997.43,-20
370682.4563,5811997.43,-20
370687.4563,5811997.43,-20
370692.4563,5811997.43,-20
370697.4563,5811997.43,-20
370702.4563,5811997.43,-20
370707.4563,5811997.43,-20
370712.4563,5811997.43,-20
370717.4563,5811997.43,-20
370722.4563,5811997.43,-20
370727.4563,5811997.43,-25
370732.4563,5811997.43,-25
370737.4563,5811997.43,-25
370742.4563,5811997.43,-25
370747.4563,5811997.43,-25
370752.4563,5811997.43,-25
370757.4563,5811997.43,-25
370762.4563,5811997.43,-30
370767.4563,5811997.43,-30
370772.4563,5811997.43,-30
370777.4563,5811997.43,-30
370782.4563,5811997.43,-30
370787.4563,5811997.43,-30
370557.4563,5811992.43,-1
370562.4563,5811992.43,-1
370567.4563,5811992.43,-1
370572.4563,5811992.43,-5
370577.4563,5811992.43,-5
370582.4563,5811992.43,-10
370587.4563,5811992.43,-10
370592.4563,5811992.43,-10
370597.4563,5811992.43,-10
370602.4563,5811992.43,-15
370607.4563,5811992.43,-15
370612.4563,5811992.43,-15
370617.4563,5811992.43,-15
370622.4563,5811992.43,-15
370627.4563,5811992.43,-15
370632.4563,5811992.43,-15
370637.4563,5811992.43,-15
370642.4563,5811992.43,-15
370647.4563,5811992.43,-15
370652.4563,5811992.43,-15
370657.4563,5811992.43,-20
370662.4563,5811992.43,-20
370667.4563,5811992.43,-20
370672.4563,5811992.43,-20
370677.4563,5811992.43,-20
370682.4563,5811992.43,-20
370687.4563,5811992.43,-20
370692.4563,5811992.43,-20
370697.4563,5811992.43,-20
370702.4563,5811992.43,-20
370707.4563,5811992.43,-20
370712.4563,5811992.43,-20
370717.4563,5811992.43,-20
370722.4563,5811992.43,-20
370727.4563,5811992.43,-25
370732.4563,5811992.43,-25
370737.4563,5811992.43,-25
370742.4563,5811992.43,-25
370747.4563,5811992.43,-25
370752.4563,5811992.43,-25
370757.4563,5811992.43,-25
370762.4563,5811992.43,-25
370767.4563,5811992.43,-30
370772.4563,5811992.43,-30
370777.4563,5811992.43,-30
370782.4563,5811992.43,-30
370557.4563,5811987.43,-1
370562.4563,5811987.43,-1
370567.4563,5811987.43,-1
370572.4563,5811987.43,-5
370577.4563,5811987.43,-5
370582.4563,5811987.43,-10
370587.4563,5811987.43,-10
370592.4563,5811987.43,-10
370597.4563,5811987.43,-10
370602.4563,5811987.43,-15
370607.4563,5811987.43,-15
370612.4563,5811987.43,-15
370617.4563,5811987.43,-15
370622.4563,5811987.43,-15
370627.4563,5811987.43,-15
370632.4563,5811987.43,-15
370637.4563,5811987.43,-15
370642.4563,5811987.43,-15
370647.4563,5811987.43,-15
370652.4563,5811987.43,-15
370657.4563,5811987.43,-20
370662.4563,5811987.43,-20
370667.4563,5811987.43,-20
370672.4563,5811987.43,-20
370677.4563,5811987.43,-20
370682.4563,5811987.43,-20
370687.4563,5811987.43,-20
370692.4563,5811987.43,-20
370697.4563,5811987.43,-20
370702.4563,5811987.43,-20
370707.4563,5811987.43,-20
370712.4563,5811987.43,-20
370717.4563,5811987.43,-20
370722.4563,5811987.43,-20
370727.4563,5811987.43,-20
370732.4563,5811987.43,-25
370737.4563,5811987.43,-25
370742.4563,5811987.43,-25
370747.4563,5811987.43,-25
370752.4563,5811987.43,-25
370757.4563,5811987.43,-25
370762.4563,5811987.43,-25
370767.4563,5811987.43,-30
370772.4563,5811987.43,-30
370777.4563,5811987.43,-30
370782.4563,5811987.43,-30
370552.4563,5811982.43,-1
370557.4563,5811982.43,-1
370562.4563,5811982.43,-1
370567.4563,5811982.43,-1
370572.4563,5811982.43,-5
370577.4563,5811982.43,-5
370582.4563,5811982.43,-10
370587.4563,5811982.43,-10
370592.4563,5811982.43,-10
370597.4563,5811982.43,-10
370602.4563,5811982.43,-15
370607.4563,5811982.43,-15
370612.4563,5811982.43,-15
370617.4563,5811982.43,-15
370622.4563,5811982.43,-15
370627.4563,5811982.43,-15
370632.4563,5811982.43,-15
370637.4563,5811982.43,-15
370642.4563,5811982.43,-15
370647.4563,5811982.43,-15
370652.4563,5811982.43,-15
370657.4563,5811982.43,-20
370662.4563,5811982.43,-20
370667.4563,5811982.43,-20
370672.4563,5811982.43,-20
370677.4563,5811982.43,-20
370682.4563,5811982.43,-20
370687.4563,5811982.43,-20
370692.4563,5811982.43,-20
370697.4563,5811982.43,-20
370702.4563,5811982.43,-20
370707.4563,5811982.43,-20
370712.4563,5811982.43,-20
370717.4563,5811982.43,-20
370722.4563,5811982.43,-20
370727.4563,5811982.43,-20
370732.4563,5811982.43,-20
370737.4563,5811982.43,-25
370742.4563,5811982.43,-25
370747.4563,5811982.43,-25
370752.4563,5811982.43,-25
370757.4563,5811982.43,-25
370762.4563,5811982.43,-25
370767.4563,5811982.43,-30
370772.4563,5811982.43,-30
370777.4563,5811982.43,-30
370782.4563,5811982.43,-30
370552.4563,5811977.43,-1
370557.4563,5811977.43,-1
370562.4563,5811977.43,-1
370567.4563,5811977.43,-5
370572.4563,5811977.43,-5
370577.4563,5811977.43,-5
370582.4563,5811977.43,-10
370587.4563,5811977.43,-10
370592.4563,5811977.43,-10
370597.4563,5811977.43,-10
370602.4563,5811977.43,-15
370607.4563,5811977.43,-15
370612.4563,5811977.43,-15
370617.4563,5811977.43,-15
370622.4563,5811977.43,-15
370627.4563,5811977.43,-15
370632.4563,5811977.43,-15
370637.4563,5811977.43,-15
370642.4563,5811977.43,-15
370647.4563,5811977.43,-15
370652.4563,5811977.43,-15
370657.4563,5811977.43,-20
370662.4563,5811977.43,-20
370667.4563,5811977.43,-20
370672.4563,5811977.43,-20
370677.4563,5811977.43,-20
370682.4563,5811977.43,-20
370687.4563,5811977.43,-20
370692.4563,5811977.43,-20
370697.4563,5811977.43,-20
370702.4563,5811977.43,-20
370707.4563,5811977.43,-20
370712.4563,5811977.43,-20
370717.4563,5811977.43,-20
370722.4563,5811977.43,-20
370727.4563,5811977.43,-20
370732.4563,5811977.43,-20
370737.4563,5811977.43,-20
370742.4563,5811977.43,-25
370747.4563,5811977.43,-25
370752.4563,5811977.43,-25
370757.4563,5811977.43,-25
370762.4563,5811977.43,-25
370767.4563,5811977.43,-25
370772.4563,5811977.43,-30
370777.4563,5811977.43,-30
370782.4563,5811977.43,-30
370547.4563,5811972.43,-1
370552.4563,5811972.43,-1
370557.4563,5811972.43,-1
370562.4563,5811972.43,-1
370567.4563,5811972.43,-5
370572.4563,5811972.43,-5
370577.4563,5811972.43,-5
370582.4563,5811972.43,-10
370587.4563,5811972.43,-10
370592.4563,5811972.43,-10
370597.4563,5811972.43,-10
370602.4563,5811972.43,-15
370607.4563,5811972.43,-15
370612.4563,5811972.43,-15
370617.4563,5811972.43,-15
370622.4563,5811972.43,-15
370627.4563,5811972.43,-15
370632.4563,5811972.43,-15
370637.4563,5811972.43,-15
370642.4563,5811972.43,-15
370647.4563,5811972.43,-15
370652.4563,5811972.43,-15
370657.4563,5811972.43,-15
370662.4563,5811972.43,-20
370667.4563,5811972.43,-20
370672.4563,5811972.43,-20
370677.4563,5811972.43,-20
370682.4563,5811972.43,-20
370687.4563,5811972.43,-20
370692.4563,5811972.43,-20
370697.4563,5811972.43,-20
370702.4563,5811972.43,-20
370707.4563,5811972.43,-20
370712.4563,5811972.43,-20
370717.4563,5811972.43,-20
370722.4563,5811972.43,-20
370727.4563,5811972.43,-20
370732.4563,5811972.43,-20
370737.4563,5811972.43,-20
370742.4563,5811972.43,-25
370747.4563,5811972.43,-25
370752.4563,5811972.43,-25
370757.4563,5811972.43,-25
370762.4563,5811972.43,-25
370767.4563,5811972.43,-25
370772.4563,5811972.43,-25
370777.4563,5811972.43,-30
370782.4563,5811972.43,-30
370547.4563,5811967.43,-1
370552.4563,5811967.43,-1
370557.4563,5811967.43,-1
370562.4563,5811967.43,-1
370567.4563,5811967.43,-5
370572.4563,5811967.43,-5
370577.4563,5811967.43,-5
370582.4563,5811967.43,-10
370587.4563,5811967.43,-10
370592.4563,5811967.43,-10
370597.4563,5811967.43,-10
370602.4563,5811967.43,-15
370607.4563,5811967.43,-15
370612.4563,5811967.43,-15
370617.4563,5811967.43,-15
370622.4563,5811967.43,-15
370627.4563,5811967.43,-15
370632.4563,5811967.43,-15
370637.4563,5811967.43,-15
370642.4563,5811967.43,-15
370647.4563,5811967.43,-15
370652.4563,5811967.43,-15
370657.4563,5811967.43,-15
370662.4563,5811967.43,-15
370667.4563,5811967.43,-20
370672.4563,5811967.43,-20
370677.4563,5811967.43,-20
370682.4563,5811967.43,-20
370687.4563,5811967.43,-20
370692.4563,5811967.43,-20
370697.4563,5811967.43,-20
370702.4563,5811967.43,-20
370707.4563,5811967.43,-20
370712.4563,5811967.43,-20
370717.4563,5811967.43,-20
370722.4563,5811967.43,-20
370727.4563,5811967.43,-20
370732.4563,5811967.43,-20
370737.4563,5811967.43,-20
370742.4563,5811967.43,-25
370747.4563,5811967.43,-25
370752.4563,5811967.43,-25
370757.4563,5811967.43,-25
370762.4563,5811967.43,-25
370767.4563,5811967.43,-25
370772.4563,5811967.43,-25
370777.4563,5811967.43,-25
370782.4563,5811967.43,-25
370547.4563,5811962.43,-1
370552.4563,5811962.43,-1
370557.4563,5811962.43,-1
370562.4563,5811962.43,-1
370567.4563,5811962.43,-5
370572.4563,5811962.43,-5
370577.4563,5811962.43,-5
370582.4563,5811962.43,-10
370587.4563,5811962.43,-10
370592.4563,5811962.43,-10
370597.4563,5811962.43,-10
370602.4563,5811962.43,-15
370607.4563,5811962.43,-15
370612.4563,5811962.43,-15
370617.4563,5811962.43,-15
370622.4563,5811962.43,-15
370627.4563,5811962.43,-15
370632.4563,5811962.43,-15
370637.4563,5811962.43,-15
370642.4563,5811962.43,-15
370647.4563,5811962.43,-15
370652.4563,5811962.43,-15
370657.4563,5811962.43,-15
370662.4563,5811962.43,-15
370667.4563,5811962.43,-20
370672.4563,5811962.43,-20
370677.4563,5811962.43,-20
370682.4563,5811962.43,-20
370687.4563,5811962.43,-20
370692.4563,5811962.43,-20
370697.4563,5811962.43,-20
370702.4563,5811962.43,-20
370707.4563,5811962.43,-20
370712.4563,5811962.43,-20
370717.4563,5811962.43,-20
370722.4563,5811962.43,-20
370727.4563,5811962.43,-20
370732.4563,5811962.43,-20
370737.4563,5811962.43,-20
370742.4563,5811962.43,-25
370747.4563,5811962.43,-25
370752.4563,5811962.43,-25
370757.4563,5811962.43,-25
370762.4563,5811962.43,-25
370767.4563,5811962.43,-25
370772.4563,5811962.43,-25
370777.4563,5811962.43,-25
370782.4563,5811962.43,-25
370542.4563,5811957.43,-1
370547.4563,5811957.43,-1
370552.4563,5811957.43,-1
370557.4563,5811957.43,-1
370562.4563,5811957.43,-5
370567.4563,5811957.43,-5
370572.4563,5811957.43,-5
370577.4563,5811957.43,-5
370582.4563,5811957.43,-10
370587.4563,5811957.43,-10
370592.4563,5811957.43,-10
370597.4563,5811957.43,-15
370602.4563,5811957.43,-15
370607.4563,5811957.43,-15
370612.4563,5811957.43,-15
370617.4563,5811957.43,-15
370622.4563,5811957.43,-15
370627.4563,5811957.43,-15
370632.4563,5811957.43,-15
370637.4563,5811957.43,-15
370642.4563,5811957.43,-15
370647.4563,5811957.43,-15
370652.4563,5811957.43,-15
370657.4563,5811957.43,-15
370662.4563,5811957.43,-15
370667.4563,5811957.43,-15
370672.4563,5811957.43,-20
370677.4563,5811957.43,-20
370682.4563,5811957.43,-20
370687.4563,5811957.43,-20
370692.4563,5811957.43,-20
370697.4563,5811957.43,-20
370702.4563,5811957.43,-20
370707.4563,5811957.43,-20
370712.4563,5811957.43,-20
370717.4563,5811957.43,-20
370722.4563,5811957.43,-20
370727.4563,5811957.43,-20
370732.4563,5811957.43,-20
370737.4563,5811957.43,-20
370742.4563,5811957.43,-25
370747.4563,5811957.43,-25
370752.4563,5811957.43,-25
370757.4563,5811957.43,-25
370762.4563,5811957.43,-25
370767.4563,5811957.43,-25
370772.4563,5811957.43,-25
370777.4563,5811957.43,-25
370782.4563,5811957.43,-25
370542.4563,5811952.43,-1
370547.4563,5811952.43,-1
370552.4563,5811952.43,-1
370557.4563,5811952.43,-1
370562.4563,5811952.43,-5
370567.4563,5811952.43,-5
370572.4563,5811952.43,-5
370577.4563,5811952.43,-5
370582.4563,5811952.43,-10
370587.4563,5811952.43,-10
370592.4563,5811952.43,-10
370597.4563,5811952.43,-15
370602.4563,5811952.43,-15
370607.4563,5811952.43,-15
370612.4563,5811952.43,-15
370617.4563,5811952.43,-15
370622.4563,5811952.43,-15
370627.4563,5811952.43,-15
370632.4563,5811952.43,-15
370637.4563,5811952.43,-15
370642.4563,5811952.43,-15
370647.4563,5811952.43,-15
370652.4563,5811952.43,-15
370657.4563,5811952.43,-15
370662.4563,5811952.43,-15
370667.4563,5811952.43,-15
370672.4563,5811952.43,-15
370677.4563,5811952.43,-20
370682.4563,5811952.43,-20
370687.4563,5811952.43,-20
370692.4563,5811952.43,-20
370697.4563,5811952.43,-20
370702.4563,5811952.43,-20
370707.4563,5811952.43,-20
370712.4563,5811952.43,-20
370717.4563,5811952.43,-20
370722.4563,5811952.43,-20
370727.4563,5811952.43,-20
370732.4563,5811952.43,-20
370737.4563,5811952.43,-20
370742.4563,5811952.43,-25
370747.4563,5811952.43,-25
370752.4563,5811952.43,-25
370757.4563,5811952.43,-25
370762.4563,5811952.43,-25
370767.4563,5811952.43,-25
370772.4563,5811952.43,-25
370777.4563,5811952.43,-25
370782.4563,5811952.43,-25
370542.4563,5811947.43,-1
370547.4563,5811947.43,-1
370552.4563,5811947.43,-1
370557.4563,5811947.43,-1
370562.4563,5811947.43,-5
370567.4563,5811947.43,-5
370572.4563,5811947.43,-5
370577.4563,5811947.43,-10
370582.4563,5811947.43,-10
370587.4563,5811947.43,-10
370592.4563,5811947.43,-10
370597.4563,5811947.43,-15
370602.4563,5811947.43,-15
370607.4563,5811947.43,-15
370612.4563,5811947.43,-15
370617.4563,5811947.43,-15
370622.4563,5811947.43,-15
370627.4563,5811947.43,-15
370632.4563,5811947.43,-15
370637.4563,5811947.43,-15
370642.4563,5811947.43,-15
370647.4563,5811947.43,-15
370652.4563,5811947.43,-15
370657.4563,5811947.43,-15
370662.4563,5811947.43,-15
370667.4563,5811947.43,-15
370672.4563,5811947.43,-15
370677.4563,5811947.43,-15
370682.4563,5811947.43,-20
370687.4563,5811947.43,-20
370692.4563,5811947.43,-20
370697.4563,5811947.43,-20
370702.4563,5811947.43,-20
370707.4563,5811947.43,-20
370712.4563,5811947.43,-20
370717.4563,5811947.43,-20
370722.4563,5811947.43,-20
370727.4563,5811947.43,-20
370732.4563,5811947.43,-20
370737.4563,5811947.43,-20
370742.4563,5811947.43,-25
370747.4563,5811947.43,-25
370752.4563,5811947.43,-25
370757.4563,5811947.43,-25
370762.4563,5811947.43,-25
370767.4563,5811947.43,-25
370772.4563,5811947.43,-25
370777.4563,5811947.43,-25
370782.4563,5811947.43,-25
370537.4563,5811942.43,-1
370542.4563,5811942.43,-1
370547.4563,5811942.43,-1
370552.4563,5811942.43,-1
370557.4563,5811942.43,-1
370562.4563,5811942.43,-5
370567.4563,5811942.43,-5
370572.4563,5811942.43,-5
370577.4563,5811942.43,-10
370582.4563,5811942.43,-10
370587.4563,5811942.43,-10
370592.4563,5811942.43,-10
370597.4563,5811942.43,-15
370602.4563,5811942.43,-15
370607.4563,5811942.43,-15
370612.4563,5811942.43,-15
370617.4563,5811942.43,-15
370622.4563,5811942.43,-15
370627.4563,5811942.43,-15
370632.4563,5811942.43,-15
370637.4563,5811942.43,-15
370642.4563,5811942.43,-15
370647.4563,5811942.43,-15
370652.4563,5811942.43,-15
370657.4563,5811942.43,-15
370662.4563,5811942.43,-15
370667.4563,5811942.43,-15
370672.4563,5811942.43,-15
370677.4563,5811942.43,-15
370682.4563,5811942.43,-15
370687.4563,5811942.43,-20
370692.4563,5811942.43,-20
370697.4563,5811942.43,-20
370702.4563,5811942.43,-20
370707.4563,5811942.43,-20
370712.4563,5811942.43,-20
370717.4563,5811942.43,-20
370722.4563,5811942.43,-20
370727.4563,5811942.43,-20
370732.4563,5811942.43,-20
370737.4563,5811942.43,-20
370742.4563,5811942.43,-25
370747.4563,5811942.43,-25
370752.4563,5811942.43,-25
370757.4563,5811942.43,-25
370762.4563,5811942.43,-25
370767.4563,5811942.43,-25
370772.4563,5811942.43,-25
370777.4563,5811942.43,-25
370782.4563,5811942.43,-25
370537.4563,5811937.43,-1
370542.4563,5811937.43,-1
370547.4563,5811937.43,-1
370552.4563,5811937.43,-1
370557.4563,5811937.43,-5
370562.4563,5811937.43,-5
370567.4563,5811937.43,-5
370572.4563,5811937.43,-5
370577.4563,5811937.43,-10
370582.4563,5811937.43,-10
370587.4563,5811937.43,-10
370592.4563,5811937.43,-10
370597.4563,5811937.43,-10
370602.4563,5811937.43,-15
370607.4563,5811937.43,-15
370612.4563,5811937.43,-15
370617.4563,5811937.43,-15
370622.4563,5811937.43,-15
370627.4563,5811937.43,-15
370632.4563,5811937.43,-15
370637.4563,5811937.43,-15
370642.4563,5811937.43,-15
370647.4563,5811937.43,-15
370652.4563,5811937.43,-15
370657.4563,5811937.43,-15
370662.4563,5811937.43,-15
370667.4563,5811937.43,-15
370672.4563,5811937.43,-15
370677.4563,5811937.43,-15
370682.4563,5811937.43,-15
370687.4563,5811937.43,-20
370692.4563,5811937.43,-20
370697.4563,5811937.43,-20
370702.4563,5811937.43,-20
370707.4563,5811937.43,-20
370712.4563,5811937.43,-20
370717.4563,5811937.43,-20
370722.4563,5811937.43,-20
370727.4563,5811937.43,-20
370732.4563,5811937.43,-20
370737.4563,5811937.43,-20
370742.4563,5811937.43,-25
370747.4563,5811937.43,-25
370752.4563,5811937.43,-25
370757.4563,5811937.43,-25
370762.4563,5811937.43,-25
370767.4563,5811937.43,-25
370772.4563,5811937.43,-25
370777.4563,5811937.43,-25
370782.4563,5811937.43,-25
370537.4563,5811932.43,-1
370542.4563,5811932.43,-1
370547.4563,5811932.43,-1
370552.4563,5811932.43,-1
370557.4563,5811932.43,-5
370562.4563,5811932.43,-5
370567.4563,5811932.43,-5
370572.4563,5811932.43,-5
370577.4563,5811932.43,-10
370582.4563,5811932.43,-10
370587.4563,5811932.43,-10
370592.4563,5811932.43,-10
370597.4563,5811932.43,-15
370602.4563,5811932.43,-15
370607.4563,5811932.43,-15
370612.4563,5811932.43,-15
370617.4563,5811932.43,-15
370622.4563,5811932.43,-15
370627.4563,5811932.43,-15
370632.4563,5811932.43,-15
370637.4563,5811932.43,-15
370642.4563,5811932.43,-15
370647.4563,5811932.43,-15
370652.4563,5811932.43,-15
370657.4563,5811932.43,-15
370662.4563,5811932.43,-15
370667.4563,5811932.43,-15
370672.4563,5811932.43,-15
370677.4563,5811932.43,-15
370682.4563,5811932.43,-15
370687.4563,5811932.43,-15
370692.4563,5811932.43,-20
370697.4563,5811932.43,-20
370702.4563,5811932.43,-20
370707.4563,5811932.43,-20
370712.4563,5811932.43,-20
370717.4563,5811932.43,-20
370722.4563,5811932.43,-20
370727.4563,5811932.43,-20
370732.4563,5811932.43,-20
370737.4563,5811932.43,-20
370742.4563,5811932.43,-20
370747.4563,5811932.43,-25
370752.4563,5811932.43,-25
370757.4563,5811932.43,-25
370762.4563,5811932.43,-25
370767.4563,5811932.43,-25
370772.4563,5811932.43,-25
370777.4563,5811932.43,-25
370782.4563,5811932.43,-25
370532.4563,5811927.43,-1
370537.4563,5811927.43,-1
370542.4563,5811927.43,-1
370547.4563,5811927.43,-1
370552.4563,5811927.43,-1
370557.4563,5811927.43,-5
370562.4563,5811927.43,-5
370567.4563,5811927.43,-5
370572.4563,5811927.43,-10
370577.4563,5811927.43,-10
370582.4563,5811927.43,-10
370587.4563,5811927.43,-10
370592.4563,5811927.43,-10
370597.4563,5811927.43,-15
370602.4563,5811927.43,-15
370607.4563,5811927.43,-15
370612.4563,5811927.43,-15
370617.4563,5811927.43,-15
370622.4563,5811927.43,-15
370627.4563,5811927.43,-15
370632.4563,5811927.43,-15
370637.4563,5811927.43,-15
370642.4563,5811927.43,-15
370647.4563,5811927.43,-15
370652.4563,5811927.43,-15
370657.4563,5811927.43,-15
370662.4563,5811927.43,-15
370667.4563,5811927.43,-15
370672.4563,5811927.43,-15
370677.4563,5811927.43,-15
370682.4563,5811927.43,-15
370687.4563,5811927.43,-15
370692.4563,5811927.43,-20
370697.4563,5811927.43,-20
370702.4563,5811927.43,-20
370707.4563,5811927.43,-20
370712.4563,5811927.43,-20
370717.4563,5811927.43,-20
370722.4563,5811927.43,-20
370727.4563,5811927.43,-20
370732.4563,5811927.43,-20
370737.4563,5811927.43,-20
370742.4563,5811927.43,-20
370747.4563,5811927.43,-25
370752.4563,5811927.43,-25
370757.4563,5811927.43,-25
370762.4563,5811927.43,-25
370767.4563,5811927.43,-25
370772.4563,5811927.43,-25
370777.4563,5811927.43,-25
370782.4563,5811927.43,-25
370527.4563,5811922.43,-1
370532.4563,5811922.43,-1
370537.4563,5811922.43,-1
370542.4563,5811922.43,-1
370547.4563,5811922.43,-1
370552.4563,5811922.43,-1
370557.4563,5811922.43,-5
370562.4563,5811922.43,-5
370567.4563,5811922.43,-5
370572.4563,5811922.43,-10
370577.4563,5811922.43,-10
370582.4563,5811922.43,-10
370587.4563,5811922.43,-10
370592.4563,5811922.43,-10
370597.4563,5811922.43,-15
370602.4563,5811922.43,-15
370607.4563,5811922.43,-15
370612.4563,5811922.43,-15
370617.4563,5811922.43,-15
370622.4563,5811922.43,-15
370627.4563,5811922.43,-15
370632.4563,5811922.43,-15
370637.4563,5811922.43,-15
370642.4563,5811922.43,-15
370647.4563,5811922.43,-15
370652.4563,5811922.43,-15
370657.4563,5811922.43,-15
370662.4563,5811922.43,-15
370667.4563,5811922.43,-15
370672.4563,5811922.43,-15
370677.4563,5811922.43,-15
370682.4563,5811922.43,-15
370687.4563,5811922.43,-15
370692.4563,5811922.43,-15
370697.4563,5811922.43,-20
370702.4563,5811922.43,-20
370707.4563,5811922.43,-20
370712.4563,5811922.43,-20
370717.4563,5811922.43,-20
370722.4563,5811922.43,-20
370727.4563,5811922.43,-20
370732.4563,5811922.43,-20
370737.4563,5811922.43,-20
370742.4563,5811922.43,-20
370747.4563,5811922.43,-25
370752.4563,5811922.43,-25
370757.4563,5811922.43,-25
370762.4563,5811922.43,-25
370767.4563,5811922.43,-25
370772.4563,5811922.43,-25
370777.4563,5811922.43,-25
370782.4563,5811922.43,-25
370522.4563,5811917.43,-1
370527.4563,5811917.43,-1
370532.4563,5811917.43,-1
370537.4563,5811917.43,-1
370542.4563,5811917.43,-1
370547.4563,5811917.43,-1
370552.4563,5811917.43,-5
370557.4563,5811917.43,-5
370562.4563,5811917.43,-5
370567.4563,5811917.43,-10
370572.4563,5811917.43,-10
370577.4563,5811917.43,-10
370582.4563,5811917.43,-10
370587.4563,5811917.43,-10
370592.4563,5811917.43,-10
370597.4563,5811917.43,-15
370602.4563,5811917.43,-15
370607.4563,5811917.43,-15
370612.4563,5811917.43,-15
370617.4563,5811917.43,-15
370622.4563,5811917.43,-15
370627.4563,5811917.43,-15
370632.4563,5811917.43,-15
370637.4563,5811917.43,-15
370642.4563,5811917.43,-15
370647.4563,5811917.43,-15
370652.4563,5811917.43,-15
370657.4563,5811917.43,-15
370662.4563,5811917.43,-15
370667.4563,5811917.43,-15
370672.4563,5811917.43,-15
370677.4563,5811917.43,-15
370682.4563,5811917.43,-15
370687.4563,5811917.43,-15
370692.4563,5811917.43,-15
370697.4563,5811917.43,-20
370702.4563,5811917.43,-20
370707.4563,5811917.43,-20
370712.4563,5811917.43,-20
370717.4563,5811917.43,-20
370722.4563,5811917.43,-20
370727.4563,5811917.43,-20
370732.4563,5811917.43,-20
370737.4563,5811917.43,-20
370742.4563,5811917.43,-20
370747.4563,5811917.43,-25
370752.4563,5811917.43,-25
370757.4563,5811917.43,-25
370762.4563,5811917.43,-25
370767.4563,5811917.43,-25
370772.4563,5811917.43,-25
370777.4563,5811917.43,-25
370782.4563,5811917.43,-25
370512.4563,5811912.43,-1
370517.4563,5811912.43,-1
370522.4563,5811912.43,-1
370527.4563,5811912.43,-1
370532.4563,5811912.43,-1
370537.4563,5811912.43,-1
370542.4563,5811912.43,-1
370547.4563,5811912.43,-1
370552.4563,5811912.43,-5
370557.4563,5811912.43,-5
370562.4563,5811912.43,-5
370567.4563,5811912.43,-10
370572.4563,5811912.43,-10
370577.4563,5811912.43,-10
370582.4563,5811912.43,-10
370587.4563,5811912.43,-10
370592.4563,5811912.43,-10
370597.4563,5811912.43,-15
370602.4563,5811912.43,-15
370607.4563,5811912.43,-15
370612.4563,5811912.43,-15
370617.4563,5811912.43,-15
370622.4563,5811912.43,-15
370627.4563,5811912.43,-15
370632.4563,5811912.43,-15
370637.4563,5811912.43,-15
370642.4563,5811912.43,-15
370647.4563,5811912.43,-15
370652.4563,5811912.43,-15
370657.4563,5811912.43,-15
370662.4563,5811912.43,-15
370667.4563,5811912.43,-15
370672.4563,5811912.43,-15
370677.4563,5811912.43,-15
370682.4563,5811912.43,-15
370687.4563,5811912.43,-15
370692.4563,5811912.43,-15
370697.4563,5811912.43,-20
370702.4563,5811912.43,-20
370707.4563,5811912.43,-20
370712.4563,5811912.43,-20
370717.4563,5811912.43,-20
370722.4563,5811912.43,-20
370727.4563,5811912.43,-20
370732.4563,5811912.43,-20
370737.4563,5811912.43,-20
370742.4563,5811912.43,-20
370747.4563,5811912.43,-25
370752.4563,5811912.43,-25
370757.4563,5811912.43,-25
370762.4563,5811912.43,-25
370767.4563,5811912.43,-25
370772.4563,5811912.43,-25
370777.4563,5811912.43,-25
370782.4563,5811912.43,-25
370507.4563,5811907.43,-1
370512.4563,5811907.43,-1
370517.4563,5811907.43,-1
370522.4563,5811907.43,-1
370527.4563,5811907.43,-1
370532.4563,5811907.43,-1
370537.4563,5811907.43,-1
370542.4563,5811907.43,-1
370547.4563,5811907.43,-5
370552.4563,5811907.43,-5
370557.4563,5811907.43,-5
370562.4563,5811907.43,-5
370567.4563,5811907.43,-10
370572.4563,5811907.43,-10
370577.4563,5811907.43,-10
370582.4563,5811907.43,-10
370587.4563,5811907.43,-10
370592.4563,5811907.43,-10
370597.4563,5811907.43,-15
370602.4563,5811907.43,-15
370607.4563,5811907.43,-15
370612.4563,5811907.43,-15
370617.4563,5811907.43,-15
370622.4563,5811907.43,-15
370627.4563,5811907.43,-15
370632.4563,5811907.43,-15
370637.4563,5811907.43,-15
370642.4563,5811907.43,-15
370647.4563,5811907.43,-15
370652.4563,5811907.43,-15
370657.4563,5811907.43,-15
370662.4563,5811907.43,-15
370667.4563,5811907.43,-15
370672.4563,5811907.43,-15
370677.4563,5811907.43,-15
370682.4563,5811907.43,-15
370687.4563,5811907.43,-15
370692.4563,5811907.43,-15
370697.4563,5811907.43,-20
370702.4563,5811907.43,-20
370707.4563,5811907.43,-20
370712.4563,5811907.43,-20
370717.4563,5811907.43,-20
370722.4563,5811907.43,-20
370727.4563,5811907.43,-20
370732.4563,5811907.43,-20
370737.4563,5811907.43,-20
370742.4563,5811907.43,-20
370747.4563,5811907.43,-25
370752.4563,5811907.43,-25
370757.4563,5811907.43,-25
370762.4563,5811907.43,-25
370767.4563,5811907.43,-25
370772.4563,5811907.43,-25
370777.4563,5811907.43,-25
370782.4563,5811907.43,-25
370497.4563,5811902.43,-1
370502.4563,5811902.43,-1
370507.4563,5811902.43,-1
370512.4563,5811902.43,-1
370517.4563,5811902.43,-1
370522.4563,5811902.43,-1
370527.4563,5811902.43,-1
370532.4563,5811902.43,-1
370537.4563,5811902.43,-1
370542.4563,5811902.43,-5
370547.4563,5811902.43,-5
370552.4563,5811902.43,-5
370557.4563,5811902.43,-5
370562.4563,5811902.43,-5
370567.4563,5811902.43,-10
370572.4563,5811902.43,-10
370577.4563,5811902.43,-10
370582.4563,5811902.43,-10
370587.4563,5811902.43,-10
370592.4563,5811902.43,-15
370597.4563,5811902.43,-15
370602.4563,5811902.43,-15
370607.4563,5811902.43,-15
370612.4563,5811902.43,-15
370617.4563,5811902.43,-15
370622.4563,5811902.43,-15
370627.4563,5811902.43,-15
370632.4563,5811902.43,-15
370637.4563,5811902.43,-15
370642.4563,5811902.43,-15
370647.4563,5811902.43,-15
370652.4563,5811902.43,-15
370657.4563,5811902.43,-15
370662.4563,5811902.43,-15
370667.4563,5811902.43,-15
370672.4563,5811902.43,-15
370677.4563,5811902.43,-15
370682.4563,5811902.43,-15
370687.4563,5811902.43,-15
370692.4563,5811902.43,-15
370697.4563,5811902.43,-20
370702.4563,5811902.43,-20
370707.4563,5811902.43,-20
370712.4563,5811902.43,-20
370717.4563,5811902.43,-20
370722.4563,5811902.43,-20
370727.4563,5811902.43,-20
370732.4563,5811902.43,-20
370737.4563,5811902.43,-20
370742.4563,5811902.43,-20
370747.4563,5811902.43,-25
370752.4563,5811902.43,-25
370757.4563,5811902.43,-25
370762.4563,5811902.43,-25
370767.4563,5811902.43,-25
370772.4563,5811902.43,-25
370777.4563,5811902.43,-25
370782.4563,5811902.43,-25
370487.4563,5811897.43,-1
370492.4563,5811897.43,-1
370497.4563,5811897.43,-1
370502.4563,5811897.43,-1
370507.4563,5811897.43,-1
370512.4563,5811897.43,-1
370517.4563,5811897.43,-1
370522.4563,5811897.43,-1
370527.4563,5811897.43,-1
370532.4563,5811897.43,-1
370537.4563,5811897.43,-1
370542.4563,5811897.43,-5
370547.4563,5811897.43,-5
370552.4563,5811897.43,-5
370557.4563,5811897.43,-5
370562.4563,5811897.43,-5
370567.4563,5811897.43,-10
370572.4563,5811897.43,-10
370577.4563,5811897.43,-10
370582.4563,5811897.43,-10
370587.4563,5811897.43,-10
370592.4563,5811897.43,-15
370597.4563,5811897.43,-15
370602.4563,5811897.43,-15
370607.4563,5811897.43,-15
370612.4563,5811897.43,-15
370617.4563,5811897.43,-15
370622.4563,5811897.43,-15
370627.4563,5811897.43,-15
370632.4563,5811897.43,-15
370637.4563,5811897.43,-15
370642.4563,5811897.43,-15
370647.4563,5811897.43,-15
370652.4563,5811897.43,-15
370657.4563,5811897.43,-15
370662.4563,5811897.43,-15
370667.4563,5811897.43,-15
370672.4563,5811897.43,-15
370677.4563,5811897.43,-15
370682.4563,5811897.43,-15
370687.4563,5811897.43,-15
370692.4563,5811897.43,-15
370697.4563,5811897.43,-20
370702.4563,5811897.43,-20
370707.4563,5811897.43,-20
370712.4563,5811897.43,-20
370717.4563,5811897.43,-20
370722.4563,5811897.43,-20
370727.4563,5811897.43,-20
370732.4563,5811897.43,-20
370737.4563,5811897.43,-20
370742.4563,5811897.43,-20
370747.4563,5811897.43,-25
370752.4563,5811897.43,-25
370757.4563,5811897.43,-25
370762.4563,5811897.43,-25
370767.4563,5811897.43,-25
370772.4563,5811897.43,-25
370777.4563,5811897.43,-25
370782.4563,5811897.43,-25
370482.4563,5811892.43,-1
370487.4563,5811892.43,-1
370492.4563,5811892.43,-1
370497.4563,5811892.43,-1
370502.4563,5811892.43,-1
370507.4563,5811892.43,-1
370512.4563,5811892.43,-1
370517.4563,5811892.43,-1
370522.4563,5811892.43,-1
370527.4563,5811892.43,-1
370532.4563,5811892.43,-1
370537.4563,5811892.43,-1
370542.4563,5811892.43,-5
370547.4563,5811892.43,-5
370552.4563,5811892.43,-5
370557.4563,5811892.43,-5
370562.4563,5811892.43,-5
370567.4563,5811892.43,-10
370572.4563,5811892.43,-10
370577.4563,5811892.43,-10
370582.4563,5811892.43,-10
370587.4563,5811892.43,-10
370592.4563,5811892.43,-15
370597.4563,5811892.43,-15
370602.4563,5811892.43,-15
370607.4563,5811892.43,-15
370612.4563,5811892.43,-15
370617.4563,5811892.43,-15
370622.4563,5811892.43,-15
370627.4563,5811892.43,-15
370632.4563,5811892.43,-15
370637.4563,5811892.43,-15
370642.4563,5811892.43,-15
370647.4563,5811892.43,-15
370652.4563,5811892.43,-15
370657.4563,5811892.43,-15
370662.4563,5811892.43,-15
370667.4563,5811892.43,-15
370672.4563,5811892.43,-15
370677.4563,5811892.43,-15
370682.4563,5811892.43,-15
370687.4563,5811892.43,-15
370692.4563,5811892.43,-15
370697.4563,5811892.43,-20
370702.4563,5811892.43,-20
370707.4563,5811892.43,-20
370712.4563,5811892.43,-20
370717.4563,5811892.43,-20
370722.4563,5811892.43,-20
370727.4563,5811892.43,-20
370732.4563,5811892.43,-20
370737.4563,5811892.43,-20
370742.4563,5811892.43,-20
370747.4563,5811892.43,-25
370752.4563,5811892.43,-25
370757.4563,5811892.43,-25
370762.4563,5811892.43,-25
370767.4563,5811892.43,-25
370772.4563,5811892.43,-25
370777.4563,5811892.43,-25
370782.4563,5811892.43,-25
370462.4563,5811887.43,-1
370467.4563,5811887.43,-1
370472.4563,5811887.43,-1
370477.4563,5811887.43,-1
370482.4563,5811887.43,-1
370487.4563,5811887.43,-1
370492.4563,5811887.43,-1
370497.4563,5811887.43,-1
370502.4563,5811887.43,-1
370507.4563,5811887.43,-1
370512.4563,5811887.43,-1
370517.4563,5811887.43,-1
370522.4563,5811887.43,-1
370527.4563,5811887.43,-1
370532.4563,5811887.43,-1
370537.4563,5811887.43,-5
370542.4563,5811887.43,-5
370547.4563,5811887.43,-5
370552.4563,5811887.43,-5
370557.4563,5811887.43,-5
370562.4563,5811887.43,-10
370567.4563,5811887.43,-10
370572.4563,5811887.43,-10
370577.4563,5811887.43,-10
370582.4563,5811887.43,-10
370587.4563,5811887.43,-10
370592.4563,5811887.43,-15
370597.4563,5811887.43,-15
370602.4563,5811887.43,-15
370607.4563,5811887.43,-15
370612.4563,5811887.43,-15
370617.4563,5811887.43,-15
370622.4563,5811887.43,-15
370627.4563,5811887.43,-15
370632.4563,5811887.43,-15
370637.4563,5811887.43,-15
370642.4563,5811887.43,-15
370647.4563,5811887.43,-15
370652.4563,5811887.43,-15
370657.4563,5811887.43,-15
370662.4563,5811887.43,-15
370667.4563,5811887.43,-15
370672.4563,5811887.43,-15
370677.4563,5811887.43,-15
370682.4563,5811887.43,-15
370687.4563,5811887.43,-15
370692.4563,5811887.43,-15
370697.4563,5811887.43,-20
370702.4563,5811887.43,-20
370707.4563,5811887.43,-20
370712.4563,5811887.43,-20
370717.4563,5811887.43,-20
370722.4563,5811887.43,-20
370727.4563,5811887.43,-20
370732.4563,5811887.43,-20
370737.4563,5811887.43,-20
370742.4563,5811887.43,-20
370747.4563,5811887.43,-25
370752.4563,5811887.43,-25
370757.4563,5811887.43,-25
370762.4563,5811887.43,-25
370767.4563,5811887.43,-25
370772.4563,5811887.43,-25
370777.4563,5811887.43,-25
370782.4563,5811887.43,-25
370452.4563,5811882.43,-1
370457.4563,5811882.43,-1
370462.4563,5811882.43,-1
370467.4563,5811882.43,-1
370472.4563,5811882.43,-1
370477.4563,5811882.43,-1
370482.4563,5811882.43,-1
370487.4563,5811882.43,-1
370492.4563,5811882.43,-1
370497.4563,5811882.43,-1
370502.4563,5811882.43,-1
370507.4563,5811882.43,-1
370512.4563,5811882.43,-1
370517.4563,5811882.43,-1
370522.4563,5811882.43,-1
370527.4563,5811882.43,-1
370532.4563,5811882.43,-1
370537.4563,5811882.43,-5
370542.4563,5811882.43,-5
370547.4563,5811882.43,-5
370552.4563,5811882.43,-5
370557.4563,5811882.43,-10
370562.4563,5811882.43,-10
370567.4563,5811882.43,-10
370572.4563,5811882.43,-10
370577.4563,5811882.43,-10
370582.4563,5811882.43,-10
370587.4563,5811882.43,-15
370592.4563,5811882.43,-15
370597.4563,5811882.43,-15
370602.4563,5811882.43,-15
370607.4563,5811882.43,-15
370612.4563,5811882.43,-15
370617.4563,5811882.43,-15
370622.4563,5811882.43,-15
370627.4563,5811882.43,-15
370632.4563,5811882.43,-15
370637.4563,5811882.43,-15
370642.4563,5811882.43,-15
370647.4563,5811882.43,-15
370652.4563,5811882.43,-15
370657.4563,5811882.43,-15
370662.4563,5811882.43,-15
370667.4563,5811882.43,-15
370672.4563,5811882.43,-15
370677.4563,5811882.43,-15
370682.4563,5811882.43,-15
370687.4563,5811882.43,-15
370692.4563,5811882.43,-15
370697.4563,5811882.43,-20
370702.4563,5811882.43,-20
370707.4563,5811882.43,-20
370712.4563,5811882.43,-20
370717.4563,5811882.43,-20
370722.4563,5811882.43,-20
370727.4563,5811882.43,-20
370732.4563,5811882.43,-20
370737.4563,5811882.43,-20
370742.4563,5811882.43,-20
370747.4563,5811882.43,-20
370752.4563,5811882.43,-25
370757.4563,5811882.43,-25
370762.4563,5811882.43,-25
370767.4563,5811882.43,-25
370772.4563,5811882.43,-25
370777.4563,5811882.43,-25
370782.4563,5811882.43,-25
370447.4563,5811877.43,-1
370452.4563,5811877.43,-1
370457.4563,5811877.43,-1
370462.4563,5811877.43,-1
370467.4563,5811877.43,-1
370472.4563,5811877.43,-1
370477.4563,5811877.43,-1
370482.4563,5811877.43,-1
370487.4563,5811877.43,-1
370492.4563,5811877.43,-1
370497.4563,5811877.43,-1
370502.4563,5811877.43,-1
370507.4563,5811877.43,-1
370512.4563,5811877.43,-1
370517.4563,5811877.43,-1
370522.4563,5811877.43,-1
370527.4563,5811877.43,-1
370532.4563,5811877.43,-1
370537.4563,5811877.43,-5
370542.4563,5811877.43,-5
370547.4563,5811877.43,-5
370552.4563,5811877.43,-10
370557.4563,5811877.43,-10
370562.4563,5811877.43,-10
370567.4563,5811877.43,-10
370572.4563,5811877.43,-10
370577.4563,5811877.43,-10
370582.4563,5811877.43,-10
370587.4563,5811877.43,-15
370592.4563,5811877.43,-15
370597.4563,5811877.43,-15
370602.4563,5811877.43,-15
370607.4563,5811877.43,-15
370612.4563,5811877.43,-15
370617.4563,5811877.43,-15
370622.4563,5811877.43,-15
370627.4563,5811877.43,-15
370632.4563,5811877.43,-15
370637.4563,5811877.43,-15
370642.4563,5811877.43,-15
370647.4563,5811877.43,-15
370652.4563,5811877.43,-15
370657.4563,5811877.43,-15
370662.4563,5811877.43,-15
370667.4563,5811877.43,-15
370672.4563,5811877.43,-15
370677.4563,5811877.43,-15
370682.4563,5811877.43,-15
370687.4563,5811877.43,-15
370692.4563,5811877.43,-15
370697.4563,5811877.43,-20
370702.4563,5811877.43,-20
370707.4563,5811877.43,-20
370712.4563,5811877.43,-20
370717.4563,5811877.43,-20
370722.4563,5811877.43,-20
370727.4563,5811877.43,-20
370732.4563,5811877.43,-20
370737.4563,5811877.43,-20
370742.4563,5811877.43,-20
370747.4563,5811877.43,-20
370752.4563,5811877.43,-25
370757.4563,5811877.43,-25
370762.4563,5811877.43,-25
370767.4563,5811877.43,-25
370772.4563,5811877.43,-25
370777.4563,5811877.43,-25
370782.4563,5811877.43,-25
370447.4563,5811872.43,-1
370452.4563,5811872.43,-1
370457.4563,5811872.43,-1
370462.4563,5811872.43,-1
370467.4563,5811872.43,-1
370472.4563,5811872.43,-1
370477.4563,5811872.43,-1
370482.4563,5811872.43,-1
370487.4563,5811872.43,-1
370492.4563,5811872.43,-1
370497.4563,5811872.43,-1
370502.4563,5811872.43,-1
370507.4563,5811872.43,-1
370512.4563,5811872.43,-1
370517.4563,5811872.43,-1
370522.4563,5811872.43,-1
370527.4563,5811872.43,-5
370532.4563,5811872.43,-5
370537.4563,5811872.43,-5
370542.4563,5811872.43,-5
370547.4563,5811872.43,-5
370552.4563,5811872.43,-10
370557.4563,5811872.43,-10
370562.4563,5811872.43,-10
370567.4563,5811872.43,-10
370572.4563,5811872.43,-10
370577.4563,5811872.43,-10
370582.4563,5811872.43,-15
370587.4563,5811872.43,-15
370592.4563,5811872.43,-15
370597.4563,5811872.43,-15
370602.4563,5811872.43,-15
370607.4563,5811872.43,-15
370612.4563,5811872.43,-15
370617.4563,5811872.43,-15
370622.4563,5811872.43,-15
370627.4563,5811872.43,-15
370632.4563,5811872.43,-15
370637.4563,5811872.43,-15
370642.4563,5811872.43,-15
370647.4563,5811872.43,-15
370652.4563,5811872.43,-15
370657.4563,5811872.43,-15
370662.4563,5811872.43,-15
370667.4563,5811872.43,-15
370672.4563,5811872.43,-15
370677.4563,5811872.43,-15
370682.4563,5811872.43,-15
370687.4563,5811872.43,-15
370692.4563,5811872.43,-15
370697.4563,5811872.43,-20
370702.4563,5811872.43,-20
370707.4563,5811872.43,-20
370712.4563,5811872.43,-20
370717.4563,5811872.43,-20
370722.4563,5811872.43,-20
370727.4563,5811872.43,-20
370732.4563,5811872.43,-20
370737.4563,5811872.43,-20
370742.4563,5811872.43,-20
370747.4563,5811872.43,-20
370752.4563,5811872.43,-25
370757.4563,5811872.43,-25
370762.4563,5811872.43,-25
370767.4563,5811872.43,-25
370772.4563,5811872.43,-25
370777.4563,5811872.43,-25
370782.4563,5811872.43,-25
370447.4563,5811867.43,-1
370452.4563,5811867.43,-1
370457.4563,5811867.43,-1
370462.4563,5811867.43,-1
370467.4563,5811867.43,-1
370472.4563,5811867.43,-1
370477.4563,5811867.43,-1
370482.4563,5811867.43,-1
370487.4563,5811867.43,-1
370492.4563,5811867.43,-1
370497.4563,5811867.43,-1
370502.4563,5811867.43,-1
370507.4563,5811867.43,-1
370512.4563,5811867.43,-1
370517.4563,5811867.43,-1
370522.4563,5811867.43,-5
370527.4563,5811867.43,-5
370532.4563,5811867.43,-5
370537.4563,5811867.43,-5
370542.4563,5811867.43,-5
370547.4563,5811867.43,-5
370552.4563,5811867.43,-10
370557.4563,5811867.43,-10
370562.4563,5811867.43,-10
370567.4563,5811867.43,-10
370572.4563,5811867.43,-10
370577.4563,5811867.43,-10
370582.4563,5811867.43,-15
370587.4563,5811867.43,-15
370592.4563,5811867.43,-15
370597.4563,5811867.43,-15
370602.4563,5811867.43,-15
370607.4563,5811867.43,-15
370612.4563,5811867.43,-15
370617.4563,5811867.43,-15
370622.4563,5811867.43,-15
370627.4563,5811867.43,-15
370632.4563,5811867.43,-15
370637.4563,5811867.43,-15
370642.4563,5811867.43,-15
370647.4563,5811867.43,-15
370652.4563,5811867.43,-15
370657.4563,5811867.43,-15
370662.4563,5811867.43,-15
370667.4563,5811867.43,-15
370672.4563,5811867.43,-15
370677.4563,5811867.43,-15
370682.4563,5811867.43,-15
370687.4563,5811867.43,-15
370692.4563,5811867.43,-15
370697.4563,5811867.43,-20
370702.4563,5811867.43,-20
370707.4563,5811867.43,-20
370712.4563,5811867.43,-20
370717.4563,5811867.43,-20
370722.4563,5811867.43,-20
370727.4563,5811867.43,-20
370732.4563,5811867.43,-20
370737.4563,5811867.43,-20
370742.4563,5811867.43,-20
370747.4563,5811867.43,-20
370752.4563,5811867.43,-25
370757.4563,5811867.43,-25
370762.4563,5811867.43,-25
370767.4563,5811867.43,-25
370772.4563,5811867.43,-25
370777.4563,5811867.43,-25
370782.4563,5811867.43,-25
370452.4563,5811862.43,-1
370457.4563,5811862.43,-1
370462.4563,5811862.43,-1
370467.4563,5811862.43,-1
370472.4563,5811862.43,-1
370477.4563,5811862.43,-1
370482.4563,5811862.43,-1
370487.4563,5811862.43,-1
370492.4563,5811862.43,-1
370497.4563,5811862.43,-1
370502.4563,5811862.43,-1
370507.4563,5811862.43,-1
370512.4563,5811862.43,-1
370517.4563,5811862.43,-5
370522.4563,5811862.43,-5
370527.4563,5811862.43,-5
370532.4563,5811862.43,-5
370537.4563,5811862.43,-5
370542.4563,5811862.43,-5
370547.4563,5811862.43,-10
370552.4563,5811862.43,-10
370557.4563,5811862.43,-10
370562.4563,5811862.43,-10
370567.4563,5811862.43,-10
370572.4563,5811862.43,-10
370577.4563,5811862.43,-15
370582.4563,5811862.43,-15
370587.4563,5811862.43,-15
370592.4563,5811862.43,-15
370597.4563,5811862.43,-15
370602.4563,5811862.43,-15
370607.4563,5811862.43,-15
370612.4563,5811862.43,-15
370617.4563,5811862.43,-15
370622.4563,5811862.43,-15
370627.4563,5811862.43,-15
370632.4563,5811862.43,-15
370637.4563,5811862.43,-15
370642.4563,5811862.43,-15
370647.4563,5811862.43,-15
370652.4563,5811862.43,-15
370657.4563,5811862.43,-15
370662.4563,5811862.43,-15
370667.4563,5811862.43,-15
370672.4563,5811862.43,-15
370677.4563,5811862.43,-15
370682.4563,5811862.43,-15
370687.4563,5811862.43,-15
370692.4563,5811862.43,-15
370697.4563,5811862.43,-20
370702.4563,5811862.43,-20
370707.4563,5811862.43,-20
370712.4563,5811862.43,-20
370717.4563,5811862.43,-20
370722.4563,5811862.43,-20
370727.4563,5811862.43,-20
370732.4563,5811862.43,-20
370737.4563,5811862.43,-20
370742.4563,5811862.43,-20
370747.4563,5811862.43,-20
370752.4563,5811862.43,-25
370757.4563,5811862.43,-25
370762.4563,5811862.43,-25
370767.4563,5811862.43,-25
370772.4563,5811862.43,-25
370777.4563,5811862.43,-25
370782.4563,5811862.43,-25
370452.4563,5811857.43,-1
370457.4563,5811857.43,-1
370462.4563,5811857.43,-1
370467.4563,5811857.43,-1
370472.4563,5811857.43,-1
370477.4563,5811857.43,-1
370482.4563,5811857.43,-1
370487.4563,5811857.43,-1
370492.4563,5811857.43,-1
370497.4563,5811857.43,-1
370502.4563,5811857.43,-1
370507.4563,5811857.43,-1
370512.4563,5811857.43,-1
370517.4563,5811857.43,-5
370522.4563,5811857.43,-5
370527.4563,5811857.43,-5
370532.4563,5811857.43,-5
370537.4563,5811857.43,-5
370542.4563,5811857.43,-5
370547.4563,5811857.43,-10
370552.4563,5811857.43,-10
370557.4563,5811857.43,-10
370562.4563,5811857.43,-10
370567.4563,5811857.43,-15
370572.4563,5811857.43,-15
370577.4563,5811857.43,-15
370582.4563,5811857.43,-15
370587.4563,5811857.43,-15
370592.4563,5811857.43,-15
370597.4563,5811857.43,-15
370602.4563,5811857.43,-15
370607.4563,5811857.43,-15
370612.4563,5811857.43,-15
370617.4563,5811857.43,-15
370622.4563,5811857.43,-15
370627.4563,5811857.43,-15
370632.4563,5811857.43,-15
370637.4563,5811857.43,-15
370642.4563,5811857.43,-15
370647.4563,5811857.43,-15
370652.4563,5811857.43,-15
370657.4563,5811857.43,-15
370662.4563,5811857.43,-15
370667.4563,5811857.43,-15
370672.4563,5811857.43,-15
370677.4563,5811857.43,-15
370682.4563,5811857.43,-15
370687.4563,5811857.43,-15
370692.4563,5811857.43,-15
370697.4563,5811857.43,-20
370702.4563,5811857.43,-20
370707.4563,5811857.43,-20
370712.4563,5811857.43,-20
370717.4563,5811857.43,-20
370722.4563,5811857.43,-20
370727.4563,5811857.43,-20
370732.4563,5811857.43,-20
370737.4563,5811857.43,-20
370742.4563,5811857.43,-20
370747.4563,5811857.43,-20
370752.4563,5811857.43,-20
370757.4563,5811857.43,-25
370762.4563,5811857.43,-25
370767.4563,5811857.43,-25
370772.4563,5811857.43,-25
370777.4563,5811857.43,-25
370457.4563,5811852.43,-1
370462.4563,5811852.43,-1
370467.4563,5811852.43,-1
370472.4563,5811852.43,-1
370477.4563,5811852.43,-1
370482.4563,5811852.43,-1
370487.4563,5811852.43,-1
370492.4563,5811852.43,-1
370497.4563,5811852.43,-1
370502.4563,5811852.43,-1
370507.4563,5811852.43,-1
370512.4563,5811852.43,-5
370517.4563,5811852.43,-5
370522.4563,5811852.43,-5
370527.4563,5811852.43,-5
370532.4563,5811852.43,-5
370537.4563,5811852.43,-5
370542.4563,5811852.43,-5
370547.4563,5811852.43,-10
370552.4563,5811852.43,-10
370557.4563,5811852.43,-10
370562.4563,5811852.43,-10
370567.4563,5811852.43,-15
370572.4563,5811852.43,-15
370577.4563,5811852.43,-15
370582.4563,5811852.43,-15
370587.4563,5811852.43,-15
370592.4563,5811852.43,-15
370597.4563,5811852.43,-15
370602.4563,5811852.43,-15
370607.4563,5811852.43,-15
370612.4563,5811852.43,-15
370617.4563,5811852.43,-15
370622.4563,5811852.43,-15
370627.4563,5811852.43,-15
370632.4563,5811852.43,-15
370637.4563,5811852.43,-15
370642.4563,5811852.43,-15
370647.4563,5811852.43,-15
370652.4563,5811852.43,-15
370657.4563,5811852.43,-15
370662.4563,5811852.43,-15
370667.4563,5811852.43,-15
370672.4563,5811852.43,-15
370677.4563,5811852.43,-15
370682.4563,5811852.43,-15
370687.4563,5811852.43,-15
370692.4563,5811852.43,-15
370697.4563,5811852.43,-20
370702.4563,5811852.43,-20
370707.4563,5811852.43,-20
370712.4563,5811852.43,-20
370717.4563,5811852.43,-20
370722.4563,5811852.43,-20
370727.4563,5811852.43,-20
370732.4563,5811852.43,-20
370737.4563,5811852.43,-20
370742.4563,5811852.43,-20
370747.4563,5811852.43,-20
370752.4563,5811852.43,-20
370757.4563,5811852.43,-25
370762.4563,5811852.43,-25
370767.4563,5811852.43,-25
370772.4563,5811852.43,-25
370777.4563,5811852.43,-25
370462.4563,5811847.43,-1
370467.4563,5811847.43,-1
370472.4563,5811847.43,-1
370477.4563,5811847.43,-1
370482.4563,5811847.43,-1
370487.4563,5811847.43,-1
370492.4563,5811847.43,-1
370497.4563,5811847.43,-1
370502.4563,5811847.43,-1
370507.4563,5811847.43,-1
370512.4563,5811847.43,-5
370517.4563,5811847.43,-5
370522.4563,5811847.43,-5
370527.4563,5811847.43,-5
370532.4563,5811847.43,-5
370537.4563,5811847.43,-5
370542.4563,5811847.43,-10
370547.4563,5811847.43,-10
370552.4563,5811847.43,-10
370557.4563,5811847.43,-10
370562.4563,5811847.43,-15
370567.4563,5811847.43,-15
370572.4563,5811847.43,-15
370577.4563,5811847.43,-15
370582.4563,5811847.43,-15
370587.4563,5811847.43,-15
370592.4563,5811847.43,-15
370597.4563,5811847.43,-15
370602.4563,5811847.43,-15
370607.4563,5811847.43,-15
370612.4563,5811847.43,-15
370617.4563,5811847.43,-15
370622.4563,5811847.43,-15
370627.4563,5811847.43,-15
370632.4563,5811847.43,-15
370637.4563,5811847.43,-15
370642.4563,5811847.43,-15
370647.4563,5811847.43,-15
370652.4563,5811847.43,-15
370657.4563,5811847.43,-15
370662.4563,5811847.43,-15
370667.4563,5811847.43,-15
370672.4563,5811847.43,-15
370677.4563,5811847.43,-15
370682.4563,5811847.43,-15
370687.4563,5811847.43,-15
370692.4563,5811847.43,-20
370697.4563,5811847.43,-20
370702.4563,5811847.43,-20
370707.4563,5811847.43,-20
370712.4563,5811847.43,-20
370717.4563,5811847.43,-20
370722.4563,5811847.43,-20
370727.4563,5811847.43,-20
370732.4563,5811847.43,-20
370737.4563,5811847.43,-20
370742.4563,5811847.43,-20
370747.4563,5811847.43,-20
370752.4563,5811847.43,-20
370757.4563,5811847.43,-25
370762.4563,5811847.43,-25
370767.4563,5811847.43,-25
370772.4563,5811847.43,-25
370777.4563,5811847.43,-25
370462.4563,5811842.43,-1
370467.4563,5811842.43,-1
370472.4563,5811842.43,-1
370477.4563,5811842.43,-1
370482.4563,5811842.43,-1
370487.4563,5811842.43,-1
370492.4563,5811842.43,-1
370497.4563,5811842.43,-1
370502.4563,5811842.43,-1
370507.4563,5811842.43,-1
370512.4563,5811842.43,-5
370517.4563,5811842.43,-5
370522.4563,5811842.43,-5
370527.4563,5811842.43,-5
370532.4563,5811842.43,-5
370537.4563,5811842.43,-5
370542.4563,5811842.43,-10
370547.4563,5811842.43,-10
370552.4563,5811842.43,-10
370557.4563,5811842.43,-10
370562.4563,5811842.43,-15
370567.4563,5811842.43,-15
370572.4563,5811842.43,-15
370577.4563,5811842.43,-15
370582.4563,5811842.43,-15
370587.4563,5811842.43,-15
370592.4563,5811842.43,-15
370597.4563,5811842.43,-15
370602.4563,5811842.43,-15
370607.4563,5811842.43,-15
370612.4563,5811842.43,-15
370617.4563,5811842.43,-15
370622.4563,5811842.43,-15
370627.4563,5811842.43,-15
370632.4563,5811842.43,-15
370637.4563,5811842.43,-15
370642.4563,5811842.43,-15
370647.4563,5811842.43,-15
370652.4563,5811842.43,-15
370657.4563,5811842.43,-15
370662.4563,5811842.43,-15
370667.4563,5811842.43,-15
370672.4563,5811842.43,-15
370677.4563,5811842.43,-15
370682.4563,5811842.43,-15
370687.4563,5811842.43,-15
370692.4563,5811842.43,-20
370697.4563,5811842.43,-20
370702.4563,5811842.43,-20
370707.4563,5811842.43,-20
370712.4563,5811842.43,-20
370717.4563,5811842.43,-20
370722.4563,5811842.43,-20
370727.4563,5811842.43,-20
370732.4563,5811842.43,-20
370737.4563,5811842.43,-20
370742.4563,5811842.43,-20
370747.4563,5811842.43,-20
370752.4563,5811842.43,-20
370757.4563,5811842.43,-25
370762.4563,5811842.43,-25
370767.4563,5811842.43,-25
370772.4563,5811842.43,-25
370777.4563,5811842.43,-25
370462.4563,5811837.43,-1
370467.4563,5811837.43,-1
370472.4563,5811837.43,-1
370477.4563,5811837.43,-1
370482.4563,5811837.43,-1
370487.4563,5811837.43,-1
370492.4563,5811837.43,-1
370497.4563,5811837.43,-1
370502.4563,5811837.43,-1
370507.4563,5811837.43,-1
370512.4563,5811837.43,-5
370517.4563,5811837.43,-5
370522.4563,5811837.43,-5
370527.4563,5811837.43,-5
370532.4563,5811837.43,-5
370537.4563,5811837.43,-5
370542.4563,5811837.43,-10
370547.4563,5811837.43,-10
370552.4563,5811837.43,-10
370557.4563,5811837.43,-10
370562.4563,5811837.43,-15
370567.4563,5811837.43,-15
370572.4563,5811837.43,-15
370577.4563,5811837.43,-15
370582.4563,5811837.43,-15
370587.4563,5811837.43,-15
370592.4563,5811837.43,-15
370597.4563,5811837.43,-15
370602.4563,5811837.43,-15
370607.4563,5811837.43,-15
370612.4563,5811837.43,-15
370617.4563,5811837.43,-15
370622.4563,5811837.43,-15
370627.4563,5811837.43,-15
370632.4563,5811837.43,-15
370637.4563,5811837.43,-15
370642.4563,5811837.43,-15
370647.4563,5811837.43,-15
370652.4563,5811837.43,-15
370657.4563,5811837.43,-15
370662.4563,5811837.43,-15
370667.4563,5811837.43,-15
370672.4563,5811837.43,-15
370677.4563,5811837.43,-15
370682.4563,5811837.43,-15
370687.4563,5811837.43,-15
370692.4563,5811837.43,-20
370697.4563,5811837.43,-20
370702.4563,5811837.43,-20
370707.4563,5811837.43,-20
370712.4563,5811837.43,-20
370717.4563,5811837.43,-20
370722.4563,5811837.43,-20
370727.4563,5811837.43,-20
370732.4563,5811837.43,-20
370737.4563,5811837.43,-20
370742.4563,5811837.43,-20
370747.4563,5811837.43,-20
370752.4563,5811837.43,-20
370757.4563,5811837.43,-25
370762.4563,5811837.43,-25
370767.4563,5811837.43,-25
370772.4563,5811837.43,-25
370777.4563,5811837.43,-25
370462.4563,5811832.43,-1
370467.4563,5811832.43,-1
370472.4563,5811832.43,-1
370477.4563,5811832.43,-1
370482.4563,5811832.43,-1
370487.4563,5811832.43,-1
370492.4563,5811832.43,-1
370497.4563,5811832.43,-1
370502.4563,5811832.43,-1
370507.4563,5811832.43,-1
370512.4563,5811832.43,-5
370517.4563,5811832.43,-5
370522.4563,5811832.43,-5
370527.4563,5811832.43,-5
370532.4563,5811832.43,-5
370537.4563,5811832.43,-5
370542.4563,5811832.43,-10
370547.4563,5811832.43,-10
370552.4563,5811832.43,-10
370557.4563,5811832.43,-10
370562.4563,5811832.43,-15
370567.4563,5811832.43,-15
370572.4563,5811832.43,-15
370577.4563,5811832.43,-15
370582.4563,5811832.43,-15
370587.4563,5811832.43,-15
370592.4563,5811832.43,-15
370597.4563,5811832.43,-15
370602.4563,5811832.43,-15
370607.4563,5811832.43,-15
370612.4563,5811832.43,-15
370617.4563,5811832.43,-15
370622.4563,5811832.43,-15
370627.4563,5811832.43,-15
370632.4563,5811832.43,-15
370637.4563,5811832.43,-15
370642.4563,5811832.43,-15
370647.4563,5811832.43,-15
370652.4563,5811832.43,-15
370657.4563,5811832.43,-15
370662.4563,5811832.43,-15
370667.4563,5811832.43,-15
370672.4563,5811832.43,-15
370677.4563,5811832.43,-15
370682.4563,5811832.43,-15
370687.4563,5811832.43,-15
370692.4563,5811832.43,-20
370697.4563,5811832.43,-20
370702.4563,5811832.43,-20
370707.4563,5811832.43,-20
370712.4563,5811832.43,-20
370717.4563,5811832.43,-20
370722.4563,5811832.43,-20
370727.4563,5811832.43,-20
370732.4563,5811832.43,-20
370737.4563,5811832.43,-20
370742.4563,5811832.43,-20
370747.4563,5811832.43,-20
370752.4563,5811832.43,-20
370757.4563,5811832.43,-20
370762.4563,5811832.43,-25
370767.4563,5811832.43,-25
370772.4563,5811832.43,-25
370777.4563,5811832.43,-25
370467.4563,5811827.43,-1
370472.4563,5811827.43,-1
370477.4563,5811827.43,-1
370482.4563,5811827.43,-1
370487.4563,5811827.43,-1
370492.4563,5811827.43,-1
370497.4563,5811827.43,-1
370502.4563,5811827.43,-1
370507.4563,5811827.43,-1
370512.4563,5811827.43,-5
370517.4563,5811827.43,-5
370522.4563,5811827.43,-5
370527.4563,5811827.43,-5
370532.4563,5811827.43,-5
370537.4563,5811827.43,-5
370542.4563,5811827.43,-10
370547.4563,5811827.43,-10
370552.4563,5811827.43,-10
370557.4563,5811827.43,-10
370562.4563,5811827.43,-15
370567.4563,5811827.43,-15
370572.4563,5811827.43,-15
370577.4563,5811827.43,-15
370582.4563,5811827.43,-15
370587.4563,5811827.43,-15
370592.4563,5811827.43,-15
370597.4563,5811827.43,-15
370602.4563,5811827.43,-15
370607.4563,5811827.43,-15
370612.4563,5811827.43,-15
370617.4563,5811827.43,-15
370622.4563,5811827.43,-15
370627.4563,5811827.43,-15
370632.4563,5811827.43,-15
370637.4563,5811827.43,-15
370642.4563,5811827.43,-15
370647.4563,5811827.43,-15
370652.4563,5811827.43,-15
370657.4563,5811827.43,-15
370662.4563,5811827.43,-15
370667.4563,5811827.43,-15
370672.4563,5811827.43,-15
370677.4563,5811827.43,-15
370682.4563,5811827.43,-15
370687.4563,5811827.43,-15
370692.4563,5811827.43,-20
370697.4563,5811827.43,-20
370702.4563,5811827.43,-20
370707.4563,5811827.43,-20
370712.4563,5811827.43,-20
370717.4563,5811827.43,-20
370722.4563,5811827.43,-20
370727.4563,5811827.43,-20
370732.4563,5811827.43,-20
370737.4563,5811827.43,-20
370742.4563,5811827.43,-20
370747.4563,5811827.43,-20
370752.4563,5811827.43,-20
370757.4563,5811827.43,-20
370762.4563,5811827.43,-25
370767.4563,5811827.43,-25
370772.4563,5811827.43,-25
370777.4563,5811827.43,-25
370467.4563,5811822.43,-1
370472.4563,5811822.43,-1
370477.4563,5811822.43,-1
370482.4563,5811822.43,-1
370487.4563,5811822.43,-1
370492.4563,5811822.43,-1
370497.4563,5811822.43,-1
370502.4563,5811822.43,-1
370507.4563,5811822.43,-1
370512.4563,5811822.43,-5
370517.4563,5811822.43,-5
370522.4563,5811822.43,-5
370527.4563,5811822.43,-5
370532.4563,5811822.43,-5
370537.4563,5811822.43,-5
370542.4563,5811822.43,-10
370547.4563,5811822.43,-10
370552.4563,5811822.43,-10
370557.4563,5811822.43,-10
370562.4563,5811822.43,-15
370567.4563,5811822.43,-15
370572.4563,5811822.43,-15
370577.4563,5811822.43,-15
370582.4563,5811822.43,-15
370587.4563,5811822.43,-15
370592.4563,5811822.43,-15
370597.4563,5811822.43,-15
370602.4563,5811822.43,-15
370607.4563,5811822.43,-15
370612.4563,5811822.43,-15
370617.4563,5811822.43,-15
370622.4563,5811822.43,-15
370627.4563,5811822.43,-15
370632.4563,5811822.43,-15
370637.4563,5811822.43,-15
370642.4563,5811822.43,-15
370647.4563,5811822.43,-15
370652.4563,5811822.43,-15
370657.4563,5811822.43,-15
370662.4563,5811822.43,-15
370667.4563,5811822.43,-15
370672.4563,5811822.43,-15
370677.4563,5811822.43,-15
370682.4563,5811822.43,-15
370687.4563,5811822.43,-20
370692.4563,5811822.43,-20
370697.4563,5811822.43,-20
370702.4563,5811822.43,-20
370707.4563,5811822.43,-20
370712.4563,5811822.43,-20
370717.4563,5811822.43,-20
370722.4563,5811822.43,-20
370727.4563,5811822.43,-20
370732.4563,5811822.43,-20
370737.4563,5811822.43,-20
370742.4563,5811822.43,-20
370747.4563,5811822.43,-20
370752.4563,5811822.43,-20
370757.4563,5811822.43,-20
370762.4563,5811822.43,-25
370767.4563,5811822.43,-25
370772.4563,5811822.43,-25
370777.4563,5811822.43,-25
370467.4563,5811817.43,-1
370472.4563,5811817.43,-1
370477.4563,5811817.43,-1
370482.4563,5811817.43,-1
370487.4563,5811817.43,-1
370492.4563,5811817.43,-1
370497.4563,5811817.43,-1
370502.4563,5811817.43,-1
370507.4563,5811817.43,-1
370512.4563,5811817.43,-5
370517.4563,5811817.43,-5
370522.4563,5811817.43,-5
370527.4563,5811817.43,-5
370532.4563,5811817.43,-5
370537.4563,5811817.43,-5
370542.4563,5811817.43,-10
370547.4563,5811817.43,-10
370552.4563,5811817.43,-10
370557.4563,5811817.43,-10
370562.4563,5811817.43,-10
370567.4563,5811817.43,-15
370572.4563,5811817.43,-15
370577.4563,5811817.43,-15
370582.4563,5811817.43,-15
370587.4563,5811817.43,-15
370592.4563,5811817.43,-15
370597.4563,5811817.43,-15
370602.4563,5811817.43,-15
370607.4563,5811817.43,-15
370612.4563,5811817.43,-15
370617.4563,5811817.43,-15
370622.4563,5811817.43,-15
370627.4563,5811817.43,-15
370632.4563,5811817.43,-15
370637.4563,5811817.43,-15
370642.4563,5811817.43,-15
370647.4563,5811817.43,-15
370652.4563,5811817.43,-15
370657.4563,5811817.43,-15
370662.4563,5811817.43,-15
370667.4563,5811817.43,-15
370672.4563,5811817.43,-15
370677.4563,5811817.43,-15
370682.4563,5811817.43,-15
370687.4563,5811817.43,-20
370692.4563,5811817.43,-20
370697.4563,5811817.43,-20
370702.4563,5811817.43,-20
370707.4563,5811817.43,-20
370712.4563,5811817.43,-20
370717.4563,5811817.43,-20
370722.4563,5811817.43,-20
370727.4563,5811817.43,-20
370732.4563,5811817.43,-20
370737.4563,5811817.43,-20
370742.4563,5811817.43,-20
370747.4563,5811817.43,-20
370752.4563,5811817.43,-20
370757.4563,5811817.43,-20
370762.4563,5811817.43,-25
370767.4563,5811817.43,-25
370772.4563,5811817.43,-25
370777.4563,5811817.43,-25
370467.4563,5811812.43,-1
370472.4563,5811812.43,-1
370477.4563,5811812.43,-1
370482.4563,5811812.43,-1
370487.4563,5811812.43,-1
370492.4563,5811812.43,-1
370497.4563,5811812.43,-1
370502.4563,5811812.43,-1
370507.4563,5811812.43,-1
370512.4563,5811812.43,-5
370517.4563,5811812.43,-5
370522.4563,5811812.43,-5
370527.4563,5811812.43,-5
370532.4563,5811812.43,-5
370537.4563,5811812.43,-10
370542.4563,5811812.43,-10
370547.4563,5811812.43,-10
370552.4563,5811812.43,-10
370557.4563,5811812.43,-10
370562.4563,5811812.43,-10
370567.4563,5811812.43,-15
370572.4563,5811812.43,-15
370577.4563,5811812.43,-15
370582.4563,5811812.43,-15
370587.4563,5811812.43,-15
370592.4563,5811812.43,-15
370597.4563,5811812.43,-15
370602.4563,5811812.43,-15
370607.4563,5811812.43,-15
370612.4563,5811812.43,-15
370617.4563,5811812.43,-15
370622.4563,5811812.43,-15
370627.4563,5811812.43,-15
370632.4563,5811812.43,-15
370637.4563,5811812.43,-15
370642.4563,5811812.43,-15
370647.4563,5811812.43,-15
370652.4563,5811812.43,-15
370657.4563,5811812.43,-15
370662.4563,5811812.43,-15
370667.4563,5811812.43,-15
370672.4563,5811812.43,-15
370677.4563,5811812.43,-15
370682.4563,5811812.43,-15
370687.4563,5811812.43,-20
370692.4563,5811812.43,-20
370697.4563,5811812.43,-20
370702.4563,5811812.43,-20
370707.4563,5811812.43,-20
370712.4563,5811812.43,-20
370717.4563,5811812.43,-20
370722.4563,5811812.43,-20
370727.4563,5811812.43,-20
370732.4563,5811812.43,-20
370737.4563,5811812.43,-20
370742.4563,5811812.43,-20
370747.4563,5811812.43,-20
370752.4563,5811812.43,-20
370757.4563,5811812.43,-20
370762.4563,5811812.43,-25
370767.4563,5811812.43,-25
370772.4563,5811812.43,-25
370777.4563,5811812.43,-25
370472.4563,5811807.43,-1
370477.4563,5811807.43,-1
370482.4563,5811807.43,-1
370487.4563,5811807.43,-1
370492.4563,5811807.43,-1
370497.4563,5811807.43,-1
370502.4563,5811807.43,-1
370507.4563,5811807.43,-5
370512.4563,5811807.43,-5
370517.4563,5811807.43,-5
370522.4563,5811807.43,-5
370527.4563,5811807.43,-5
370532.4563,5811807.43,-5
370537.4563,5811807.43,-10
370542.4563,5811807.43,-10
370547.4563,5811807.43,-10
370552.4563,5811807.43,-10
370557.4563,5811807.43,-10
370562.4563,5811807.43,-10
370567.4563,5811807.43,-15
370572.4563,5811807.43,-15
370577.4563,5811807.43,-15
370582.4563,5811807.43,-15
370587.4563,5811807.43,-15
370592.4563,5811807.43,-15
370597.4563,5811807.43,-15
370602.4563,5811807.43,-15
370607.4563,5811807.43,-15
370612.4563,5811807.43,-15
370617.4563,5811807.43,-15
370622.4563,5811807.43,-15
370627.4563,5811807.43,-15
370632.4563,5811807.43,-15
370637.4563,5811807.43,-15
370642.4563,5811807.43,-15
370647.4563,5811807.43,-15
370652.4563,5811807.43,-15
370657.4563,5811807.43,-15
370662.4563,5811807.43,-15
370667.4563,5811807.43,-15
370672.4563,5811807.43,-15
370677.4563,5811807.43,-15
370682.4563,5811807.43,-20
370687.4563,5811807.43,-20
370692.4563,5811807.43,-20
370697.4563,5811807.43,-20
370702.4563,5811807.43,-20
370707.4563,5811807.43,-20
370712.4563,5811807.43,-20
370717.4563,5811807.43,-20
370722.4563,5811807.43,-20
370727.4563,5811807.43,-20
370732.4563,5811807.43,-20
370737.4563,5811807.43,-20
370742.4563,5811807.43,-20
370747.4563,5811807.43,-20
370752.4563,5811807.43,-20
370757.4563,5811807.43,-20
370762.4563,5811807.43,-25
370767.4563,5811807.43,-25
370772.4563,5811807.43,-25
370777.4563,5811807.43,-25
370472.4563,5811802.43,-1
370477.4563,5811802.43,-1
370482.4563,5811802.43,-1
370487.4563,5811802.43,-1
370492.4563,5811802.43,-1
370497.4563,5811802.43,-1
370502.4563,5811802.43,-1
370507.4563,5811802.43,-5
370512.4563,5811802.43,-5
370517.4563,5811802.43,-5
370522.4563,5811802.43,-5
370527.4563,5811802.43,-5
370532.4563,5811802.43,-5
370537.4563,5811802.43,-10
370542.4563,5811802.43,-10
370547.4563,5811802.43,-10
370552.4563,5811802.43,-10
370557.4563,5811802.43,-10
370562.4563,5811802.43,-10
370567.4563,5811802.43,-15
370572.4563,5811802.43,-15
370577.4563,5811802.43,-15
370582.4563,5811802.43,-15
370587.4563,5811802.43,-15
370592.4563,5811802.43,-15
370597.4563,5811802.43,-15
370602.4563,5811802.43,-15
370607.4563,5811802.43,-15
370612.4563,5811802.43,-15
370617.4563,5811802.43,-15
370622.4563,5811802.43,-15
370627.4563,5811802.43,-15
370632.4563,5811802.43,-15
370637.4563,5811802.43,-15
370642.4563,5811802.43,-15
370647.4563,5811802.43,-15
370652.4563,5811802.43,-15
370657.4563,5811802.43,-15
370662.4563,5811802.43,-15
370667.4563,5811802.43,-15
370672.4563,5811802.43,-15
370677.4563,5811802.43,-15
370682.4563,5811802.43,-20
370687.4563,5811802.43,-20
370692.4563,5811802.43,-20
370697.4563,5811802.43,-20
370702.4563,5811802.43,-20
370707.4563,5811802.43,-20
370712.4563,5811802.43,-20
370717.4563,5811802.43,-20
370722.4563,5811802.43,-20
370727.4563,5811802.43,-20
370732.4563,5811802.43,-20
370737.4563,5811802.43,-20
370742.4563,5811802.43,-20
370747.4563,5811802.43,-20
370752.4563,5811802.43,-20
370757.4563,5811802.43,-20
370762.4563,5811802.43,-25
370767.4563,5811802.43,-25
370772.4563,5811802.43,-25
370777.4563,5811802.43,-25
370472.4563,5811797.43,-1
370477.4563,5811797.43,-1
370482.4563,5811797.43,-1
370487.4563,5811797.43,-1
370492.4563,5811797.43,-1
370497.4563,5811797.43,-1
370502.4563,5811797.43,-1
370507.4563,5811797.43,-5
370512.4563,5811797.43,-5
370517.4563,5811797.43,-5
370522.4563,5811797.43,-5
370527.4563,5811797.43,-5
370532.4563,5811797.43,-5
370537.4563,5811797.43,-10
370542.4563,5811797.43,-10
370547.4563,5811797.43,-10
370552.4563,5811797.43,-10
370557.4563,5811797.43,-10
370562.4563,5811797.43,-10
370567.4563,5811797.43,-15
370572.4563,5811797.43,-15
370577.4563,5811797.43,-15
370582.4563,5811797.43,-15
370587.4563,5811797.43,-15
370592.4563,5811797.43,-15
370597.4563,5811797.43,-15
370602.4563,5811797.43,-15
370607.4563,5811797.43,-15
370612.4563,5811797.43,-15
370617.4563,5811797.43,-15
370622.4563,5811797.43,-15
370627.4563,5811797.43,-15
370632.4563,5811797.43,-15
370637.4563,5811797.43,-15
370642.4563,5811797.43,-15
370647.4563,5811797.43,-15
370652.4563,5811797.43,-15
370657.4563,5811797.43,-15
370662.4563,5811797.43,-15
370667.4563,5811797.43,-15
370672.4563,5811797.43,-15
370677.4563,5811797.43,-15
370682.4563,5811797.43,-20
370687.4563,5811797.43,-20
370692.4563,5811797.43,-20
370697.4563,5811797.43,-20
370702.4563,5811797.43,-20
370707.4563,5811797.43,-20
370712.4563,5811797.43,-20
370717.4563,5811797.43,-20
370722.4563,5811797.43,-20
370727.4563,5811797.43,-20
370732.4563,5811797.43,-20
370737.4563,5811797.43,-20
370742.4563,5811797.43,-20
370747.4563,5811797.43,-20
370752.4563,5811797.43,-20
370757.4563,5811797.43,-20
370762.4563,5811797.43,-25
370767.4563,5811797.43,-25
370772.4563,5811797.43,-25
370777.4563,5811797.43,-25
370472.4563,5811792.43,-1
370477.4563,5811792.43,-1
370482.4563,5811792.43,-1
370487.4563,5811792.43,-1
370492.4563,5811792.43,-1
370497.4563,5811792.43,-1
370502.4563,5811792.43,-1
370507.4563,5811792.43,-5
370512.4563,5811792.43,-5
370517.4563,5811792.43,-5
370522.4563,5811792.43,-5
370527.4563,5811792.43,-5
370532.4563,5811792.43,-5
370537.4563,5811792.43,-10
370542.4563,5811792.43,-10
370547.4563,5811792.43,-10
370552.4563,5811792.43,-10
370557.4563,5811792.43,-10
370562.4563,5811792.43,-10
370567.4563,5811792.43,-15
370572.4563,5811792.43,-15
370577.4563,5811792.43,-15
370582.4563,5811792.43,-15
370587.4563,5811792.43,-15
370592.4563,5811792.43,-15
370597.4563,5811792.43,-15
370602.4563,5811792.43,-15
370607.4563,5811792.43,-15
370612.4563,5811792.43,-15
370617.4563,5811792.43,-15
370622.4563,5811792.43,-15
370627.4563,5811792.43,-15
370632.4563,5811792.43,-15
370637.4563,5811792.43,-15
370642.4563,5811792.43,-15
370647.4563,5811792.43,-15
370652.4563,5811792.43,-15
370657.4563,5811792.43,-15
370662.4563,5811792.43,-15
370667.4563,5811792.43,-15
370672.4563,5811792.43,-15
370677.4563,5811792.43,-15
370682.4563,5811792.43,-20
370687.4563,5811792.43,-20
370692.4563,5811792.43,-20
370697.4563,5811792.43,-20
370702.4563,5811792.43,-20
370707.4563,5811792.43,-20
370712.4563,5811792.43,-20
370717.4563,5811792.43,-20
370722.4563,5811792.43,-20
370727.4563,5811792.43,-20
370732.4563,5811792.43,-20
370737.4563,5811792.43,-20
370742.4563,5811792.43,-20
370747.4563,5811792.43,-20
370752.4563,5811792.43,-20
370757.4563,5811792.43,-20
370762.4563,5811792.43,-20
370767.4563,5811792.43,-25
370772.4563,5811792.43,-25
370777.4563,5811792.43,-25
370472.4563,5811787.43,-1
370477.4563,5811787.43,-1
370482.4563,5811787.43,-1
370487.4563,5811787.43,-1
370492.4563,5811787.43,-1
370497.4563,5811787.43,-1
370502.4563,5811787.43,-1
370507.4563,5811787.43,-5
370512.4563,5811787.43,-5
370517.4563,5811787.43,-5
370522.4563,5811787.43,-5
370527.4563,5811787.43,-5
370532.4563,5811787.43,-5
370537.4563,5811787.43,-10
370542.4563,5811787.43,-10
370547.4563,5811787.43,-10
370552.4563,5811787.43,-10
370557.4563,5811787.43,-10
370562.4563,5811787.43,-10
370567.4563,5811787.43,-15
370572.4563,5811787.43,-15
370577.4563,5811787.43,-15
370582.4563,5811787.43,-15
370587.4563,5811787.43,-15
370592.4563,5811787.43,-15
370597.4563,5811787.43,-15
370602.4563,5811787.43,-15
370607.4563,5811787.43,-15
370612.4563,5811787.43,-15
370617.4563,5811787.43,-15
370622.4563,5811787.43,-15
370627.4563,5811787.43,-15
370632.4563,5811787.43,-15
370637.4563,5811787.43,-15
370642.4563,5811787.43,-15
370647.4563,5811787.43,-15
370652.4563,5811787.43,-15
370657.4563,5811787.43,-15
370662.4563,5811787.43,-15
370667.4563,5811787.43,-15
370672.4563,5811787.43,-15
370677.4563,5811787.43,-15
370682.4563,5811787.43,-15
370687.4563,5811787.43,-20
370692.4563,5811787.43,-20
370697.4563,5811787.43,-20
370702.4563,5811787.43,-20
370707.4563,5811787.43,-20
370712.4563,5811787.43,-20
370717.4563,5811787.43,-20
370722.4563,5811787.43,-20
370727.4563,5811787.43,-20
370732.4563,5811787.43,-20
370737.4563,5811787.43,-20
370742.4563,5811787.43,-20
370747.4563,5811787.43,-20
370752.4563,5811787.43,-20
370757.4563,5811787.43,-20
370762.4563,5811787.43,-20
370767.4563,5811787.43,-20
370772.4563,5811787.43,-20
370777.4563,5811787.43,-20
370472.4563,5811782.43,-1
370477.4563,5811782.43,-1
370482.4563,5811782.43,-1
370487.4563,5811782.43,-1
370492.4563,5811782.43,-1
370497.4563,5811782.43,-1
370502.4563,5811782.43,-1
370507.4563,5811782.43,-5
370512.4563,5811782.43,-5
370517.4563,5811782.43,-5
370522.4563,5811782.43,-5
370527.4563,5811782.43,-5
370532.4563,5811782.43,-5
370537.4563,5811782.43,-10
370542.4563,5811782.43,-10
370547.4563,5811782.43,-10
370552.4563,5811782.43,-10
370557.4563,5811782.43,-10
370562.4563,5811782.43,-10
370567.4563,5811782.43,-15
370572.4563,5811782.43,-15
370577.4563,5811782.43,-15
370582.4563,5811782.43,-15
370587.4563,5811782.43,-15
370592.4563,5811782.43,-15
370597.4563,5811782.43,-15
370602.4563,5811782.43,-15
370607.4563,5811782.43,-15
370612.4563,5811782.43,-15
370617.4563,5811782.43,-15
370622.4563,5811782.43,-15
370627.4563,5811782.43,-15
370632.4563,5811782.43,-15
370637.4563,5811782.43,-15
370642.4563,5811782.43,-15
370647.4563,5811782.43,-15
370652.4563,5811782.43,-15
370657.4563,5811782.43,-15
370662.4563,5811782.43,-15
370667.4563,5811782.43,-15
370672.4563,5811782.43,-15
370677.4563,5811782.43,-15
370682.4563,5811782.43,-15
370687.4563,5811782.43,-20
370692.4563,5811782.43,-20
370697.4563,5811782.43,-20
370702.4563,5811782.43,-20
370707.4563,5811782.43,-20
370712.4563,5811782.43,-20
370717.4563,5811782.43,-20
370722.4563,5811782.43,-20
370727.4563,5811782.43,-20
370732.4563,5811782.43,-20
370737.4563,5811782.43,-20
370742.4563,5811782.43,-20
370747.4563,5811782.43,-20
370752.4563,5811782.43,-20
370757.4563,5811782.43,-20
370762.4563,5811782.43,-20
370767.4563,5811782.43,-20
370772.4563,5811782.43,-20
370777.4563,5811782.43,-20
370472.4563,5811777.43,-1
370477.4563,5811777.43,-1
370482.4563,5811777.43,-1
370487.4563,5811777.43,-1
370492.4563,5811777.43,-1
370497.4563,5811777.43,-1
370502.4563,5811777.43,-1
370507.4563,5811777.43,-5
370512.4563,5811777.43,-5
370517.4563,5811777.43,-5
370522.4563,5811777.43,-5
370527.4563,5811777.43,-5
370532.4563,5811777.43,-5
370537.4563,5811777.43,-10
370542.4563,5811777.43,-10
370547.4563,5811777.43,-10
370552.4563,5811777.43,-10
370557.4563,5811777.43,-10
370562.4563,5811777.43,-10
370567.4563,5811777.43,-15
370572.4563,5811777.43,-15
370577.4563,5811777.43,-15
370582.4563,5811777.43,-15
370587.4563,5811777.43,-15
370592.4563,5811777.43,-15
370597.4563,5811777.43,-15
370602.4563,5811777.43,-15
370607.4563,5811777.43,-15
370612.4563,5811777.43,-15
370617.4563,5811777.43,-15
370622.4563,5811777.43,-15
370627.4563,5811777.43,-15
370632.4563,5811777.43,-15
370637.4563,5811777.43,-15
370642.4563,5811777.43,-15
370647.4563,5811777.43,-15
370652.4563,5811777.43,-15
370657.4563,5811777.43,-15
370662.4563,5811777.43,-15
370667.4563,5811777.43,-15
370672.4563,5811777.43,-15
370677.4563,5811777.43,-15
370682.4563,5811777.43,-15
370687.4563,5811777.43,-20
370692.4563,5811777.43,-20
370697.4563,5811777.43,-20
370702.4563,5811777.43,-20
370707.4563,5811777.43,-20
370712.4563,5811777.43,-20
370717.4563,5811777.43,-20
370722.4563,5811777.43,-20
370727.4563,5811777.43,-20
370732.4563,5811777.43,-20
370737.4563,5811777.43,-20
370742.4563,5811777.43,-20
370747.4563,5811777.43,-20
370752.4563,5811777.43,-20
370757.4563,5811777.43,-20
370762.4563,5811777.43,-20
370767.4563,5811777.43,-20
370772.4563,5811777.43,-20
370777.4563,5811777.43,-20
370472.4563,5811772.43,-1
370477.4563,5811772.43,-1
370482.4563,5811772.43,-1
370487.4563,5811772.43,-1
370492.4563,5811772.43,-1
370497.4563,5811772.43,-1
370502.4563,5811772.43,-1
370507.4563,5811772.43,-5
370512.4563,5811772.43,-5
370517.4563,5811772.43,-5
370522.4563,5811772.43,-5
370527.4563,5811772.43,-5
370532.4563,5811772.43,-5
370537.4563,5811772.43,-10
370542.4563,5811772.43,-10
370547.4563,5811772.43,-10
370552.4563,5811772.43,-10
370557.4563,5811772.43,-10
370562.4563,5811772.43,-10
370567.4563,5811772.43,-15
370572.4563,5811772.43,-15
370577.4563,5811772.43,-15
370582.4563,5811772.43,-15
370587.4563,5811772.43,-15
370592.4563,5811772.43,-15
370597.4563,5811772.43,-15
370602.4563,5811772.43,-15
370607.4563,5811772.43,-15
370612.4563,5811772.43,-15
370617.4563,5811772.43,-15
370622.4563,5811772.43,-15
370627.4563,5811772.43,-15
370632.4563,5811772.43,-15
370637.4563,5811772.43,-15
370642.4563,5811772.43,-15
370647.4563,5811772.43,-15
370652.4563,5811772.43,-15
370657.4563,5811772.43,-15
370662.4563,5811772.43,-15
370667.4563,5811772.43,-15
370672.4563,5811772.43,-15
370677.4563,5811772.43,-15
370682.4563,5811772.43,-15
370687.4563,5811772.43,-20
370692.4563,5811772.43,-20
370697.4563,5811772.43,-20
370702.4563,5811772.43,-20
370707.4563,5811772.43,-20
370712.4563,5811772.43,-20
370717.4563,5811772.43,-20
370722.4563,5811772.43,-20
370727.4563,5811772.43,-20
370732.4563,5811772.43,-20
370737.4563,5811772.43,-20
370742.4563,5811772.43,-20
370747.4563,5811772.43,-20
370752.4563,5811772.43,-20
370757.4563,5811772.43,-20
370762.4563,5811772.43,-20
370767.4563,5811772.43,-20
370772.4563,5811772.43,-20
370777.4563,5811772.43,-20
370477.4563,5811767.43,-1
370482.4563,5811767.43,-1
370487.4563,5811767.43,-1
370492.4563,5811767.43,-1
370497.4563,5811767.43,-1
370502.4563,5811767.43,-1
370507.4563,5811767.43,-5
370512.4563,5811767.43,-5
370517.4563,5811767.43,-5
370522.4563,5811767.43,-5
370527.4563,5811767.43,-5
370532.4563,5811767.43,-5
370537.4563,5811767.43,-10
370542.4563,5811767.43,-10
370547.4563,5811767.43,-10
370552.4563,5811767.43,-10
370557.4563,5811767.43,-10
370562.4563,5811767.43,-10
370567.4563,5811767.43,-10
370572.4563,5811767.43,-15
370577.4563,5811767.43,-15
370582.4563,5811767.43,-15
370587.4563,5811767.43,-15
370592.4563,5811767.43,-15
370597.4563,5811767.43,-15
370602.4563,5811767.43,-15
370607.4563,5811767.43,-15
370612.4563,5811767.43,-15
370617.4563,5811767.43,-15
370622.4563,5811767.43,-15
370627.4563,5811767.43,-15
370632.4563,5811767.43,-15
370637.4563,5811767.43,-15
370642.4563,5811767.43,-15
370647.4563,5811767.43,-15
370652.4563,5811767.43,-15
370657.4563,5811767.43,-15
370662.4563,5811767.43,-15
370667.4563,5811767.43,-15
370672.4563,5811767.43,-15
370677.4563,5811767.43,-15
370682.4563,5811767.43,-15
370687.4563,5811767.43,-20
370692.4563,5811767.43,-20
370697.4563,5811767.43,-20
370702.4563,5811767.43,-20
370707.4563,5811767.43,-20
370712.4563,5811767.43,-20
370717.4563,5811767.43,-20
370722.4563,5811767.43,-20
370727.4563,5811767.43,-20
370732.4563,5811767.43,-20
370737.4563,5811767.43,-20
370742.4563,5811767.43,-20
370747.4563,5811767.43,-20
370752.4563,5811767.43,-20
370757.4563,5811767.43,-20
370762.4563,5811767.43,-20
370767.4563,5811767.43,-20
370772.4563,5811767.43,-20
370477.4563,5811762.43,-1
370482.4563,5811762.43,-1
370487.4563,5811762.43,-1
370492.4563,5811762.43,-1
370497.4563,5811762.43,-1
370502.4563,5811762.43,-1
370507.4563,5811762.43,-5
370512.4563,5811762.43,-5
370517.4563,5811762.43,-5
370522.4563,5811762.43,-5
370527.4563,5811762.43,-5
370532.4563,5811762.43,-5
370537.4563,5811762.43,-10
370542.4563,5811762.43,-10
370547.4563,5811762.43,-10
370552.4563,5811762.43,-10
370557.4563,5811762.43,-10
370562.4563,5811762.43,-10
370567.4563,5811762.43,-10
370572.4563,5811762.43,-15
370577.4563,5811762.43,-15
370582.4563,5811762.43,-15
370587.4563,5811762.43,-15
370592.4563,5811762.43,-15
370597.4563,5811762.43,-15
370602.4563,5811762.43,-15
370607.4563,5811762.43,-15
370612.4563,5811762.43,-15
370617.4563,5811762.43,-15
370622.4563,5811762.43,-15
370627.4563,5811762.43,-15
370632.4563,5811762.43,-15
370637.4563,5811762.43,-15
370642.4563,5811762.43,-15
370647.4563,5811762.43,-15
370652.4563,5811762.43,-15
370657.4563,5811762.43,-15
370662.4563,5811762.43,-15
370667.4563,5811762.43,-15
370672.4563,5811762.43,-15
370677.4563,5811762.43,-15
370682.4563,5811762.43,-15
370687.4563,5811762.43,-15
370692.4563,5811762.43,-20
370697.4563,5811762.43,-20
370702.4563,5811762.43,-20
370707.4563,5811762.43,-20
370712.4563,5811762.43,-20
370717.4563,5811762.43,-20
370722.4563,5811762.43,-20
370727.4563,5811762.43,-20
370732.4563,5811762.43,-20
370737.4563,5811762.43,-20
370742.4563,5811762.43,-20
370747.4563,5811762.43,-20
370752.4563,5811762.43,-20
370757.4563,5811762.43,-20
370762.4563,5811762.43,-20
370767.4563,5811762.43,-20
370772.4563,5811762.43,-20
370477.4563,5811757.43,-1
370482.4563,5811757.43,-1
370487.4563,5811757.43,-1
370492.4563,5811757.43,-1
370497.4563,5811757.43,-1
370502.4563,5811757.43,-1
370507.4563,5811757.43,-5
370512.4563,5811757.43,-5
370517.4563,5811757.43,-5
370522.4563,5811757.43,-5
370527.4563,5811757.43,-5
370532.4563,5811757.43,-5
370537.4563,5811757.43,-10
370542.4563,5811757.43,-10
370547.4563,5811757.43,-10
370552.4563,5811757.43,-10
370557.4563,5811757.43,-10
370562.4563,5811757.43,-10
370567.4563,5811757.43,-10
370572.4563,5811757.43,-15
370577.4563,5811757.43,-15
370582.4563,5811757.43,-15
370587.4563,5811757.43,-15
370592.4563,5811757.43,-15
370597.4563,5811757.43,-15
370602.4563,5811757.43,-15
370607.4563,5811757.43,-15
370612.4563,5811757.43,-15
370617.4563,5811757.43,-15
370622.4563,5811757.43,-15
370627.4563,5811757.43,-15
370632.4563,5811757.43,-15
370637.4563,5811757.43,-15
370642.4563,5811757.43,-15
370647.4563,5811757.43,-15
370652.4563,5811757.43,-15
370657.4563,5811757.43,-15
370662.4563,5811757.43,-15
370667.4563,5811757.43,-15
370672.4563,5811757.43,-15
370677.4563,5811757.43,-15
370682.4563,5811757.43,-15
370687.4563,5811757.43,-15
370692.4563,5811757.43,-20
370697.4563,5811757.43,-20
370702.4563,5811757.43,-20
370707.4563,5811757.43,-20
370712.4563,5811757.43,-20
370717.4563,5811757.43,-20
370722.4563,5811757.43,-20
370727.4563,5811757.43,-20
370732.4563,5811757.43,-20
370737.4563,5811757.43,-20
370742.4563,5811757.43,-20
370747.4563,5811757.43,-20
370752.4563,5811757.43,-20
370757.4563,5811757.43,-20
370762.4563,5811757.43,-20
370767.4563,5811757.43,-20
370772.4563,5811757.43,-20
370477.4563,5811752.43,-1
370482.4563,5811752.43,-1
370487.4563,5811752.43,-1
370492.4563,5811752.43,-1
370497.4563,5811752.43,-1
370502.4563,5811752.43,-1
370507.4563,5811752.43,-5
370512.4563,5811752.43,-5
370517.4563,5811752.43,-5
370522.4563,5811752.43,-5
370527.4563,5811752.43,-5
370532.4563,5811752.43,-5
370537.4563,5811752.43,-10
370542.4563,5811752.43,-10
370547.4563,5811752.43,-10
370552.4563,5811752.43,-10
370557.4563,5811752.43,-10
370562.4563,5811752.43,-10
370567.4563,5811752.43,-10
370572.4563,5811752.43,-10
370577.4563,5811752.43,-15
370582.4563,5811752.43,-15
370587.4563,5811752.43,-15
370592.4563,5811752.43,-15
370597.4563,5811752.43,-15
370602.4563,5811752.43,-15
370607.4563,5811752.43,-15
370612.4563,5811752.43,-15
370617.4563,5811752.43,-15
370622.4563,5811752.43,-15
370627.4563,5811752.43,-15
370632.4563,5811752.43,-15
370637.4563,5811752.43,-15
370642.4563,5811752.43,-15
370647.4563,5811752.43,-15
370652.4563,5811752.43,-15
370657.4563,5811752.43,-15
370662.4563,5811752.43,-15
370667.4563,5811752.43,-15
370672.4563,5811752.43,-15
370677.4563,5811752.43,-15
370682.4563,5811752.43,-15
370687.4563,5811752.43,-15
370692.4563,5811752.43,-20
370697.4563,5811752.43,-20
370702.4563,5811752.43,-20
370707.4563,5811752.43,-20
370712.4563,5811752.43,-20
370717.4563,5811752.43,-20
370722.4563,5811752.43,-20
370727.4563,5811752.43,-20
370732.4563,5811752.43,-20
370737.4563,5811752.43,-20
370742.4563,5811752.43,-20
370747.4563,5811752.43,-20
370752.4563,5811752.43,-20
370757.4563,5811752.43,-20
370762.4563,5811752.43,-20
370767.4563,5811752.43,-20
370772.4563,5811752.43,-20
370477.4563,5811747.43,-1
370482.4563,5811747.43,-1
370487.4563,5811747.43,-1
370492.4563,5811747.43,-1
370497.4563,5811747.43,-1
370502.4563,5811747.43,-5
370507.4563,5811747.43,-5
370512.4563,5811747.43,-5
370517.4563,5811747.43,-5
370522.4563,5811747.43,-5
370527.4563,5811747.43,-5
370532.4563,5811747.43,-5
370537.4563,5811747.43,-10
370542.4563,5811747.43,-10
370547.4563,5811747.43,-10
370552.4563,5811747.43,-10
370557.4563,5811747.43,-10
370562.4563,5811747.43,-10
370567.4563,5811747.43,-10
370572.4563,5811747.43,-10
370577.4563,5811747.43,-15
370582.4563,5811747.43,-15
370587.4563,5811747.43,-15
370592.4563,5811747.43,-15
370597.4563,5811747.43,-15
370602.4563,5811747.43,-15
370607.4563,5811747.43,-15
370612.4563,5811747.43,-15
370617.4563,5811747.43,-15
370622.4563,5811747.43,-15
370627.4563,5811747.43,-15
370632.4563,5811747.43,-15
370637.4563,5811747.43,-15
370642.4563,5811747.43,-15
370647.4563,5811747.43,-15
370652.4563,5811747.43,-15
370657.4563,5811747.43,-15
370662.4563,5811747.43,-15
370667.4563,5811747.43,-15
370672.4563,5811747.43,-15
370677.4563,5811747.43,-15
370682.4563,5811747.43,-15
370687.4563,5811747.43,-15
370692.4563,5811747.43,-15
370697.4563,5811747.43,-20
370702.4563,5811747.43,-20
370707.4563,5811747.43,-20
370712.4563,5811747.43,-20
370717.4563,5811747.43,-20
370722.4563,5811747.43,-20
370727.4563,5811747.43,-20
370732.4563,5811747.43,-20
370737.4563,5811747.43,-20
370742.4563,5811747.43,-20
370747.4563,5811747.43,-20
370752.4563,5811747.43,-20
370757.4563,5811747.43,-20
370762.4563,5811747.43,-20
370767.4563,5811747.43,-20
370772.4563,5811747.43,-20
370477.4563,5811742.43,-1
370482.4563,5811742.43,-1
370487.4563,5811742.43,-1
370492.4563,5811742.43,-1
370497.4563,5811742.43,-1
370502.4563,5811742.43,-1
370507.4563,5811742.43,-5
370512.4563,5811742.43,-5
370517.4563,5811742.43,-5
370522.4563,5811742.43,-5
370527.4563,5811742.43,-5
370532.4563,5811742.43,-5
370537.4563,5811742.43,-10
370542.4563,5811742.43,-10
370547.4563,5811742.43,-10
370552.4563,5811742.43,-10
370557.4563,5811742.43,-10
370562.4563,5811742.43,-10
370567.4563,5811742.43,-10
370572.4563,5811742.43,-10
370577.4563,5811742.43,-15
370582.4563,5811742.43,-15
370587.4563,5811742.43,-15
370592.4563,5811742.43,-15
370597.4563,5811742.43,-15
370602.4563,5811742.43,-15
370607.4563,5811742.43,-15
370612.4563,5811742.43,-15
370617.4563,5811742.43,-15
370622.4563,5811742.43,-15
370627.4563,5811742.43,-15
370632.4563,5811742.43,-15
370637.4563,5811742.43,-15
370642.4563,5811742.43,-15
370647.4563,5811742.43,-15
370652.4563,5811742.43,-15
370657.4563,5811742.43,-15
370662.4563,5811742.43,-15
370667.4563,5811742.43,-15
370672.4563,5811742.43,-15
370677.4563,5811742.43,-15
370682.4563,5811742.43,-15
370687.4563,5811742.43,-15
370692.4563,5811742.43,-15
370697.4563,5811742.43,-20
370702.4563,5811742.43,-20
370707.4563,5811742.43,-20
370712.4563,5811742.43,-20
370717.4563,5811742.43,-20
370722.4563,5811742.43,-20
370727.4563,5811742.43,-20
370732.4563,5811742.43,-20
370737.4563,5811742.43,-20
370742.4563,5811742.43,-20
370747.4563,5811742.43,-20
370752.4563,5811742.43,-20
370757.4563,5811742.43,-20
370762.4563,5811742.43,-20
370767.4563,5811742.43,-20
370772.4563,5811742.43,-20
370482.4563,5811737.43,-1
370487.4563,5811737.43,-1
370492.4563,5811737.43,-1
370497.4563,5811737.43,-1
370502.4563,5811737.43,-1
370507.4563,5811737.43,-5
370512.4563,5811737.43,-5
370517.4563,5811737.43,-5
370522.4563,5811737.43,-5
370527.4563,5811737.43,-5
370532.4563,5811737.43,-5
370537.4563,5811737.43,-10
370542.4563,5811737.43,-10
370547.4563,5811737.43,-10
370552.4563,5811737.43,-10
370557.4563,5811737.43,-10
370562.4563,5811737.43,-10
370567.4563,5811737.43,-10
370572.4563,5811737.43,-10
370577.4563,5811737.43,-10
370582.4563,5811737.43,-15
370587.4563,5811737.43,-15
370592.4563,5811737.43,-15
370597.4563,5811737.43,-15
370602.4563,5811737.43,-15
370607.4563,5811737.43,-15
370612.4563,5811737.43,-15
370617.4563,5811737.43,-15
370622.4563,5811737.43,-15
370627.4563,5811737.43,-15
370632.4563,5811737.43,-15
370637.4563,5811737.43,-15
370642.4563,5811737.43,-15
370647.4563,5811737.43,-15
370652.4563,5811737.43,-15
370657.4563,5811737.43,-15
370662.4563,5811737.43,-15
370667.4563,5811737.43,-15
370672.4563,5811737.43,-15
370677.4563,5811737.43,-15
370682.4563,5811737.43,-15
370687.4563,5811737.43,-15
370692.4563,5811737.43,-15
370697.4563,5811737.43,-15
370702.4563,5811737.43,-20
370707.4563,5811737.43,-20
370712.4563,5811737.43,-20
370717.4563,5811737.43,-20
370722.4563,5811737.43,-20
370727.4563,5811737.43,-20
370732.4563,5811737.43,-20
370737.4563,5811737.43,-20
370742.4563,5811737.43,-20
370747.4563,5811737.43,-20
370752.4563,5811737.43,-20
370757.4563,5811737.43,-20
370762.4563,5811737.43,-20
370767.4563,5811737.43,-20
370482.4563,5811732.43,-1
370487.4563,5811732.43,-1
370492.4563,5811732.43,-1
370497.4563,5811732.43,-1
370502.4563,5811732.43,-1
370507.4563,5811732.43,-5
370512.4563,5811732.43,-5
370517.4563,5811732.43,-5
370522.4563,5811732.43,-5
370527.4563,5811732.43,-5
370532.4563,5811732.43,-5
370537.4563,5811732.43,-5
370542.4563,5811732.43,-10
370547.4563,5811732.43,-10
370552.4563,5811732.43,-10
370557.4563,5811732.43,-10
370562.4563,5811732.43,-10
370567.4563,5811732.43,-10
370572.4563,5811732.43,-10
370577.4563,5811732.43,-10
370582.4563,5811732.43,-15
370587.4563,5811732.43,-15
370592.4563,5811732.43,-15
370597.4563,5811732.43,-15
370602.4563,5811732.43,-15
370607.4563,5811732.43,-15
370612.4563,5811732.43,-15
370617.4563,5811732.43,-15
370622.4563,5811732.43,-15
370627.4563,5811732.43,-15
370632.4563,5811732.43,-15
370637.4563,5811732.43,-15
370642.4563,5811732.43,-15
370647.4563,5811732.43,-15
370652.4563,5811732.43,-15
370657.4563,5811732.43,-15
370662.4563,5811732.43,-15
370667.4563,5811732.43,-15
370672.4563,5811732.43,-15
370677.4563,5811732.43,-15
370682.4563,5811732.43,-15
370687.4563,5811732.43,-15
370692.4563,5811732.43,-15
370697.4563,5811732.43,-15
370702.4563,5811732.43,-15
370707.4563,5811732.43,-20
370712.4563,5811732.43,-20
370717.4563,5811732.43,-20
370722.4563,5811732.43,-20
370727.4563,5811732.43,-20
370732.4563,5811732.43,-20
370737.4563,5811732.43,-20
370742.4563,5811732.43,-20
370747.4563,5811732.43,-20
370752.4563,5811732.43,-20
370757.4563,5811732.43,-20
370762.4563,5811732.43,-20
370767.4563,5811732.43,-20
370482.4563,5811727.43,-1
370487.4563,5811727.43,-1
370492.4563,5811727.43,-1
370497.4563,5811727.43,-1
370502.4563,5811727.43,-1
370507.4563,5811727.43,-5
370512.4563,5811727.43,-5
370517.4563,5811727.43,-5
370522.4563,5811727.43,-5
370527.4563,5811727.43,-5
370532.4563,5811727.43,-5
370537.4563,5811727.43,-5
370542.4563,5811727.43,-10
370547.4563,5811727.43,-10
370552.4563,5811727.43,-10
370557.4563,5811727.43,-10
370562.4563,5811727.43,-10
370567.4563,5811727.43,-10
370572.4563,5811727.43,-10
370577.4563,5811727.43,-10
370582.4563,5811727.43,-15
370587.4563,5811727.43,-15
370592.4563,5811727.43,-15
370597.4563,5811727.43,-15
370602.4563,5811727.43,-15
370607.4563,5811727.43,-15
370612.4563,5811727.43,-15
370617.4563,5811727.43,-15
370622.4563,5811727.43,-15
370627.4563,5811727.43,-15
370632.4563,5811727.43,-15
370637.4563,5811727.43,-15
370642.4563,5811727.43,-15
370647.4563,5811727.43,-15
370652.4563,5811727.43,-15
370657.4563,5811727.43,-15
370662.4563,5811727.43,-15
370667.4563,5811727.43,-15
370672.4563,5811727.43,-15
370677.4563,5811727.43,-15
370682.4563,5811727.43,-15
370687.4563,5811727.43,-15
370692.4563,5811727.43,-15
370697.4563,5811727.43,-15
370702.4563,5811727.43,-15
370707.4563,5811727.43,-20
370712.4563,5811727.43,-20
370717.4563,5811727.43,-20
370722.4563,5811727.43,-20
370727.4563,5811727.43,-20
370732.4563,5811727.43,-20
370737.4563,5811727.43,-20
370742.4563,5811727.43,-20
370747.4563,5811727.43,-20
370752.4563,5811727.43,-20
370757.4563,5811727.43,-20
370762.4563,5811727.43,-20
370767.4563,5811727.43,-20
370487.4563,5811722.43,-1
370492.4563,5811722.43,-1
370497.4563,5811722.43,-1
370502.4563,5811722.43,-1
370507.4563,5811722.43,-1
370512.4563,5811722.43,-5
370517.4563,5811722.43,-5
370522.4563,5811722.43,-5
370527.4563,5811722.43,-5
370532.4563,5811722.43,-5
370537.4563,5811722.43,-5
370542.4563,5811722.43,-10
370547.4563,5811722.43,-10
370552.4563,5811722.43,-10
370557.4563,5811722.43,-10
370562.4563,5811722.43,-10
370567.4563,5811722.43,-10
370572.4563,5811722.43,-10
370577.4563,5811722.43,-10
370582.4563,5811722.43,-15
370587.4563,5811722.43,-15
370592.4563,5811722.43,-15
370597.4563,5811722.43,-15
370602.4563,5811722.43,-15
370607.4563,5811722.43,-15
370612.4563,5811722.43,-15
370617.4563,5811722.43,-15
370622.4563,5811722.43,-15
370627.4563,5811722.43,-15
370632.4563,5811722.43,-15
370637.4563,5811722.43,-15
370642.4563,5811722.43,-15
370647.4563,5811722.43,-15
370652.4563,5811722.43,-15
370657.4563,5811722.43,-15
370662.4563,5811722.43,-15
370667.4563,5811722.43,-15
370672.4563,5811722.43,-15
370677.4563,5811722.43,-15
370682.4563,5811722.43,-15
370687.4563,5811722.43,-15
370692.4563,5811722.43,-15
370697.4563,5811722.43,-15
370702.4563,5811722.43,-15
370707.4563,5811722.43,-15
370712.4563,5811722.43,-20
370717.4563,5811722.43,-20
370722.4563,5811722.43,-20
370727.4563,5811722.43,-20
370732.4563,5811722.43,-20
370737.4563,5811722.43,-20
370742.4563,5811722.43,-20
370747.4563,5811722.43,-20
370752.4563,5811722.43,-20
370757.4563,5811722.43,-20
370762.4563,5811722.43,-20
370767.4563,5811722.43,-20
370487.4563,5811717.43,-1
370492.4563,5811717.43,-1
370497.4563,5811717.43,-1
370502.4563,5811717.43,-1
370507.4563,5811717.43,-1
370512.4563,5811717.43,-5
370517.4563,5811717.43,-5
370522.4563,5811717.43,-5
370527.4563,5811717.43,-5
370532.4563,5811717.43,-5
370537.4563,5811717.43,-5
370542.4563,5811717.43,-10
370547.4563,5811717.43,-10
370552.4563,5811717.43,-10
370557.4563,5811717.43,-10
370562.4563,5811717.43,-10
370567.4563,5811717.43,-10
370572.4563,5811717.43,-10
370577.4563,5811717.43,-10
370582.4563,5811717.43,-10
370587.4563,5811717.43,-15
370592.4563,5811717.43,-15
370597.4563,5811717.43,-15
370602.4563,5811717.43,-15
370607.4563,5811717.43,-15
370612.4563,5811717.43,-15
370617.4563,5811717.43,-15
370622.4563,5811717.43,-15
370627.4563,5811717.43,-15
370632.4563,5811717.43,-15
370637.4563,5811717.43,-15
370642.4563,5811717.43,-15
370647.4563,5811717.43,-15
370652.4563,5811717.43,-15
370657.4563,5811717.43,-15
370662.4563,5811717.43,-15
370667.4563,5811717.43,-15
370672.4563,5811717.43,-15
370677.4563,5811717.43,-15
370682.4563,5811717.43,-15
370687.4563,5811717.43,-15
370692.4563,5811717.43,-15
370697.4563,5811717.43,-15
370702.4563,5811717.43,-15
370707.4563,5811717.43,-15
370712.4563,5811717.43,-15
370717.4563,5811717.43,-20
370722.4563,5811717.43,-20
370727.4563,5811717.43,-20
370732.4563,5811717.43,-20
370737.4563,5811717.43,-20
370742.4563,5811717.43,-20
370747.4563,5811717.43,-20
370752.4563,5811717.43,-20
370757.4563,5811717.43,-20
370762.4563,5811717.43,-20
370767.4563,5811717.43,-20
370492.4563,5811712.43,-1
370497.4563,5811712.43,-1
370502.4563,5811712.43,-1
370507.4563,5811712.43,-1
370512.4563,5811712.43,-1
370517.4563,5811712.43,-5
370522.4563,5811712.43,-5
370527.4563,5811712.43,-5
370532.4563,5811712.43,-5
370537.4563,5811712.43,-5
370542.4563,5811712.43,-10
370547.4563,5811712.43,-10
370552.4563,5811712.43,-10
370557.4563,5811712.43,-10
370562.4563,5811712.43,-10
370567.4563,5811712.43,-10
370572.4563,5811712.43,-10
370577.4563,5811712.43,-10
370582.4563,5811712.43,-10
370587.4563,5811712.43,-15
370592.4563,5811712.43,-15
370597.4563,5811712.43,-15
370602.4563,5811712.43,-15
370607.4563,5811712.43,-15
370612.4563,5811712.43,-15
370617.4563,5811712.43,-15
370622.4563,5811712.43,-15
370627.4563,5811712.43,-15
370632.4563,5811712.43,-15
370637.4563,5811712.43,-15
370642.4563,5811712.43,-15
370647.4563,5811712.43,-15
370652.4563,5811712.43,-15
370657.4563,5811712.43,-15
370662.4563,5811712.43,-15
370667.4563,5811712.43,-15
370672.4563,5811712.43,-15
370677.4563,5811712.43,-15
370682.4563,5811712.43,-15
370687.4563,5811712.43,-15
370692.4563,5811712.43,-15
370697.4563,5811712.43,-15
370702.4563,5811712.43,-15
370707.4563,5811712.43,-15
370712.4563,5811712.43,-15
370717.4563,5811712.43,-15
370722.4563,5811712.43,-20
370727.4563,5811712.43,-20
370732.4563,5811712.43,-20
370737.4563,5811712.43,-20
370742.4563,5811712.43,-20
370747.4563,5811712.43,-20
370752.4563,5811712.43,-20
370757.4563,5811712.43,-20
370762.4563,5811712.43,-20
370497.4563,5811707.43,-1
370502.4563,5811707.43,-1
370507.4563,5811707.43,-1
370512.4563,5811707.43,-1
370517.4563,5811707.43,-5
370522.4563,5811707.43,-5
370527.4563,5811707.43,-5
370532.4563,5811707.43,-5
370537.4563,5811707.43,-5
370542.4563,5811707.43,-10
370547.4563,5811707.43,-10
370552.4563,5811707.43,-10
370557.4563,5811707.43,-10
370562.4563,5811707.43,-10
370567.4563,5811707.43,-10
370572.4563,5811707.43,-10
370577.4563,5811707.43,-10
370582.4563,5811707.43,-10
370587.4563,5811707.43,-15
370592.4563,5811707.43,-15
370597.4563,5811707.43,-15
370602.4563,5811707.43,-15
370607.4563,5811707.43,-15
370612.4563,5811707.43,-15
370617.4563,5811707.43,-15
370622.4563,5811707.43,-15
370627.4563,5811707.43,-15
370632.4563,5811707.43,-15
370637.4563,5811707.43,-15
370642.4563,5811707.43,-15
370647.4563,5811707.43,-15
370652.4563,5811707.43,-15
370657.4563,5811707.43,-15
370662.4563,5811707.43,-15
370667.4563,5811707.43,-15
370672.4563,5811707.43,-15
370677.4563,5811707.43,-15
370682.4563,5811707.43,-15
370687.4563,5811707.43,-15
370692.4563,5811707.43,-15
370697.4563,5811707.43,-15
370702.4563,5811707.43,-15
370707.4563,5811707.43,-15
370712.4563,5811707.43,-15
370717.4563,5811707.43,-15
370722.4563,5811707.43,-15
370727.4563,5811707.43,-15
370732.4563,5811707.43,-20
370737.4563,5811707.43,-20
370742.4563,5811707.43,-20
370747.4563,5811707.43,-20
370752.4563,5811707.43,-20
370757.4563,5811707.43,-20
370762.4563,5811707.43,-20
370502.4563,5811702.43,-1
370507.4563,5811702.43,-1
370512.4563,5811702.43,-1
370517.4563,5811702.43,-1
370522.4563,5811702.43,-5
370527.4563,5811702.43,-5
370532.4563,5811702.43,-5
370537.4563,5811702.43,-5
370542.4563,5811702.43,-10
370547.4563,5811702.43,-10
370552.4563,5811702.43,-10
370557.4563,5811702.43,-10
370562.4563,5811702.43,-10
370567.4563,5811702.43,-10
370572.4563,5811702.43,-10
370577.4563,5811702.43,-10
370582.4563,5811702.43,-10
370587.4563,5811702.43,-15
370592.4563,5811702.43,-15
370597.4563,5811702.43,-15
370602.4563,5811702.43,-15
370607.4563,5811702.43,-15
370612.4563,5811702.43,-15
370617.4563,5811702.43,-15
370622.4563,5811702.43,-15
370627.4563,5811702.43,-15
370632.4563,5811702.43,-15
370637.4563,5811702.43,-15
370642.4563,5811702.43,-15
370647.4563,5811702.43,-15
370652.4563,5811702.43,-15
370657.4563,5811702.43,-15
370662.4563,5811702.43,-15
370667.4563,5811702.43,-15
370672.4563,5811702.43,-15
370677.4563,5811702.43,-15
370682.4563,5811702.43,-15
370687.4563,5811702.43,-15
370692.4563,5811702.43,-15
370697.4563,5811702.43,-15
370702.4563,5811702.43,-15
370707.4563,5811702.43,-15
370712.4563,5811702.43,-15
370717.4563,5811702.43,-15
370722.4563,5811702.43,-15
370727.4563,5811702.43,-15
370732.4563,5811702.43,-15
370737.4563,5811702.43,-20
370742.4563,5811702.43,-20
370747.4563,5811702.43,-20
370752.4563,5811702.43,-20
370757.4563,5811702.43,-20
370762.4563,5811702.43,-20
370507.4563,5811697.43,-1
370512.4563,5811697.43,-1
370517.4563,5811697.43,-1
370522.4563,5811697.43,-5
370527.4563,5811697.43,-5
370532.4563,5811697.43,-5
370537.4563,5811697.43,-5
370542.4563,5811697.43,-10
370547.4563,5811697.43,-10
370552.4563,5811697.43,-10
370557.4563,5811697.43,-10
370562.4563,5811697.43,-10
370567.4563,5811697.43,-10
370572.4563,5811697.43,-10
370577.4563,5811697.43,-10
370582.4563,5811697.43,-10
370587.4563,5811697.43,-10
370592.4563,5811697.43,-15
370597.4563,5811697.43,-15
370602.4563,5811697.43,-15
370607.4563,5811697.43,-15
370612.4563,5811697.43,-15
370617.4563,5811697.43,-15
370622.4563,5811697.43,-15
370627.4563,5811697.43,-15
370632.4563,5811697.43,-15
370637.4563,5811697.43,-15
370642.4563,5811697.43,-15
370647.4563,5811697.43,-15
370652.4563,5811697.43,-15
370657.4563,5811697.43,-15
370662.4563,5811697.43,-15
370667.4563,5811697.43,-15
370672.4563,5811697.43,-15
370677.4563,5811697.43,-15
370682.4563,5811697.43,-15
370687.4563,5811697.43,-15
370692.4563,5811697.43,-15
370697.4563,5811697.43,-15
370702.4563,5811697.43,-15
370707.4563,5811697.43,-15
370712.4563,5811697.43,-15
370717.4563,5811697.43,-15
370722.4563,5811697.43,-15
370727.4563,5811697.43,-15
370732.4563,5811697.43,-15
370737.4563,5811697.43,-15
370742.4563,5811697.43,-15
370747.4563,5811697.43,-15
370752.4563,5811697.43,-20
370757.4563,5811697.43,-20
370762.4563,5811697.43,-20
370512.4563,5811692.43,-1
370517.4563,5811692.43,-1
370522.4563,5811692.43,-5
370527.4563,5811692.43,-5
370532.4563,5811692.43,-5
370537.4563,5811692.43,-5
370542.4563,5811692.43,-10
370547.4563,5811692.43,-10
370552.4563,5811692.43,-10
370557.4563,5811692.43,-10
370562.4563,5811692.43,-10
370567.4563,5811692.43,-10
370572.4563,5811692.43,-10
370577.4563,5811692.43,-10
370582.4563,5811692.43,-10
370587.4563,5811692.43,-10
370592.4563,5811692.43,-10
370597.4563,5811692.43,-15
370602.4563,5811692.43,-15
370607.4563,5811692.43,-15
370612.4563,5811692.43,-15
370617.4563,5811692.43,-15
370622.4563,5811692.43,-15
370627.4563,5811692.43,-15
370632.4563,5811692.43,-15
370637.4563,5811692.43,-15
370642.4563,5811692.43,-15
370647.4563,5811692.43,-15
370652.4563,5811692.43,-15
370657.4563,5811692.43,-15
370662.4563,5811692.43,-15
370667.4563,5811692.43,-15
370672.4563,5811692.43,-15
370677.4563,5811692.43,-15
370682.4563,5811692.43,-15
370687.4563,5811692.43,-15
370692.4563,5811692.43,-15
370697.4563,5811692.43,-15
370702.4563,5811692.43,-15
370707.4563,5811692.43,-15
370712.4563,5811692.43,-15
370717.4563,5811692.43,-15
370722.4563,5811692.43,-15
370727.4563,5811692.43,-15
370732.4563,5811692.43,-15
370737.4563,5811692.43,-15
370742.4563,5811692.43,-15
370747.4563,5811692.43,-15
370512.4563,5811687.43,-1
370517.4563,5811687.43,-1
370522.4563,5811687.43,-5
370527.4563,5811687.43,-5
370532.4563,5811687.43,-5
370537.4563,5811687.43,-5
370542.4563,5811687.43,-10
370547.4563,5811687.43,-10
370552.4563,5811687.43,-10
370557.4563,5811687.43,-10
370562.4563,5811687.43,-10
370567.4563,5811687.43,-10
370572.4563,5811687.43,-10
370577.4563,5811687.43,-10
370582.4563,5811687.43,-10
370587.4563,5811687.43,-10
370592.4563,5811687.43,-10
370597.4563,5811687.43,-15
370602.4563,5811687.43,-15
370607.4563,5811687.43,-15
370612.4563,5811687.43,-15
370617.4563,5811687.43,-15
370622.4563,5811687.43,-15
370627.4563,5811687.43,-15
370632.4563,5811687.43,-15
370637.4563,5811687.43,-15
370642.4563,5811687.43,-15
370647.4563,5811687.43,-15
370652.4563,5811687.43,-15
370657.4563,5811687.43,-15
370662.4563,5811687.43,-15
370667.4563,5811687.43,-15
370672.4563,5811687.43,-15
370677.4563,5811687.43,-15
370682.4563,5811687.43,-15
370687.4563,5811687.43,-15
370692.4563,5811687.43,-15
370697.4563,5811687.43,-15
370702.4563,5811687.43,-15
370707.4563,5811687.43,-15
370712.4563,5811687.43,-15
370717.4563,5811687.43,-15
370722.4563,5811687.43,-15
370727.4563,5811687.43,-15
370732.4563,5811687.43,-15
370512.4563,5811682.43,-1
370517.4563,5811682.43,-1
370522.4563,5811682.43,-5
370527.4563,5811682.43,-5
370532.4563,5811682.43,-5
370537.4563,5811682.43,-5
370542.4563,5811682.43,-10
370547.4563,5811682.43,-10
370552.4563,5811682.43,-10
370557.4563,5811682.43,-10
370562.4563,5811682.43,-10
370567.4563,5811682.43,-10
370572.4563,5811682.43,-10
370577.4563,5811682.43,-10
370582.4563,5811682.43,-10
370587.4563,5811682.43,-10
370592.4563,5811682.43,-10
370597.4563,5811682.43,-15
370602.4563,5811682.43,-15
370607.4563,5811682.43,-15
370612.4563,5811682.43,-15
370617.4563,5811682.43,-15
370622.4563,5811682.43,-15
370627.4563,5811682.43,-15
370632.4563,5811682.43,-15
370637.4563,5811682.43,-15
370642.4563,5811682.43,-15
370647.4563,5811682.43,-15
370652.4563,5811682.43,-15
370657.4563,5811682.43,-15
370662.4563,5811682.43,-15
370667.4563,5811682.43,-15
370672.4563,5811682.43,-15
370677.4563,5811682.43,-15
370682.4563,5811682.43,-15
370687.4563,5811682.43,-15
370692.4563,5811682.43,-15
370697.4563,5811682.43,-15
370702.4563,5811682.43,-15
370707.4563,5811682.43,-15
370712.4563,5811682.43,-15
370512.4563,5811677.43,-1
370517.4563,5811677.43,-1
370522.4563,5811677.43,-5
370527.4563,5811677.43,-5
370532.4563,5811677.43,-5
370537.4563,5811677.43,-5
370542.4563,5811677.43,-10
370547.4563,5811677.43,-10
370552.4563,5811677.43,-10
370557.4563,5811677.43,-10
370562.4563,5811677.43,-10
370567.4563,5811677.43,-10
370572.4563,5811677.43,-10
370577.4563,5811677.43,-10
370582.4563,5811677.43,-10
370587.4563,5811677.43,-10
370592.4563,5811677.43,-10
370597.4563,5811677.43,-10
370602.4563,5811677.43,-15
370607.4563,5811677.43,-15
370612.4563,5811677.43,-15
370617.4563,5811677.43,-15
370622.4563,5811677.43,-15
370627.4563,5811677.43,-15
370632.4563,5811677.43,-15
370637.4563,5811677.43,-15
370642.4563,5811677.43,-15
370647.4563,5811677.43,-15
370652.4563,5811677.43,-15
370657.4563,5811677.43,-15
370662.4563,5811677.43,-15
370667.4563,5811677.43,-15
370672.4563,5811677.43,-15
370677.4563,5811677.43,-15
370682.4563,5811677.43,-15
370687.4563,5811677.43,-15
370692.4563,5811677.43,-15
370512.4563,5811672.43,-1
370517.4563,5811672.43,-1
370522.4563,5811672.43,-1
370527.4563,5811672.43,-5
370532.4563,5811672.43,-5
370537.4563,5811672.43,-5
370542.4563,5811672.43,-10
370547.4563,5811672.43,-10
370552.4563,5811672.43,-10
370557.4563,5811672.43,-10
370562.4563,5811672.43,-10
370567.4563,5811672.43,-10
370572.4563,5811672.43,-10
370577.4563,5811672.43,-10
370582.4563,5811672.43,-10
370587.4563,5811672.43,-10
370592.4563,5811672.43,-10
370597.4563,5811672.43,-10
370602.4563,5811672.43,-15
370607.4563,5811672.43,-15
370612.4563,5811672.43,-15
370617.4563,5811672.43,-15
370622.4563,5811672.43,-15
370627.4563,5811672.43,-15
370632.4563,5811672.43,-15
370637.4563,5811672.43,-15
370642.4563,5811672.43,-15
370647.4563,5811672.43,-15
370652.4563,5811672.43,-15
370657.4563,5811672.43,-15
370662.4563,5811672.43,-15
370667.4563,5811672.43,-15
370672.4563,5811672.43,-15
370677.4563,5811672.43,-15
370512.4563,5811667.43,-1
370517.4563,5811667.43,-1
370522.4563,5811667.43,-1
370527.4563,5811667.43,-5
370532.4563,5811667.43,-5
370537.4563,5811667.43,-5
370542.4563,5811667.43,-10
370547.4563,5811667.43,-10
370552.4563,5811667.43,-10
370557.4563,5811667.43,-10
370562.4563,5811667.43,-10
370567.4563,5811667.43,-10
370572.4563,5811667.43,-10
370577.4563,5811667.43,-10
370582.4563,5811667.43,-10
370587.4563,5811667.43,-10
370592.4563,5811667.43,-10
370597.4563,5811667.43,-10
370602.4563,5811667.43,-15
370607.4563,5811667.43,-15
370612.4563,5811667.43,-15
370617.4563,5811667.43,-15
370622.4563,5811667.43,-15
370627.4563,5811667.43,-15
370632.4563,5811667.43,-15
370637.4563,5811667.43,-15
370642.4563,5811667.43,-15
370647.4563,5811667.43,-15
370652.4563,5811667.43,-15
370657.4563,5811667.43,-15
370662.4563,5811667.43,-15
370517.4563,5811662.43,-1
370522.4563,5811662.43,-1
370527.4563,5811662.43,-5
370532.4563,5811662.43,-5
370537.4563,5811662.43,-5
370542.4563,5811662.43,-10
370547.4563,5811662.43,-10
370552.4563,5811662.43,-10
370557.4563,5811662.43,-10
370562.4563,5811662.43,-10
370567.4563,5811662.43,-10
370572.4563,5811662.43,-10
370577.4563,5811662.43,-10
370582.4563,5811662.43,-10
370587.4563,5811662.43,-10
370592.4563,5811662.43,-10
370597.4563,5811662.43,-10
370602.4563,5811662.43,-10
370607.4563,5811662.43,-15
370612.4563,5811662.43,-15
370617.4563,5811662.43,-15
370622.4563,5811662.43,-15
370627.4563,5811662.43,-15
370632.4563,5811662.43,-15
370637.4563,5811662.43,-15
370642.4563,5811662.43,-15
370647.4563,5811662.43,-15
370652.4563,5811662.43,-15
370517.4563,5811657.43,-1
370522.4563,5811657.43,-5
370527.4563,5811657.43,-5
370532.4563,5811657.43,-5
370537.4563,5811657.43,-5
370542.4563,5811657.43,-10
370547.4563,5811657.43,-10
370552.4563,5811657.43,-10
370557.4563,5811657.43,-10
370562.4563,5811657.43,-10
370567.4563,5811657.43,-10
370572.4563,5811657.43,-10
370577.4563,5811657.43,-10
370582.4563,5811657.43,-10
370587.4563,5811657.43,-10
370592.4563,5811657.43,-10
370597.4563,5811657.43,-10
370602.4563,5811657.43,-10
370607.4563,5811657.43,-10
370612.4563,5811657.43,-15
370617.4563,5811657.43,-15
370622.4563,5811657.43,-15
370627.4563,5811657.43,-15
370632.4563,5811657.43,-15
370637.4563,5811657.43,-15
370517.4563,5811652.43,-1
370522.4563,5811652.43,-5
370527.4563,5811652.43,-5
370532.4563,5811652.43,-5
370537.4563,5811652.43,-5
370542.4563,5811652.43,-5
370547.4563,5811652.43,-10
370552.4563,5811652.43,-10
370557.4563,5811652.43,-10
370562.4563,5811652.43,-10
370567.4563,5811652.43,-10
370572.4563,5811652.43,-10
370577.4563,5811652.43,-10
370582.4563,5811652.43,-10
370587.4563,5811652.43,-10
370592.4563,5811652.43,-10
370597.4563,5811652.43,-10
370602.4563,5811652.43,-10
370607.4563,5811652.43,-10
370612.4563,5811652.43,-15
370617.4563,5811652.43,-15
370622.4563,5811652.43,-15
370627.4563,5811652.43,-15
370512.4563,5811647.43,-1
370517.4563,5811647.43,-5
370522.4563,5811647.43,-5
370527.4563,5811647.43,-5
370532.4563,5811647.43,-5
370537.4563,5811647.43,-5
370542.4563,5811647.43,-5
370547.4563,5811647.43,-10
370552.4563,5811647.43,-10
370557.4563,5811647.43,-10
370562.4563,5811647.43,-10
370567.4563,5811647.43,-10
370572.4563,5811647.43,-10
370577.4563,5811647.43,-10
370582.4563,5811647.43,-10
370587.4563,5811647.43,-10
370592.4563,5811647.43,-10
370597.4563,5811647.43,-10
370602.4563,5811647.43,-10
370607.4563,5811647.43,-10
370612.4563,5811647.43,-10
370617.4563,5811647.43,-10
370502.4563,5811642.43,-1
370507.4563,5811642.43,-1
370512.4563,5811642.43,-1
370517.4563,5811642.43,-5
370522.4563,5811642.43,-5
370527.4563,5811642.43,-5
370532.4563,5811642.43,-5
370537.4563,5811642.43,-5
370542.4563,5811642.43,-5
370547.4563,5811642.43,-10
370552.4563,5811642.43,-10
370557.4563,5811642.43,-10
370562.4563,5811642.43,-10
370567.4563,5811642.43,-10
370572.4563,5811642.43,-10
370577.4563,5811642.43,-10
370582.4563,5811642.43,-10
370587.4563,5811642.43,-10
370592.4563,5811642.43,-10
370597.4563,5811642.43,-10
370602.4563,5811642.43,-10
370607.4563,5811642.43,-10
370612.4563,5811642.43,-10
370617.4563,5811642.43,-10
370492.4563,5811637.43,-1
370497.4563,5811637.43,-1
370502.4563,5811637.43,-1
370507.4563,5811637.43,-1
370512.4563,5811637.43,-5
370517.4563,5811637.43,-5
370522.4563,5811637.43,-5
370527.4563,5811637.43,-5
370532.4563,5811637.43,-5
370537.4563,5811637.43,-5
370542.4563,5811637.43,-10
370547.4563,5811637.43,-10
370552.4563,5811637.43,-10
370557.4563,5811637.43,-10
370562.4563,5811637.43,-10
370567.4563,5811637.43,-10
370572.4563,5811637.43,-10
370577.4563,5811637.43,-10
370582.4563,5811637.43,-10
370587.4563,5811637.43,-10
370592.4563,5811637.43,-10
370597.4563,5811637.43,-10
370602.4563,5811637.43,-10
370607.4563,5811637.43,-10
370612.4563,5811637.43,-10
370482.4563,5811632.43,-1
370487.4563,5811632.43,-1
370492.4563,5811632.43,-1
370497.4563,5811632.43,-1
370502.4563,5811632.43,-1
370507.4563,5811632.43,-5
370512.4563,5811632.43,-5
370517.4563,5811632.43,-5
370522.4563,5811632.43,-5
370527.4563,5811632.43,-5
370532.4563,5811632.43,-5
370537.4563,5811632.43,-5
370542.4563,5811632.43,-10
370547.4563,5811632.43,-10
370552.4563,5811632.43,-10
370557.4563,5811632.43,-10
370562.4563,5811632.43,-10
370567.4563,5811632.43,-10
370572.4563,5811632.43,-10
370577.4563,5811632.43,-10
370582.4563,5811632.43,-10
370587.4563,5811632.43,-10
370592.4563,5811632.43,-10
370597.4563,5811632.43,-10
370602.4563,5811632.43,-10
370607.4563,5811632.43,-10
370612.4563,5811632.43,-10
370467.4563,5811627.43,-1
370472.4563,5811627.43,-1
370477.4563,5811627.43,-1
370482.4563,5811627.43,-1
370487.4563,5811627.43,-1
370492.4563,5811627.43,-1
370497.4563,5811627.43,-1
370502.4563,5811627.43,-5
370507.4563,5811627.43,-5
370512.4563,5811627.43,-5
370517.4563,5811627.43,-5
370522.4563,5811627.43,-5
370527.4563,5811627.43,-5
370532.4563,5811627.43,-5
370537.4563,5811627.43,-10
370542.4563,5811627.43,-10
370547.4563,5811627.43,-10
370552.4563,5811627.43,-10
370557.4563,5811627.43,-10
370562.4563,5811627.43,-10
370567.4563,5811627.43,-10
370572.4563,5811627.43,-10
370577.4563,5811627.43,-10
370582.4563,5811627.43,-10
370587.4563,5811627.43,-10
370592.4563,5811627.43,-10
370597.4563,5811627.43,-10
370602.4563,5811627.43,-10
370607.4563,5811627.43,-10
370457.4563,5811622.43,-1
370462.4563,5811622.43,-1
370467.4563,5811622.43,-1
370472.4563,5811622.43,-1
370477.4563,5811622.43,-1
370482.4563,5811622.43,-1
370487.4563,5811622.43,-1
370492.4563,5811622.43,-5
370497.4563,5811622.43,-5
370502.4563,5811622.43,-5
370507.4563,5811622.43,-5
370512.4563,5811622.43,-5
370517.4563,5811622.43,-5
370522.4563,5811622.43,-5
370527.4563,5811622.43,-5
370532.4563,5811622.43,-10
370537.4563,5811622.43,-10
370542.4563,5811622.43,-10
370547.4563,5811622.43,-10
370552.4563,5811622.43,-10
370557.4563,5811622.43,-10
370562.4563,5811622.43,-10
370567.4563,5811622.43,-10
370572.4563,5811622.43,-10
370577.4563,5811622.43,-10
370582.4563,5811622.43,-10
370587.4563,5811622.43,-10
370592.4563,5811622.43,-10
370597.4563,5811622.43,-10
370602.4563,5811622.43,-10
370607.4563,5811622.43,-10
370442.4563,5811617.43,-1
370447.4563,5811617.43,-1
370452.4563,5811617.43,-1
370457.4563,5811617.43,-1
370462.4563,5811617.43,-1
370467.4563,5811617.43,-1
370472.4563,5811617.43,-5
370477.4563,5811617.43,-5
370482.4563,5811617.43,-5
370487.4563,5811617.43,-5
370492.4563,5811617.43,-5
370497.4563,5811617.43,-5
370502.4563,5811617.43,-5
370507.4563,5811617.43,-5
370512.4563,5811617.43,-5
370517.4563,5811617.43,-5
370522.4563,5811617.43,-5
370527.4563,5811617.43,-10
370532.4563,5811617.43,-10
370537.4563,5811617.43,-10
370542.4563,5811617.43,-10
370547.4563,5811617.43,-10
370552.4563,5811617.43,-10
370557.4563,5811617.43,-10
370562.4563,5811617.43,-10
370567.4563,5811617.43,-10
370572.4563,5811617.43,-10
370577.4563,5811617.43,-10
370582.4563,5811617.43,-10
370587.4563,5811617.43,-10
370592.4563,5811617.43,-10
370597.4563,5811617.43,-10
370602.4563,5811617.43,-10
370432.4563,5811612.43,-1
370437.4563,5811612.43,-1
370442.4563,5811612.43,-1
370447.4563,5811612.43,-1
370452.4563,5811612.43,-5
370457.4563,5811612.43,-5
370462.4563,5811612.43,-5
370467.4563,5811612.43,-5
370472.4563,5811612.43,-5
370477.4563,5811612.43,-5
370482.4563,5811612.43,-5
370487.4563,5811612.43,-5
370492.4563,5811612.43,-5
370497.4563,5811612.43,-5
370502.4563,5811612.43,-5
370507.4563,5811612.43,-10
370512.4563,5811612.43,-10
370517.4563,5811612.43,-10
370522.4563,5811612.43,-10
370527.4563,5811612.43,-10
370532.4563,5811612.43,-10
370537.4563,5811612.43,-10
370542.4563,5811612.43,-10
370547.4563,5811612.43,-10
370552.4563,5811612.43,-10
370557.4563,5811612.43,-10
370562.4563,5811612.43,-10
370567.4563,5811612.43,-10
370572.4563,5811612.43,-10
370577.4563,5811612.43,-10
370582.4563,5811612.43,-10
370587.4563,5811612.43,-10
370592.4563,5811612.43,-10
370597.4563,5811612.43,-10
370602.4563,5811612.43,-10
370427.4563,5811607.43,-1
370432.4563,5811607.43,-1
370437.4563,5811607.43,-1
370442.4563,5811607.43,-5
370447.4563,5811607.43,-5
370452.4563,5811607.43,-5
370457.4563,5811607.43,-5
370462.4563,5811607.43,-5
370467.4563,5811607.43,-5
370472.4563,5811607.43,-5
370477.4563,5811607.43,-10
370482.4563,5811607.43,-10
370487.4563,5811607.43,-10
370492.4563,5811607.43,-10
370497.4563,5811607.43,-10
370502.4563,5811607.43,-10
370507.4563,5811607.43,-10
370512.4563,5811607.43,-10
370517.4563,5811607.43,-10
370522.4563,5811607.43,-10
370527.4563,5811607.43,-10
370532.4563,5811607.43,-10
370537.4563,5811607.43,-10
370542.4563,5811607.43,-10
370547.4563,5811607.43,-10
370552.4563,5811607.43,-10
370557.4563,5811607.43,-10
370562.4563,5811607.43,-10
370567.4563,5811607.43,-10
370572.4563,5811607.43,-10
370577.4563,5811607.43,-10
370582.4563,5811607.43,-10
370587.4563,5811607.43,-10
370592.4563,5811607.43,-10
370597.4563,5811607.43,-10
370422.4563,5811602.43,-1
370427.4563,5811602.43,-1
370432.4563,5811602.43,-1
370437.4563,5811602.43,-1
370442.4563,5811602.43,-5
370447.4563,5811602.43,-5
370452.4563,5811602.43,-5
370457.4563,5811602.43,-5
370462.4563,5811602.43,-5
370467.4563,5811602.43,-10
370472.4563,5811602.43,-10
370477.4563,5811602.43,-10
370482.4563,5811602.43,-10
370487.4563,5811602.43,-10
370492.4563,5811602.43,-10
370497.4563,5811602.43,-10
370502.4563,5811602.43,-10
370507.4563,5811602.43,-10
370512.4563,5811602.43,-10
370517.4563,5811602.43,-10
370522.4563,5811602.43,-10
370527.4563,5811602.43,-10
370532.4563,5811602.43,-10
370537.4563,5811602.43,-10
370542.4563,5811602.43,-10
370547.4563,5811602.43,-10
370552.4563,5811602.43,-10
370557.4563,5811602.43,-10
370562.4563,5811602.43,-10
370567.4563,5811602.43,-10
370572.4563,5811602.43,-10
370577.4563,5811602.43,-10
370582.4563,5811602.43,-10
370587.4563,5811602.43,-10
370592.4563,5811602.43,-10
370597.4563,5811602.43,-10
370417.4563,5811597.43,-1
370422.4563,5811597.43,-1
370427.4563,5811597.43,-1
370432.4563,5811597.43,-1
370437.4563,5811597.43,-5
370442.4563,5811597.43,-5
370447.4563,5811597.43,-5
370452.4563,5811597.43,-5
370457.4563,5811597.43,-10
370462.4563,5811597.43,-10
370467.4563,5811597.43,-10
370472.4563,5811597.43,-10
370477.4563,5811597.43,-10
370482.4563,5811597.43,-10
370487.4563,5811597.43,-10
370492.4563,5811597.43,-10
370497.4563,5811597.43,-10
370502.4563,5811597.43,-10
370507.4563,5811597.43,-10
370512.4563,5811597.43,-10
370517.4563,5811597.43,-10
370522.4563,5811597.43,-10
370527.4563,5811597.43,-10
370532.4563,5811597.43,-10
370537.4563,5811597.43,-10
370542.4563,5811597.43,-10
370547.4563,5811597.43,-10
370552.4563,5811597.43,-10
370557.4563,5811597.43,-10
370562.4563,5811597.43,-10
370567.4563,5811597.43,-10
370572.4563,5811597.43,-10
370577.4563,5811597.43,-10
370582.4563,5811597.43,-10
370587.4563,5811597.43,-10
370592.4563,5811597.43,-10
370412.4563,5811592.43,-1
370417.4563,5811592.43,-1
370422.4563,5811592.43,-1
370427.4563,5811592.43,-5
370432.4563,5811592.43,-5
370437.4563,5811592.43,-5
370442.4563,5811592.43,-5
370447.4563,5811592.43,-10
370452.4563,5811592.43,-10
370457.4563,5811592.43,-10
370462.4563,5811592.43,-10
370467.4563,5811592.43,-10
370472.4563,5811592.43,-10
370477.4563,5811592.43,-10
370482.4563,5811592.43,-10
370487.4563,5811592.43,-10
370492.4563,5811592.43,-10
370497.4563,5811592.43,-10
370502.4563,5811592.43,-10
370507.4563,5811592.43,-10
370512.4563,5811592.43,-10
370517.4563,5811592.43,-10
370522.4563,5811592.43,-10
370527.4563,5811592.43,-10
370532.4563,5811592.43,-10
370537.4563,5811592.43,-10
370542.4563,5811592.43,-10
370547.4563,5811592.43,-10
370552.4563,5811592.43,-10
370557.4563,5811592.43,-10
370562.4563,5811592.43,-10
370567.4563,5811592.43,-10
370572.4563,5811592.43,-10
370577.4563,5811592.43,-10
370582.4563,5811592.43,-10
370587.4563,5811592.43,-10
370592.4563,5811592.43,-10
370407.4563,5811587.43,-1
370412.4563,5811587.43,-1
370417.4563,5811587.43,-1
370422.4563,5811587.43,-5
370427.4563,5811587.43,-5
370432.4563,5811587.43,-5
370437.4563,5811587.43,-5
370442.4563,5811587.43,-10
370447.4563,5811587.43,-10
370452.4563,5811587.43,-10
370457.4563,5811587.43,-10
370462.4563,5811587.43,-10
370467.4563,5811587.43,-10
370472.4563,5811587.43,-10
370477.4563,5811587.43,-10
370482.4563,5811587.43,-10
370487.4563,5811587.43,-10
370492.4563,5811587.43,-10
370497.4563,5811587.43,-10
370502.4563,5811587.43,-10
370507.4563,5811587.43,-10
370512.4563,5811587.43,-10
370517.4563,5811587.43,-10
370522.4563,5811587.43,-10
370527.4563,5811587.43,-10
370532.4563,5811587.43,-10
370537.4563,5811587.43,-10
370542.4563,5811587.43,-10
370547.4563,5811587.43,-10
370552.4563,5811587.43,-10
370557.4563,5811587.43,-10
370562.4563,5811587.43,-10
370567.4563,5811587.43,-10
370572.4563,5811587.43,-10
370577.4563,5811587.43,-10
370582.4563,5811587.43,-10
370587.4563,5811587.43,-10
370402.4563,5811582.43,-1
370407.4563,5811582.43,-1
370412.4563,5811582.43,-1
370417.4563,5811582.43,-5
370422.4563,5811582.43,-5
370427.4563,5811582.43,-5
370432.4563,5811582.43,-5
370437.4563,5811582.43,-10
370442.4563,5811582.43,-10
370447.4563,5811582.43,-10
370452.4563,5811582.43,-10
370457.4563,5811582.43,-10
370462.4563,5811582.43,-10
370467.4563,5811582.43,-10
370472.4563,5811582.43,-10
370477.4563,5811582.43,-10
370482.4563,5811582.43,-10
370487.4563,5811582.43,-15
370492.4563,5811582.43,-15
370497.4563,5811582.43,-15
370502.4563,5811582.43,-15
370507.4563,5811582.43,-15
370512.4563,5811582.43,-10
370517.4563,5811582.43,-10
370522.4563,5811582.43,-10
370527.4563,5811582.43,-10
370532.4563,5811582.43,-10
370537.4563,5811582.43,-10
370542.4563,5811582.43,-10
370547.4563,5811582.43,-10
370552.4563,5811582.43,-10
370557.4563,5811582.43,-10
370562.4563,5811582.43,-10
370567.4563,5811582.43,-10
370572.4563,5811582.43,-10
370577.4563,5811582.43,-10
370582.4563,5811582.43,-10
370587.4563,5811582.43,-10
370397.4563,5811577.43,-1
370402.4563,5811577.43,-1
370407.4563,5811577.43,-1
370412.4563,5811577.43,-5
370417.4563,5811577.43,-5
370422.4563,5811577.43,-5
370427.4563,5811577.43,-5
370432.4563,5811577.43,-10
370437.4563,5811577.43,-10
370442.4563,5811577.43,-10
370447.4563,5811577.43,-10
370452.4563,5811577.43,-10
370457.4563,5811577.43,-10
370462.4563,5811577.43,-10
370467.4563,5811577.43,-10
370472.4563,5811577.43,-10
370477.4563,5811577.43,-15
370482.4563,5811577.43,-15
370487.4563,5811577.43,-15
370492.4563,5811577.43,-15
370497.4563,5811577.43,-15
370502.4563,5811577.43,-15
370507.4563,5811577.43,-15
370512.4563,5811577.43,-15
370517.4563,5811577.43,-10
370522.4563,5811577.43,-10
370527.4563,5811577.43,-10
370532.4563,5811577.43,-10
370537.4563,5811577.43,-10
370542.4563,5811577.43,-10
370547.4563,5811577.43,-10
370552.4563,5811577.43,-10
370557.4563,5811577.43,-10
370562.4563,5811577.43,-10
370567.4563,5811577.43,-10
370572.4563,5811577.43,-10
370577.4563,5811577.43,-10
370582.4563,5811577.43,-10
370587.4563,5811577.43,-10
370392.4563,5811572.43,-1
370397.4563,5811572.43,-1
370402.4563,5811572.43,-1
370407.4563,5811572.43,-1
370412.4563,5811572.43,-5
370417.4563,5811572.43,-5
370422.4563,5811572.43,-5
370427.4563,5811572.43,-10
370432.4563,5811572.43,-10
370437.4563,5811572.43,-10
370442.4563,5811572.43,-10
370447.4563,5811572.43,-10
370452.4563,5811572.43,-10
370457.4563,5811572.43,-10
370462.4563,5811572.43,-15
370467.4563,5811572.43,-15
370472.4563,5811572.43,-15
370477.4563,5811572.43,-15
370482.4563,5811572.43,-15
370487.4563,5811572.43,-15
370492.4563,5811572.43,-15
370497.4563,5811572.43,-15
370502.4563,5811572.43,-15
370507.4563,5811572.43,-15
370512.4563,5811572.43,-15
370517.4563,5811572.43,-10
370522.4563,5811572.43,-10
370527.4563,5811572.43,-10
370532.4563,5811572.43,-10
370537.4563,5811572.43,-10
370542.4563,5811572.43,-10
370547.4563,5811572.43,-10
370552.4563,5811572.43,-10
370557.4563,5811572.43,-10
370562.4563,5811572.43,-10
370567.4563,5811572.43,-10
370572.4563,5811572.43,-10
370577.4563,5811572.43,-10
370582.4563,5811572.43,-10
370392.4563,5811567.43,-1
370397.4563,5811567.43,-1
370402.4563,5811567.43,-1
370407.4563,5811567.43,-5
370412.4563,5811567.43,-5
370417.4563,5811567.43,-5
370422.4563,5811567.43,-10
370427.4563,5811567.43,-10
370432.4563,5811567.43,-10
370437.4563,5811567.43,-10
370442.4563,5811567.43,-10
370447.4563,5811567.43,-10
370452.4563,5811567.43,-10
370457.4563,5811567.43,-10
370462.4563,5811567.43,-10
370467.4563,5811567.43,-15
370472.4563,5811567.43,-15
370477.4563,5811567.43,-15
370482.4563,5811567.43,-15
370487.4563,5811567.43,-15
370492.4563,5811567.43,-15
370497.4563,5811567.43,-15
370502.4563,5811567.43,-15
370507.4563,5811567.43,-15
370512.4563,5811567.43,-15
370517.4563,5811567.43,-10
370522.4563,5811567.43,-10
370527.4563,5811567.43,-10
370532.4563,5811567.43,-10
370537.4563,5811567.43,-10
370542.4563,5811567.43,-10
370547.4563,5811567.43,-10
370552.4563,5811567.43,-10
370557.4563,5811567.43,-10
370562.4563,5811567.43,-10
370567.4563,5811567.43,-10
370572.4563,5811567.43,-10
370577.4563,5811567.43,-10
370582.4563,5811567.43,-10
370387.4563,5811562.43,-1
370392.4563,5811562.43,-1
370397.4563,5811562.43,-1
370402.4563,5811562.43,-1
370407.4563,5811562.43,-5
370412.4563,5811562.43,-5
370417.4563,5811562.43,-5
370422.4563,5811562.43,-10
370427.4563,5811562.43,-10
370432.4563,5811562.43,-10
370437.4563,5811562.43,-10
370442.4563,5811562.43,-10
370447.4563,5811562.43,-10
370452.4563,5811562.43,-10
370457.4563,5811562.43,-10
370462.4563,5811562.43,-10
370467.4563,5811562.43,-15
370472.4563,5811562.43,-15
370477.4563,5811562.43,-15
370482.4563,5811562.43,-15
370487.4563,5811562.43,-15
370492.4563,5811562.43,-15
370497.4563,5811562.43,-15
370502.4563,5811562.43,-15
370507.4563,5811562.43,-15
370512.4563,5811562.43,-15
370517.4563,5811562.43,-15
370522.4563,5811562.43,-10
370527.4563,5811562.43,-10
370532.4563,5811562.43,-10
370537.4563,5811562.43,-10
370542.4563,5811562.43,-10
370547.4563,5811562.43,-10
370552.4563,5811562.43,-10
370557.4563,5811562.43,-10
370562.4563,5811562.43,-10
370567.4563,5811562.43,-10
370572.4563,5811562.43,-10
370577.4563,5811562.43,-10
370382.4563,5811557.43,-1
370387.4563,5811557.43,-1
370392.4563,5811557.43,-1
370397.4563,5811557.43,-1
370402.4563,5811557.43,-1
370407.4563,5811557.43,-5
370412.4563,5811557.43,-5
370417.4563,5811557.43,-5
370422.4563,5811557.43,-10
370427.4563,5811557.43,-10
370432.4563,5811557.43,-10
370437.4563,5811557.43,-10
370442.4563,5811557.43,-10
370447.4563,5811557.43,-10
370452.4563,5811557.43,-10
370457.4563,5811557.43,-10
370462.4563,5811557.43,-10
370467.4563,5811557.43,-15
370472.4563,5811557.43,-15
370477.4563,5811557.43,-15
370482.4563,5811557.43,-15
370487.4563,5811557.43,-15
370492.4563,5811557.43,-15
370497.4563,5811557.43,-15
370502.4563,5811557.43,-15
370507.4563,5811557.43,-15
370512.4563,5811557.43,-15
370517.4563,5811557.43,-15
370522.4563,5811557.43,-10
370527.4563,5811557.43,-10
370532.4563,5811557.43,-10
370537.4563,5811557.43,-10
370542.4563,5811557.43,-10
370547.4563,5811557.43,-10
370552.4563,5811557.43,-10
370557.4563,5811557.43,-10
370562.4563,5811557.43,-10
370567.4563,5811557.43,-10
370572.4563,5811557.43,-10
370577.4563,5811557.43,-10
370377.4563,5811552.43,-1
370382.4563,5811552.43,-1
370387.4563,5811552.43,-1
370392.4563,5811552.43,-1
370397.4563,5811552.43,-1
370402.4563,5811552.43,-1
370407.4563,5811552.43,-5
370412.4563,5811552.43,-5
370417.4563,5811552.43,-5
370422.4563,5811552.43,-5
370427.4563,5811552.43,-10
370432.4563,5811552.43,-10
370437.4563,5811552.43,-10
370442.4563,5811552.43,-10
370447.4563,5811552.43,-10
370452.4563,5811552.43,-10
370457.4563,5811552.43,-10
370462.4563,5811552.43,-10
370467.4563,5811552.43,-10
370472.4563,5811552.43,-15
370477.4563,5811552.43,-15
370482.4563,5811552.43,-15
370487.4563,5811552.43,-15
370492.4563,5811552.43,-15
370497.4563,5811552.43,-15
370502.4563,5811552.43,-15
370507.4563,5811552.43,-15
370512.4563,5811552.43,-15
370517.4563,5811552.43,-15
370522.4563,5811552.43,-15
370527.4563,5811552.43,-10
370532.4563,5811552.43,-10
370537.4563,5811552.43,-10
370542.4563,5811552.43,-10
370547.4563,5811552.43,-10
370552.4563,5811552.43,-10
370557.4563,5811552.43,-10
370562.4563,5811552.43,-10
370567.4563,5811552.43,-10
370572.4563,5811552.43,-10
370377.4563,5811547.43,-1
370382.4563,5811547.43,-1
370387.4563,5811547.43,-1
370392.4563,5811547.43,-1
370397.4563,5811547.43,-1
370402.4563,5811547.43,-5
370407.4563,5811547.43,-5
370412.4563,5811547.43,-5
370417.4563,5811547.43,-5
370422.4563,5811547.43,-5
370427.4563,5811547.43,-5
370432.4563,5811547.43,-10
370437.4563,5811547.43,-10
370442.4563,5811547.43,-10
370447.4563,5811547.43,-10
370452.4563,5811547.43,-10
370457.4563,5811547.43,-10
370462.4563,5811547.43,-10
370467.4563,5811547.43,-10
370472.4563,5811547.43,-15
370477.4563,5811547.43,-15
370482.4563,5811547.43,-15
370487.4563,5811547.43,-15
370492.4563,5811547.43,-15
370497.4563,5811547.43,-15
370502.4563,5811547.43,-15
370507.4563,5811547.43,-15
370512.4563,5811547.43,-15
370517.4563,5811547.43,-15
370522.4563,5811547.43,-15
370527.4563,5811547.43,-10
370532.4563,5811547.43,-10
370537.4563,5811547.43,-10
370542.4563,5811547.43,-10
370547.4563,5811547.43,-10
370552.4563,5811547.43,-10
370557.4563,5811547.43,-10
370562.4563,5811547.43,-10
370567.4563,5811547.43,-10
370572.4563,5811547.43,-10
370372.4563,5811542.43,-1
370377.4563,5811542.43,-1
370382.4563,5811542.43,-1
370387.4563,5811542.43,-1
370392.4563,5811542.43,-1
370397.4563,5811542.43,-5
370402.4563,5811542.43,-5
370407.4563,5811542.43,-5
370412.4563,5811542.43,-5
370417.4563,5811542.43,-5
370422.4563,5811542.43,-5
370427.4563,5811542.43,-5
370432.4563,5811542.43,-10
370437.4563,5811542.43,-10
370442.4563,5811542.43,-10
370447.4563,5811542.43,-10
370452.4563,5811542.43,-10
370457.4563,5811542.43,-10
370462.4563,5811542.43,-10
370467.4563,5811542.43,-15
370472.4563,5811542.43,-15
370477.4563,5811542.43,-15
370482.4563,5811542.43,-15
370487.4563,5811542.43,-15
370492.4563,5811542.43,-15
370497.4563,5811542.43,-15
370502.4563,5811542.43,-15
370507.4563,5811542.43,-15
370512.4563,5811542.43,-15
370517.4563,5811542.43,-15
370522.4563,5811542.43,-15
370527.4563,5811542.43,-10
370532.4563,5811542.43,-10
370537.4563,5811542.43,-10
370542.4563,5811542.43,-10
370547.4563,5811542.43,-10
370552.4563,5811542.43,-10
370557.4563,5811542.43,-10
370562.4563,5811542.43,-10
370567.4563,5811542.43,-10
370367.4563,5811537.43,-1
370372.4563,5811537.43,-1
370377.4563,5811537.43,-1
370382.4563,5811537.43,-1
370387.4563,5811537.43,-1
370392.4563,5811537.43,-5
370397.4563,5811537.43,-5
370402.4563,5811537.43,-5
370407.4563,5811537.43,-5
370412.4563,5811537.43,-5
370417.4563,5811537.43,-5
370422.4563,5811537.43,-5
370427.4563,5811537.43,-5
370432.4563,5811537.43,-10
370437.4563,5811537.43,-10
370442.4563,5811537.43,-10
370447.4563,5811537.43,-10
370452.4563,5811537.43,-10
370457.4563,5811537.43,-10
370462.4563,5811537.43,-10
370467.4563,5811537.43,-15
370472.4563,5811537.43,-15
370477.4563,5811537.43,-15
370482.4563,5811537.43,-15
370487.4563,5811537.43,-15
370492.4563,5811537.43,-15
370497.4563,5811537.43,-15
370502.4563,5811537.43,-15
370507.4563,5811537.43,-15
370512.4563,5811537.43,-15
370517.4563,5811537.43,-15
370522.4563,5811537.43,-15
370527.4563,5811537.43,-15
370532.4563,5811537.43,-10
370537.4563,5811537.43,-10
370542.4563,5811537.43,-10
370547.4563,5811537.43,-10
370552.4563,5811537.43,-10
370557.4563,5811537.43,-10
370562.4563,5811537.43,-10
370567.4563,5811537.43,-10
370367.4563,5811532.43,-1
370372.4563,5811532.43,-1
370377.4563,5811532.43,-1
370382.4563,5811532.43,-1
370387.4563,5811532.43,-5
370392.4563,5811532.43,-5
370397.4563,5811532.43,-5
370402.4563,5811532.43,-5
370407.4563,5811532.43,-5
370412.4563,5811532.43,-5
370417.4563,5811532.43,-5
370422.4563,5811532.43,-5
370427.4563,5811532.43,-5
370432.4563,5811532.43,-10
370437.4563,5811532.43,-10
370442.4563,5811532.43,-10
370447.4563,5811532.43,-10
370452.4563,5811532.43,-10
370457.4563,5811532.43,-10
370462.4563,5811532.43,-15
370467.4563,5811532.43,-15
370472.4563,5811532.43,-15
370477.4563,5811532.43,-15
370482.4563,5811532.43,-15
370487.4563,5811532.43,-15
370492.4563,5811532.43,-15
370497.4563,5811532.43,-15
370502.4563,5811532.43,-15
370507.4563,5811532.43,-15
370512.4563,5811532.43,-15
370517.4563,5811532.43,-15
370522.4563,5811532.43,-15
370527.4563,5811532.43,-15
370532.4563,5811532.43,-10
370537.4563,5811532.43,-10
370542.4563,5811532.43,-10
370547.4563,5811532.43,-10
370552.4563,5811532.43,-10
370557.4563,5811532.43,-10
370562.4563,5811532.43,-10
370362.4563,5811527.43,-1
370367.4563,5811527.43,-1
370372.4563,5811527.43,-1
370377.4563,5811527.43,-1
370382.4563,5811527.43,-5
370387.4563,5811527.43,-5
370392.4563,5811527.43,-5
370397.4563,5811527.43,-5
370402.4563,5811527.43,-5
370407.4563,5811527.43,-5
370412.4563,5811527.43,-5
370417.4563,5811527.43,-5
370422.4563,5811527.43,-5
370427.4563,5811527.43,-10
370432.4563,5811527.43,-10
370437.4563,5811527.43,-10
370442.4563,5811527.43,-10
370447.4563,5811527.43,-10
370452.4563,5811527.43,-10
370457.4563,5811527.43,-15
370462.4563,5811527.43,-15
370467.4563,5811527.43,-15
370472.4563,5811527.43,-15
370477.4563,5811527.43,-15
370482.4563,5811527.43,-15
370487.4563,5811527.43,-15
370492.4563,5811527.43,-15
370497.4563,5811527.43,-15
370502.4563,5811527.43,-15
370507.4563,5811527.43,-15
370512.4563,5811527.43,-15
370517.4563,5811527.43,-15
370522.4563,5811527.43,-15
370527.4563,5811527.43,-15
370532.4563,5811527.43,-15
370537.4563,5811527.43,-10
370542.4563,5811527.43,-10
370547.4563,5811527.43,-10
370552.4563,5811527.43,-10
370557.4563,5811527.43,-10
370562.4563,5811527.43,-10
370357.4563,5811522.43,-1
370362.4563,5811522.43,-1
370367.4563,5811522.43,-1
370372.4563,5811522.43,-1
370377.4563,5811522.43,-5
370382.4563,5811522.43,-5
370387.4563,5811522.43,-5
370392.4563,5811522.43,-5
370397.4563,5811522.43,-5
370402.4563,5811522.43,-5
370407.4563,5811522.43,-5
370412.4563,5811522.43,-5
370417.4563,5811522.43,-10
370422.4563,5811522.43,-10
370427.4563,5811522.43,-10
370432.4563,5811522.43,-10
370437.4563,5811522.43,-10
370442.4563,5811522.43,-10
370447.4563,5811522.43,-10
370452.4563,5811522.43,-15
370457.4563,5811522.43,-15
370462.4563,5811522.43,-15
370467.4563,5811522.43,-15
370472.4563,5811522.43,-15
370477.4563,5811522.43,-15
370482.4563,5811522.43,-15
370487.4563,5811522.43,-15
370492.4563,5811522.43,-15
370497.4563,5811522.43,-15
370502.4563,5811522.43,-15
370507.4563,5811522.43,-15
370512.4563,5811522.43,-15
370517.4563,5811522.43,-15
370522.4563,5811522.43,-15
370527.4563,5811522.43,-15
370532.4563,5811522.43,-15
370537.4563,5811522.43,-15
370542.4563,5811522.43,-10
370547.4563,5811522.43,-10
370552.4563,5811522.43,-10
370557.4563,5811522.43,-10
370357.4563,5811517.43,-1
370362.4563,5811517.43,-1
370367.4563,5811517.43,-1
370372.4563,5811517.43,-1
370377.4563,5811517.43,-5
370382.4563,5811517.43,-5
370387.4563,5811517.43,-5
370392.4563,5811517.43,-5
370397.4563,5811517.43,-5
370402.4563,5811517.43,-10
370407.4563,5811517.43,-10
370412.4563,5811517.43,-10
370417.4563,5811517.43,-10
370422.4563,5811517.43,-10
370427.4563,5811517.43,-10
370432.4563,5811517.43,-10
370437.4563,5811517.43,-10
370442.4563,5811517.43,-10
370447.4563,5811517.43,-15
370452.4563,5811517.43,-15
370457.4563,5811517.43,-15
370462.4563,5811517.43,-15
370467.4563,5811517.43,-15
370472.4563,5811517.43,-15
370477.4563,5811517.43,-15
370482.4563,5811517.43,-15
370487.4563,5811517.43,-15
370492.4563,5811517.43,-15
370497.4563,5811517.43,-15
370502.4563,5811517.43,-15
370507.4563,5811517.43,-15
370512.4563,5811517.43,-15
370517.4563,5811517.43,-15
370522.4563,5811517.43,-15
370527.4563,5811517.43,-15
370532.4563,5811517.43,-15
370537.4563,5811517.43,-15
370542.4563,5811517.43,-15
370547.4563,5811517.43,-15
370552.4563,5811517.43,-10
370557.4563,5811517.43,-10
370352.4563,5811512.43,-1
370357.4563,5811512.43,-1
370362.4563,5811512.43,-1
370367.4563,5811512.43,-1
370372.4563,5811512.43,-5
370377.4563,5811512.43,-5
370382.4563,5811512.43,-5
370387.4563,5811512.43,-5
370392.4563,5811512.43,-5
370397.4563,5811512.43,-10
370402.4563,5811512.43,-10
370407.4563,5811512.43,-10
370412.4563,5811512.43,-10
370417.4563,5811512.43,-10
370422.4563,5811512.43,-10
370427.4563,5811512.43,-10
370432.4563,5811512.43,-10
370437.4563,5811512.43,-10
370442.4563,5811512.43,-15
370447.4563,5811512.43,-15
370452.4563,5811512.43,-15
370457.4563,5811512.43,-15
370462.4563,5811512.43,-15
370467.4563,5811512.43,-15
370472.4563,5811512.43,-15
370477.4563,5811512.43,-15
370482.4563,5811512.43,-15
370487.4563,5811512.43,-15
370492.4563,5811512.43,-15
370497.4563,5811512.43,-15
370502.4563,5811512.43,-15
370507.4563,5811512.43,-15
370512.4563,5811512.43,-15
370517.4563,5811512.43,-15
370522.4563,5811512.43,-15
370527.4563,5811512.43,-15
370532.4563,5811512.43,-15
370537.4563,5811512.43,-15
370542.4563,5811512.43,-15
370547.4563,5811512.43,-15
370552.4563,5811512.43,-15
370352.4563,5811507.43,-1
370357.4563,5811507.43,-1
370362.4563,5811507.43,-1
370367.4563,5811507.43,-1
370372.4563,5811507.43,-5
370377.4563,5811507.43,-5
370382.4563,5811507.43,-5
370387.4563,5811507.43,-5
370392.4563,5811507.43,-10
370397.4563,5811507.43,-10
370402.4563,5811507.43,-10
370407.4563,5811507.43,-10
370412.4563,5811507.43,-10
370417.4563,5811507.43,-10
370422.4563,5811507.43,-15
370427.4563,5811507.43,-15
370432.4563,5811507.43,-15
370437.4563,5811507.43,-15
370442.4563,5811507.43,-15
370447.4563,5811507.43,-15
370452.4563,5811507.43,-15
370457.4563,5811507.43,-15
370462.4563,5811507.43,-15
370467.4563,5811507.43,-15
370472.4563,5811507.43,-15
370477.4563,5811507.43,-15
370482.4563,5811507.43,-15
370487.4563,5811507.43,-15
370492.4563,5811507.43,-15
370497.4563,5811507.43,-15
370502.4563,5811507.43,-15
370507.4563,5811507.43,-15
370512.4563,5811507.43,-15
370517.4563,5811507.43,-15
370522.4563,5811507.43,-15
370527.4563,5811507.43,-15
370532.4563,5811507.43,-15
370537.4563,5811507.43,-15
370542.4563,5811507.43,-15
370547.4563,5811507.43,-15
370352.4563,5811502.43,-1
370357.4563,5811502.43,-1
370362.4563,5811502.43,-1
370367.4563,5811502.43,-5
370372.4563,5811502.43,-5
370377.4563,5811502.43,-5
370382.4563,5811502.43,-5
370387.4563,5811502.43,-10
370392.4563,5811502.43,-10
370397.4563,5811502.43,-10
370402.4563,5811502.43,-10
370407.4563,5811502.43,-10
370412.4563,5811502.43,-15
370417.4563,5811502.43,-15
370422.4563,5811502.43,-15
370427.4563,5811502.43,-15
370432.4563,5811502.43,-15
370437.4563,5811502.43,-15
370442.4563,5811502.43,-15
370447.4563,5811502.43,-15
370452.4563,5811502.43,-15
370457.4563,5811502.43,-15
370462.4563,5811502.43,-15
370467.4563,5811502.43,-15
370472.4563,5811502.43,-15
370477.4563,5811502.43,-15
370482.4563,5811502.43,-15
370487.4563,5811502.43,-15
370492.4563,5811502.43,-15
370497.4563,5811502.43,-15
370502.4563,5811502.43,-15
370507.4563,5811502.43,-15
370512.4563,5811502.43,-15
370517.4563,5811502.43,-15
370522.4563,5811502.43,-15
370527.4563,5811502.43,-15
370532.4563,5811502.43,-15
370537.4563,5811502.43,-15
370542.4563,5811502.43,-15
370352.4563,5811497.43,-1
370357.4563,5811497.43,-1
370362.4563,5811497.43,-1
370367.4563,5811497.43,-5
370372.4563,5811497.43,-5
370377.4563,5811497.43,-5
370382.4563,5811497.43,-5
370387.4563,5811497.43,-10
370392.4563,5811497.43,-10
370397.4563,5811497.43,-10
370402.4563,5811497.43,-10
370407.4563,5811497.43,-15
370412.4563,5811497.43,-15
370417.4563,5811497.43,-15
370422.4563,5811497.43,-15
370427.4563,5811497.43,-15
370432.4563,5811497.43,-15
370437.4563,5811497.43,-15
370442.4563,5811497.43,-15
370447.4563,5811497.43,-15
370452.4563,5811497.43,-15
370457.4563,5811497.43,-15
370462.4563,5811497.43,-15
370467.4563,5811497.43,-15
370472.4563,5811497.43,-15
370477.4563,5811497.43,-15
370482.4563,5811497.43,-15
370487.4563,5811497.43,-15
370492.4563,5811497.43,-15
370497.4563,5811497.43,-15
370502.4563,5811497.43,-15
370507.4563,5811497.43,-15
370512.4563,5811497.43,-15
370517.4563,5811497.43,-15
370522.4563,5811497.43,-15
370527.4563,5811497.43,-15
370532.4563,5811497.43,-15
370352.4563,5811492.43,-1
370357.4563,5811492.43,-1
370362.4563,5811492.43,-1
370367.4563,5811492.43,-5
370372.4563,5811492.43,-5
370377.4563,5811492.43,-5
370382.4563,5811492.43,-5
370387.4563,5811492.43,-10
370392.4563,5811492.43,-10
370397.4563,5811492.43,-10
370402.4563,5811492.43,-10
370407.4563,5811492.43,-15
370412.4563,5811492.43,-15
370417.4563,5811492.43,-15
370422.4563,5811492.43,-15
370427.4563,5811492.43,-15
370432.4563,5811492.43,-15
370437.4563,5811492.43,-15
370442.4563,5811492.43,-15
370447.4563,5811492.43,-15
370452.4563,5811492.43,-15
370457.4563,5811492.43,-15
370462.4563,5811492.43,-15
370467.4563,5811492.43,-15
370472.4563,5811492.43,-15
370477.4563,5811492.43,-15
370482.4563,5811492.43,-15
370487.4563,5811492.43,-15
370492.4563,5811492.43,-15
370497.4563,5811492.43,-15
370502.4563,5811492.43,-15
370507.4563,5811492.43,-15
370512.4563,5811492.43,-15
370517.4563,5811492.43,-15
370522.4563,5811492.43,-15
370527.4563,5811492.43,-15
370352.4563,5811487.43,-1
370357.4563,5811487.43,-1
370362.4563,5811487.43,-1
370367.4563,5811487.43,-5
370372.4563,5811487.43,-5
370377.4563,5811487.43,-5
370382.4563,5811487.43,-5
370387.4563,5811487.43,-10
370392.4563,5811487.43,-10
370397.4563,5811487.43,-10
370402.4563,5811487.43,-10
370407.4563,5811487.43,-15
370412.4563,5811487.43,-15
370417.4563,5811487.43,-15
370422.4563,5811487.43,-15
370427.4563,5811487.43,-15
370432.4563,5811487.43,-15
370437.4563,5811487.43,-15
370442.4563,5811487.43,-15
370447.4563,5811487.43,-15
370452.4563,5811487.43,-15
370457.4563,5811487.43,-15
370462.4563,5811487.43,-15
370467.4563,5811487.43,-15
370472.4563,5811487.43,-15
370477.4563,5811487.43,-15
370482.4563,5811487.43,-15
370487.4563,5811487.43,-15
370492.4563,5811487.43,-15
370497.4563,5811487.43,-15
370502.4563,5811487.43,-15
370507.4563,5811487.43,-15
370512.4563,5811487.43,-15
370517.4563,5811487.43,-15
370352.4563,5811482.43,-1
370357.4563,5811482.43,-1
370362.4563,5811482.43,-1
370367.4563,5811482.43,-5
370372.4563,5811482.43,-5
370377.4563,5811482.43,-5
370382.4563,5811482.43,-5
370387.4563,5811482.43,-10
370392.4563,5811482.43,-10
370397.4563,5811482.43,-10
370402.4563,5811482.43,-10
370407.4563,5811482.43,-15
370412.4563,5811482.43,-15
370417.4563,5811482.43,-15
370422.4563,5811482.43,-15
370427.4563,5811482.43,-15
370432.4563,5811482.43,-15
370437.4563,5811482.43,-15
370442.4563,5811482.43,-15
370447.4563,5811482.43,-15
370452.4563,5811482.43,-15
370457.4563,5811482.43,-15
370462.4563,5811482.43,-15
370467.4563,5811482.43,-15
370472.4563,5811482.43,-15
370477.4563,5811482.43,-15
370482.4563,5811482.43,-15
370487.4563,5811482.43,-15
370492.4563,5811482.43,-15
370497.4563,5811482.43,-15
370502.4563,5811482.43,-15
370507.4563,5811482.43,-15
370512.4563,5811482.43,-15
370352.4563,5811477.43,-1
370357.4563,5811477.43,-1
370362.4563,5811477.43,-1
370367.4563,5811477.43,-5
370372.4563,5811477.43,-5
370377.4563,5811477.43,-5
370382.4563,5811477.43,-5
370387.4563,5811477.43,-10
370392.4563,5811477.43,-10
370397.4563,5811477.43,-10
370402.4563,5811477.43,-10
370407.4563,5811477.43,-15
370412.4563,5811477.43,-15
370417.4563,5811477.43,-15
370422.4563,5811477.43,-15
370427.4563,5811477.43,-15
370432.4563,5811477.43,-15
370437.4563,5811477.43,-15
370442.4563,5811477.43,-15
370447.4563,5811477.43,-15
370452.4563,5811477.43,-15
370457.4563,5811477.43,-15
370462.4563,5811477.43,-15
370467.4563,5811477.43,-15
370472.4563,5811477.43,-15
370477.4563,5811477.43,-15
370482.4563,5811477.43,-15
370487.4563,5811477.43,-15
370492.4563,5811477.43,-15
370497.4563,5811477.43,-15
370502.4563,5811477.43,-15
370507.4563,5811477.43,-15
370352.4563,5811472.43,-1
370357.4563,5811472.43,-1
370362.4563,5811472.43,-1
370367.4563,5811472.43,-5
370372.4563,5811472.43,-5
370377.4563,5811472.43,-5
370382.4563,5811472.43,-5
370387.4563,5811472.43,-10
370392.4563,5811472.43,-10
370397.4563,5811472.43,-10
370402.4563,5811472.43,-10
370407.4563,5811472.43,-15
370412.4563,5811472.43,-15
370417.4563,5811472.43,-15
370422.4563,5811472.43,-15
370427.4563,5811472.43,-15
370432.4563,5811472.43,-15
370437.4563,5811472.43,-15
370442.4563,5811472.43,-15
370447.4563,5811472.43,-15
370452.4563,5811472.43,-15
370457.4563,5811472.43,-15
370462.4563,5811472.43,-15
370467.4563,5811472.43,-15
370472.4563,5811472.43,-15
370477.4563,5811472.43,-15
370482.4563,5811472.43,-15
370487.4563,5811472.43,-15
370492.4563,5811472.43,-15
370497.4563,5811472.43,-15
370352.4563,5811467.43,-1
370357.4563,5811467.43,-1
370362.4563,5811467.43,-1
370367.4563,5811467.43,-5
370372.4563,5811467.43,-5
370377.4563,5811467.43,-5
370382.4563,5811467.43,-5
370387.4563,5811467.43,-10
370392.4563,5811467.43,-10
370397.4563,5811467.43,-10
370402.4563,5811467.43,-10
370407.4563,5811467.43,-15
370412.4563,5811467.43,-15
370417.4563,5811467.43,-15
370422.4563,5811467.43,-15
370427.4563,5811467.43,-15
370432.4563,5811467.43,-15
370437.4563,5811467.43,-15
370442.4563,5811467.43,-15
370447.4563,5811467.43,-15
370452.4563,5811467.43,-15
370457.4563,5811467.43,-15
370462.4563,5811467.43,-15
370467.4563,5811467.43,-15
370472.4563,5811467.43,-15
370477.4563,5811467.43,-20
370482.4563,5811467.43,-20
370487.4563,5811467.43,-20
370492.4563,5811467.43,-15
370352.4563,5811462.43,-1
370357.4563,5811462.43,-1
370362.4563,5811462.43,-1
370367.4563,5811462.43,-5
370372.4563,5811462.43,-5
370377.4563,5811462.43,-5
370382.4563,5811462.43,-5
370387.4563,5811462.43,-10
370392.4563,5811462.43,-10
370397.4563,5811462.43,-10
370402.4563,5811462.43,-10
370407.4563,5811462.43,-15
370412.4563,5811462.43,-15
370417.4563,5811462.43,-15
370422.4563,5811462.43,-15
370427.4563,5811462.43,-15
370432.4563,5811462.43,-15
370437.4563,5811462.43,-15
370442.4563,5811462.43,-15
370447.4563,5811462.43,-15
370452.4563,5811462.43,-15
370457.4563,5811462.43,-15
370462.4563,5811462.43,-15
370467.4563,5811462.43,-20
370472.4563,5811462.43,-20
370477.4563,5811462.43,-20
370482.4563,5811462.43,-20
370347.4563,5811457.43,-1
370352.4563,5811457.43,-1
370357.4563,5811457.43,-1
370362.4563,5811457.43,-1
370367.4563,5811457.43,-5
370372.4563,5811457.43,-5
370377.4563,5811457.43,-5
370382.4563,5811457.43,-5
370387.4563,5811457.43,-10
370392.4563,5811457.43,-10
370397.4563,5811457.43,-10
370402.4563,5811457.43,-10
370407.4563,5811457.43,-15
370412.4563,5811457.43,-15
370417.4563,5811457.43,-15
370422.4563,5811457.43,-15
370427.4563,5811457.43,-15
370432.4563,5811457.43,-15
370437.4563,5811457.43,-15
370442.4563,5811457.43,-15
370447.4563,5811457.43,-15
370452.4563,5811457.43,-15
370457.4563,5811457.43,-15
370462.4563,5811457.43,-20
370467.4563,5811457.43,-20
370472.4563,5811457.43,-20
370477.4563,5811457.43,-20
370482.4563,5811457.43,-20
370347.4563,5811452.43,-1
370352.4563,5811452.43,-1
370357.4563,5811452.43,-1
370362.4563,5811452.43,-1
370367.4563,5811452.43,-5
370372.4563,5811452.43,-5
370377.4563,5811452.43,-5
370382.4563,5811452.43,-10
370387.4563,5811452.43,-10
370392.4563,5811452.43,-10
370397.4563,5811452.43,-10
370402.4563,5811452.43,-15
370407.4563,5811452.43,-15
370412.4563,5811452.43,-15
370417.4563,5811452.43,-15
370422.4563,5811452.43,-15
370427.4563,5811452.43,-15
370432.4563,5811452.43,-15
370437.4563,5811452.43,-15
370442.4563,5811452.43,-15
370447.4563,5811452.43,-15
370452.4563,5811452.43,-15
370457.4563,5811452.43,-15
370462.4563,5811452.43,-20
370467.4563,5811452.43,-20
370472.4563,5811452.43,-20
370477.4563,5811452.43,-20
370482.4563,5811452.43,-20
370342.4563,5811447.43,-1
370347.4563,5811447.43,-1
370352.4563,5811447.43,-1
370357.4563,5811447.43,-1
370362.4563,5811447.43,-5
370367.4563,5811447.43,-5
370372.4563,5811447.43,-5
370377.4563,5811447.43,-5
370382.4563,5811447.43,-10
370387.4563,5811447.43,-10
370392.4563,5811447.43,-10
370397.4563,5811447.43,-10
370402.4563,5811447.43,-15
370407.4563,5811447.43,-15
370412.4563,5811447.43,-15
370417.4563,5811447.43,-15
370422.4563,5811447.43,-15
370427.4563,5811447.43,-15
370432.4563,5811447.43,-15
370437.4563,5811447.43,-15
370442.4563,5811447.43,-15
370447.4563,5811447.43,-15
370452.4563,5811447.43,-15
370457.4563,5811447.43,-20
370462.4563,5811447.43,-20
370467.4563,5811447.43,-20
370472.4563,5811447.43,-20
370477.4563,5811447.43,-20
370482.4563,5811447.43,-20
370342.4563,5811442.43,-1
370347.4563,5811442.43,-1
370352.4563,5811442.43,-1
370357.4563,5811442.43,-1
370362.4563,5811442.43,-5
370367.4563,5811442.43,-5
370372.4563,5811442.43,-5
370377.4563,5811442.43,-5
370382.4563,5811442.43,-10
370387.4563,5811442.43,-10
370392.4563,5811442.43,-10
370397.4563,5811442.43,-10
370402.4563,5811442.43,-15
370407.4563,5811442.43,-15
370412.4563,5811442.43,-15
370417.4563,5811442.43,-15
370422.4563,5811442.43,-15
370427.4563,5811442.43,-15
370432.4563,5811442.43,-15
370437.4563,5811442.43,-15
370442.4563,5811442.43,-15
370447.4563,5811442.43,-15
370452.4563,5811442.43,-15
370457.4563,5811442.43,-20
370462.4563,5811442.43,-20
370467.4563,5811442.43,-20
370472.4563,5811442.43,-20
370477.4563,5811442.43,-20
370347.4563,5811437.43,-1
370352.4563,5811437.43,-1
370357.4563,5811437.43,-1
370362.4563,5811437.43,-5
370367.4563,5811437.43,-5
370372.4563,5811437.43,-5
370377.4563,5811437.43,-5
370382.4563,5811437.43,-10
370387.4563,5811437.43,-10
370392.4563,5811437.43,-10
370397.4563,5811437.43,-10
370402.4563,5811437.43,-15
370407.4563,5811437.43,-15
370412.4563,5811437.43,-15
370417.4563,5811437.43,-15
370422.4563,5811437.43,-15
370427.4563,5811437.43,-15
370432.4563,5811437.43,-15
370437.4563,5811437.43,-15
370442.4563,5811437.43,-15
370447.4563,5811437.43,-15
370452.4563,5811437.43,-15
370457.4563,5811437.43,-20
370462.4563,5811437.43,-20
370467.4563,5811437.43,-20
370472.4563,5811437.43,-20
370477.4563,5811437.43,-20
370342.4563,5811432.43,-1
370347.4563,5811432.43,-1
370352.4563,5811432.43,-1
370357.4563,5811432.43,-1
370362.4563,5811432.43,-5
370367.4563,5811432.43,-5
370372.4563,5811432.43,-5
370377.4563,5811432.43,-5
370382.4563,5811432.43,-10
370387.4563,5811432.43,-10
370392.4563,5811432.43,-10
370397.4563,5811432.43,-10
370402.4563,5811432.43,-15
370407.4563,5811432.43,-15
370412.4563,5811432.43,-15
370417.4563,5811432.43,-15
370422.4563,5811432.43,-15
370427.4563,5811432.43,-15
370432.4563,5811432.43,-15
370437.4563,5811432.43,-15
370442.4563,5811432.43,-15
370447.4563,5811432.43,-15
370452.4563,5811432.43,-20
370457.4563,5811432.43,-20
370462.4563,5811432.43,-20
370467.4563,5811432.43,-20
370472.4563,5811432.43,-20
370477.4563,5811432.43,-20
370342.4563,5811427.43,-1
370347.4563,5811427.43,-1
370352.4563,5811427.43,-1
370357.4563,5811427.43,-1
370362.4563,5811427.43,-5
370367.4563,5811427.43,-5
370372.4563,5811427.43,-5
370377.4563,5811427.43,-5
370382.4563,5811427.43,-10
370387.4563,5811427.43,-10
370392.4563,5811427.43,-10
370397.4563,5811427.43,-10
370402.4563,5811427.43,-15
370407.4563,5811427.43,-15
370412.4563,5811427.43,-15
370417.4563,5811427.43,-15
370422.4563,5811427.43,-15
370427.4563,5811427.43,-15
370432.4563,5811427.43,-15
370437.4563,5811427.43,-15
370442.4563,5811427.43,-15
370447.4563,5811427.43,-20
370452.4563,5811427.43,-20
370457.4563,5811427.43,-20
370462.4563,5811427.43,-20
370467.4563,5811427.43,-20
370472.4563,5811427.43,-20
370477.4563,5811427.43,-20
370342.4563,5811422.43,-1
370347.4563,5811422.43,-1
370352.4563,5811422.43,-1
370357.4563,5811422.43,-1
370362.4563,5811422.43,-5
370367.4563,5811422.43,-5
370372.4563,5811422.43,-5
370377.4563,5811422.43,-5
370382.4563,5811422.43,-10
370387.4563,5811422.43,-10
370392.4563,5811422.43,-10
370397.4563,5811422.43,-10
370402.4563,5811422.43,-10
370407.4563,5811422.43,-15
370412.4563,5811422.43,-15
370417.4563,5811422.43,-15
370422.4563,5811422.43,-15
370427.4563,5811422.43,-15
370432.4563,5811422.43,-15
370437.4563,5811422.43,-15
370442.4563,5811422.43,-15
370447.4563,5811422.43,-20
370452.4563,5811422.43,-20
370457.4563,5811422.43,-20
370462.4563,5811422.43,-20
370467.4563,5811422.43,-20
370472.4563,5811422.43,-20
370477.4563,5811422.43,-20
370342.4563,5811417.43,-1
370347.4563,5811417.43,-1
370352.4563,5811417.43,-1
370357.4563,5811417.43,-1
370362.4563,5811417.43,-5
370367.4563,5811417.43,-5
370372.4563,5811417.43,-5
370377.4563,5811417.43,-5
370382.4563,5811417.43,-5
370387.4563,5811417.43,-10
370392.4563,5811417.43,-10
370397.4563,5811417.43,-10
370402.4563,5811417.43,-10
370407.4563,5811417.43,-15
370412.4563,5811417.43,-15
370417.4563,5811417.43,-15
370422.4563,5811417.43,-15
370427.4563,5811417.43,-15
370432.4563,5811417.43,-15
370437.4563,5811417.43,-15
370442.4563,5811417.43,-20
370447.4563,5811417.43,-20
370452.4563,5811417.43,-20
370457.4563,5811417.43,-20
370462.4563,5811417.43,-20
370467.4563,5811417.43,-20
370472.4563,5811417.43,-20
370342.4563,5811412.43,-1
370347.4563,5811412.43,-1
370352.4563,5811412.43,-1
370357.4563,5811412.43,-1
370362.4563,5811412.43,-5
370367.4563,5811412.43,-5
370372.4563,5811412.43,-5
370377.4563,5811412.43,-5
370382.4563,5811412.43,-10
370387.4563,5811412.43,-10
370392.4563,5811412.43,-10
370397.4563,5811412.43,-10
370402.4563,5811412.43,-10
370407.4563,5811412.43,-15
370412.4563,5811412.43,-15
370417.4563,5811412.43,-15
370422.4563,5811412.43,-15
370427.4563,5811412.43,-15
370432.4563,5811412.43,-15
370437.4563,5811412.43,-15
370442.4563,5811412.43,-20
370447.4563,5811412.43,-20
370452.4563,5811412.43,-20
370457.4563,5811412.43,-20
370462.4563,5811412.43,-20
370467.4563,5811412.43,-20
370472.4563,5811412.43,-20
370342.4563,5811407.43,-1
370347.4563,5811407.43,-1
370352.4563,5811407.43,-1
370357.4563,5811407.43,-1
370362.4563,5811407.43,-5
370367.4563,5811407.43,-5
370372.4563,5811407.43,-5
370377.4563,5811407.43,-5
370382.4563,5811407.43,-10
370387.4563,5811407.43,-10
370392.4563,5811407.43,-10
370397.4563,5811407.43,-10
370402.4563,5811407.43,-10
370407.4563,5811407.43,-15
370412.4563,5811407.43,-15
370417.4563,5811407.43,-15
370422.4563,5811407.43,-15
370427.4563,5811407.43,-15
370432.4563,5811407.43,-15
370437.4563,5811407.43,-15
370442.4563,5811407.43,-20
370447.4563,5811407.43,-20
370452.4563,5811407.43,-20
370457.4563,5811407.43,-20
370462.4563,5811407.43,-20
370467.4563,5811407.43,-20
370472.4563,5811407.43,-20
370337.4563,5811402.43,-1
370342.4563,5811402.43,-1
370347.4563,5811402.43,-1
370352.4563,5811402.43,-1
370357.4563,5811402.43,-5
370362.4563,5811402.43,-5
370367.4563,5811402.43,-5
370372.4563,5811402.43,-5
370377.4563,5811402.43,-5
370382.4563,5811402.43,-10
370387.4563,5811402.43,-10
370392.4563,5811402.43,-10
370397.4563,5811402.43,-10
370402.4563,5811402.43,-10
370407.4563,5811402.43,-15
370412.4563,5811402.43,-15
370417.4563,5811402.43,-15
370422.4563,5811402.43,-15
370427.4563,5811402.43,-15
370432.4563,5811402.43,-15
370437.4563,5811402.43,-20
370442.4563,5811402.43,-20
370447.4563,5811402.43,-20
370452.4563,5811402.43,-20
370457.4563,5811402.43,-20
370462.4563,5811402.43,-20
370467.4563,5811402.43,-20
370472.4563,5811402.43,-20
370337.4563,5811397.43,-1
370342.4563,5811397.43,-1
370347.4563,5811397.43,-1
370352.4563,5811397.43,-1
370357.4563,5811397.43,-5
370362.4563,5811397.43,-5
370367.4563,5811397.43,-5
370372.4563,5811397.43,-5
370377.4563,5811397.43,-5
370382.4563,5811397.43,-10
370387.4563,5811397.43,-10
370392.4563,5811397.43,-10
370397.4563,5811397.43,-10
370402.4563,5811397.43,-15
370407.4563,5811397.43,-15
370412.4563,5811397.43,-15
370417.4563,5811397.43,-15
370422.4563,5811397.43,-15
370427.4563,5811397.43,-15
370432.4563,5811397.43,-15
370437.4563,5811397.43,-20
370442.4563,5811397.43,-20
370447.4563,5811397.43,-20
370452.4563,5811397.43,-20
370457.4563,5811397.43,-20
370462.4563,5811397.43,-20
370467.4563,5811397.43,-20
370472.4563,5811397.43,-20
370337.4563,5811392.43,-1
370342.4563,5811392.43,-1
370347.4563,5811392.43,-1
370352.4563,5811392.43,-5
370357.4563,5811392.43,-5
370362.4563,5811392.43,-5
370367.4563,5811392.43,-5
370372.4563,5811392.43,-5
370377.4563,5811392.43,-10
370382.4563,5811392.43,-10
370387.4563,5811392.43,-10
370392.4563,5811392.43,-10
370397.4563,5811392.43,-15
370402.4563,5811392.43,-15
370407.4563,5811392.43,-15
370412.4563,5811392.43,-15
370417.4563,5811392.43,-15
370422.4563,5811392.43,-15
370427.4563,5811392.43,-15
370432.4563,5811392.43,-15
370437.4563,5811392.43,-20
370442.4563,5811392.43,-20
370447.4563,5811392.43,-20
370452.4563,5811392.43,-20
370457.4563,5811392.43,-20
370462.4563,5811392.43,-20
370467.4563,5811392.43,-20
370332.4563,5811387.43,-1
370337.4563,5811387.43,-1
370342.4563,5811387.43,-1
370347.4563,5811387.43,-1
370352.4563,5811387.43,-5
370357.4563,5811387.43,-5
370362.4563,5811387.43,-5
370367.4563,5811387.43,-5
370372.4563,5811387.43,-5
370377.4563,5811387.43,-10
370382.4563,5811387.43,-10
370387.4563,5811387.43,-10
370392.4563,5811387.43,-10
370397.4563,5811387.43,-15
370402.4563,5811387.43,-15
370407.4563,5811387.43,-15
370412.4563,5811387.43,-15
370417.4563,5811387.43,-15
370422.4563,5811387.43,-15
370427.4563,5811387.43,-15
370432.4563,5811387.43,-20
370437.4563,5811387.43,-20
370442.4563,5811387.43,-20
370447.4563,5811387.43,-20
370452.4563,5811387.43,-20
370457.4563,5811387.43,-20
370462.4563,5811387.43,-20
370467.4563,5811387.43,-20
370327.4563,5811382.43,-1
370332.4563,5811382.43,-1
370337.4563,5811382.43,-1
370342.4563,5811382.43,-1
370347.4563,5811382.43,-1
370352.4563,5811382.43,-5
370357.4563,5811382.43,-5
370362.4563,5811382.43,-5
370367.4563,5811382.43,-5
370372.4563,5811382.43,-10
370377.4563,5811382.43,-10
370382.4563,5811382.43,-10
370387.4563,5811382.43,-10
370392.4563,5811382.43,-10
370397.4563,5811382.43,-15
370402.4563,5811382.43,-15
370407.4563,5811382.43,-15
370412.4563,5811382.43,-15
370417.4563,5811382.43,-15
370422.4563,5811382.43,-15
370427.4563,5811382.43,-15
370432.4563,5811382.43,-20
370437.4563,5811382.43,-20
370442.4563,5811382.43,-20
370447.4563,5811382.43,-20
370452.4563,5811382.43,-20
370457.4563,5811382.43,-20
370462.4563,5811382.43,-20
370467.4563,5811382.43,-20
370327.4563,5811377.43,-1
370332.4563,5811377.43,-1
370337.4563,5811377.43,-1
370342.4563,5811377.43,-1
370347.4563,5811377.43,-5
370352.4563,5811377.43,-5
370357.4563,5811377.43,-5
370362.4563,5811377.43,-10
370367.4563,5811377.43,-10
370372.4563,5811377.43,-10
370377.4563,5811377.43,-10
370382.4563,5811377.43,-10
370387.4563,5811377.43,-10
370392.4563,5811377.43,-10
370397.4563,5811377.43,-15
370402.4563,5811377.43,-15
370407.4563,5811377.43,-15
370412.4563,5811377.43,-15
370417.4563,5811377.43,-15
370422.4563,5811377.43,-15
370427.4563,5811377.43,-15
370432.4563,5811377.43,-20
370437.4563,5811377.43,-20
370442.4563,5811377.43,-20
370447.4563,5811377.43,-20
370452.4563,5811377.43,-20
370457.4563,5811377.43,-20
370462.4563,5811377.43,-20
370467.4563,5811377.43,-20
370322.4563,5811372.43,-1
370327.4563,5811372.43,-1
370332.4563,5811372.43,-1
370337.4563,5811372.43,-1
370342.4563,5811372.43,-1
370347.4563,5811372.43,-5
370352.4563,5811372.43,-5
370357.4563,5811372.43,-5
370362.4563,5811372.43,-10
370367.4563,5811372.43,-10
370372.4563,5811372.43,-10
370377.4563,5811372.43,-10
370382.4563,5811372.43,-10
370387.4563,5811372.43,-10
370392.4563,5811372.43,-10
370397.4563,5811372.43,-15
370402.4563,5811372.43,-15
370407.4563,5811372.43,-15
370412.4563,5811372.43,-15
370417.4563,5811372.43,-15
370422.4563,5811372.43,-15
370427.4563,5811372.43,-20
370432.4563,5811372.43,-20
370437.4563,5811372.43,-20
370442.4563,5811372.43,-20
370447.4563,5811372.43,-20
370452.4563,5811372.43,-20
370457.4563,5811372.43,-20
370462.4563,5811372.43,-20
370467.4563,5811372.43,-20
370317.4563,5811367.43,-1
370322.4563,5811367.43,-1
370327.4563,5811367.43,-1
370332.4563,5811367.43,-1
370337.4563,5811367.43,-1
370342.4563,5811367.43,-1
370347.4563,5811367.43,-5
370352.4563,5811367.43,-5
370357.4563,5811367.43,-5
370362.4563,5811367.43,-10
370367.4563,5811367.43,-10
370372.4563,5811367.43,-10
370377.4563,5811367.43,-10
370382.4563,5811367.43,-10
370387.4563,5811367.43,-10
370392.4563,5811367.43,-15
370397.4563,5811367.43,-15
370402.4563,5811367.43,-15
370407.4563,5811367.43,-15
370412.4563,5811367.43,-15
370417.4563,5811367.43,-15
370422.4563,5811367.43,-15
370427.4563,5811367.43,-20
370432.4563,5811367.43,-20
370437.4563,5811367.43,-20
370442.4563,5811367.43,-20
370447.4563,5811367.43,-20
370452.4563,5811367.43,-20
370457.4563,5811367.43,-20
370462.4563,5811367.43,-20
370312.4563,5811362.43,-1
370317.4563,5811362.43,-1
370322.4563,5811362.43,-1
370327.4563,5811362.43,-1
370332.4563,5811362.43,-1
370337.4563,5811362.43,-1
370342.4563,5811362.43,-5
370347.4563,5811362.43,-5
370352.4563,5811362.43,-5
370357.4563,5811362.43,-10
370362.4563,5811362.43,-10
370367.4563,5811362.43,-10
370372.4563,5811362.43,-10
370377.4563,5811362.43,-10
370382.4563,5811362.43,-10
370387.4563,5811362.43,-15
370392.4563,5811362.43,-15
370397.4563,5811362.43,-15
370402.4563,5811362.43,-15
370407.4563,5811362.43,-15
370412.4563,5811362.43,-15
370417.4563,5811362.43,-15
370422.4563,5811362.43,-15
370427.4563,5811362.43,-20
370432.4563,5811362.43,-20
370437.4563,5811362.43,-20
370442.4563,5811362.43,-20
370447.4563,5811362.43,-20
370452.4563,5811362.43,-20
370457.4563,5811362.43,-20
370462.4563,5811362.43,-20
370302.4563,5811357.43,-1
370307.4563,5811357.43,-1
370312.4563,5811357.43,-1
370317.4563,5811357.43,-1
370322.4563,5811357.43,-1
370327.4563,5811357.43,-1
370332.4563,5811357.43,-1
370337.4563,5811357.43,-5
370342.4563,5811357.43,-5
370347.4563,5811357.43,-5
370352.4563,5811357.43,-5
370357.4563,5811357.43,-10
370362.4563,5811357.43,-10
370367.4563,5811357.43,-10
370372.4563,5811357.43,-10
370377.4563,5811357.43,-15
370382.4563,5811357.43,-15
370387.4563,5811357.43,-15
370392.4563,5811357.43,-15
370397.4563,5811357.43,-15
370402.4563,5811357.43,-15
370407.4563,5811357.43,-15
370412.4563,5811357.43,-15
370417.4563,5811357.43,-15
370422.4563,5811357.43,-20
370427.4563,5811357.43,-20
370432.4563,5811357.43,-20
370437.4563,5811357.43,-20
370442.4563,5811357.43,-20
370447.4563,5811357.43,-20
370452.4563,5811357.43,-20
370457.4563,5811357.43,-20
370462.4563,5811357.43,-20
370282.4563,5811352.43,-1
370287.4563,5811352.43,-1
370292.4563,5811352.43,-1
370297.4563,5811352.43,-1
370302.4563,5811352.43,-1
370307.4563,5811352.43,-1
370312.4563,5811352.43,-1
370317.4563,5811352.43,-1
370322.4563,5811352.43,-1
370327.4563,5811352.43,-1
370332.4563,5811352.43,-5
370337.4563,5811352.43,-5
370342.4563,5811352.43,-5
370347.4563,5811352.43,-5
370352.4563,5811352.43,-10
370357.4563,5811352.43,-10
370362.4563,5811352.43,-10
370367.4563,5811352.43,-10
370372.4563,5811352.43,-15
370377.4563,5811352.43,-15
370382.4563,5811352.43,-15
370387.4563,5811352.43,-15
370392.4563,5811352.43,-15
370397.4563,5811352.43,-15
370402.4563,5811352.43,-15
370407.4563,5811352.43,-15
370412.4563,5811352.43,-15
370417.4563,5811352.43,-15
370422.4563,5811352.43,-20
370427.4563,5811352.43,-20
370432.4563,5811352.43,-20
370437.4563,5811352.43,-20
370442.4563,5811352.43,-20
370447.4563,5811352.43,-20
370452.4563,5811352.43,-20
370457.4563,5811352.43,-20
370462.4563,5811352.43,-20
370272.4563,5811347.43,-1
370277.4563,5811347.43,-1
370282.4563,5811347.43,-1
370287.4563,5811347.43,-1
370292.4563,5811347.43,-1
370297.4563,5811347.43,-1
370302.4563,5811347.43,-1
370307.4563,5811347.43,-1
370312.4563,5811347.43,-1
370317.4563,5811347.43,-1
370322.4563,5811347.43,-1
370327.4563,5811347.43,-5
370332.4563,5811347.43,-5
370337.4563,5811347.43,-5
370342.4563,5811347.43,-5
370347.4563,5811347.43,-5
370352.4563,5811347.43,-10
370357.4563,5811347.43,-10
370362.4563,5811347.43,-10
370367.4563,5811347.43,-10
370372.4563,5811347.43,-15
370377.4563,5811347.43,-15
370382.4563,5811347.43,-15
370387.4563,5811347.43,-15
370392.4563,5811347.43,-15
370397.4563,5811347.43,-15
370402.4563,5811347.43,-15
370407.4563,5811347.43,-15
370412.4563,5811347.43,-15
370417.4563,5811347.43,-15
370422.4563,5811347.43,-20
370427.4563,5811347.43,-20
370432.4563,5811347.43,-20
370437.4563,5811347.43,-20
370442.4563,5811347.43,-20
370447.4563,5811347.43,-20
370452.4563,5811347.43,-20
370457.4563,5811347.43,-20
370462.4563,5811347.43,-20
370262.4563,5811342.43,-1
370267.4563,5811342.43,-1
370272.4563,5811342.43,-1
370277.4563,5811342.43,-1
370282.4563,5811342.43,-1
370287.4563,5811342.43,-1
370292.4563,5811342.43,-1
370297.4563,5811342.43,-1
370302.4563,5811342.43,-1
370307.4563,5811342.43,-1
370312.4563,5811342.43,-5
370317.4563,5811342.43,-5
370322.4563,5811342.43,-5
370327.4563,5811342.43,-5
370332.4563,5811342.43,-5
370337.4563,5811342.43,-5
370342.4563,5811342.43,-5
370347.4563,5811342.43,-10
370352.4563,5811342.43,-10
370357.4563,5811342.43,-10
370362.4563,5811342.43,-10
370367.4563,5811342.43,-15
370372.4563,5811342.43,-15
370377.4563,5811342.43,-15
370382.4563,5811342.43,-15
370387.4563,5811342.43,-15
370392.4563,5811342.43,-15
370397.4563,5811342.43,-15
370402.4563,5811342.43,-15
370407.4563,5811342.43,-15
370412.4563,5811342.43,-15
370417.4563,5811342.43,-20
370422.4563,5811342.43,-20
370427.4563,5811342.43,-20
370432.4563,5811342.43,-20
370437.4563,5811342.43,-20
370442.4563,5811342.43,-20
370447.4563,5811342.43,-20
370452.4563,5811342.43,-20
370457.4563,5811342.43,-20
370257.4563,5811337.43,-1
370262.4563,5811337.43,-1
370267.4563,5811337.43,-1
370272.4563,5811337.43,-1
370277.4563,5811337.43,-1
370282.4563,5811337.43,-1
370287.4563,5811337.43,-1
370292.4563,5811337.43,-1
370297.4563,5811337.43,-5
370302.4563,5811337.43,-5
370307.4563,5811337.43,-5
370312.4563,5811337.43,-5
370317.4563,5811337.43,-5
370322.4563,5811337.43,-5
370327.4563,5811337.43,-5
370332.4563,5811337.43,-5
370337.4563,5811337.43,-10
370342.4563,5811337.43,-10
370347.4563,5811337.43,-10
370352.4563,5811337.43,-10
370357.4563,5811337.43,-10
370362.4563,5811337.43,-15
370367.4563,5811337.43,-15
370372.4563,5811337.43,-15
370377.4563,5811337.43,-15
370382.4563,5811337.43,-15
370387.4563,5811337.43,-15
370392.4563,5811337.43,-15
370397.4563,5811337.43,-15
370402.4563,5811337.43,-15
370407.4563,5811337.43,-15
370412.4563,5811337.43,-20
370417.4563,5811337.43,-20
370422.4563,5811337.43,-20
370427.4563,5811337.43,-20
370432.4563,5811337.43,-20
370437.4563,5811337.43,-20
370442.4563,5811337.43,-20
370447.4563,5811337.43,-20
370452.4563,5811337.43,-20
370457.4563,5811337.43,-20
370247.4563,5811332.43,-1
370252.4563,5811332.43,-1
370257.4563,5811332.43,-1
370262.4563,5811332.43,-1
370267.4563,5811332.43,-1
370272.4563,5811332.43,-1
370277.4563,5811332.43,-1
370282.4563,5811332.43,-1
370287.4563,5811332.43,-1
370292.4563,5811332.43,-5
370297.4563,5811332.43,-5
370302.4563,5811332.43,-5
370307.4563,5811332.43,-5
370312.4563,5811332.43,-5
370317.4563,5811332.43,-5
370322.4563,5811332.43,-5
370327.4563,5811332.43,-5
370332.4563,5811332.43,-10
370337.4563,5811332.43,-10
370342.4563,5811332.43,-10
370347.4563,5811332.43,-10
370352.4563,5811332.43,-10
370357.4563,5811332.43,-10
370362.4563,5811332.43,-15
370367.4563,5811332.43,-15
370372.4563,5811332.43,-15
370377.4563,5811332.43,-15
370382.4563,5811332.43,-15
370387.4563,5811332.43,-15
370392.4563,5811332.43,-15
370397.4563,5811332.43,-15
370402.4563,5811332.43,-15
370407.4563,5811332.43,-20
370412.4563,5811332.43,-20
370417.4563,5811332.43,-20
370422.4563,5811332.43,-20
370427.4563,5811332.43,-20
370432.4563,5811332.43,-20
370437.4563,5811332.43,-20
370442.4563,5811332.43,-20
370447.4563,5811332.43,-20
370452.4563,5811332.43,-20
370457.4563,5811332.43,-20
370237.4563,5811327.43,-1
370242.4563,5811327.43,-1
370247.4563,5811327.43,-1
370252.4563,5811327.43,-1
370257.4563,5811327.43,-1
370262.4563,5811327.43,-1
370267.4563,5811327.43,-1
370272.4563,5811327.43,-1
370277.4563,5811327.43,-1
370282.4563,5811327.43,-1
370287.4563,5811327.43,-5
370292.4563,5811327.43,-5
370297.4563,5811327.43,-5
370302.4563,5811327.43,-5
370307.4563,5811327.43,-5
370312.4563,5811327.43,-5
370317.4563,5811327.43,-5
370322.4563,5811327.43,-5
370327.4563,5811327.43,-10
370332.4563,5811327.43,-10
370337.4563,5811327.43,-10
370342.4563,5811327.43,-10
370347.4563,5811327.43,-10
370352.4563,5811327.43,-10
370357.4563,5811327.43,-15
370362.4563,5811327.43,-15
370367.4563,5811327.43,-15
370372.4563,5811327.43,-15
370377.4563,5811327.43,-15
370382.4563,5811327.43,-15
370387.4563,5811327.43,-15
370392.4563,5811327.43,-15
370397.4563,5811327.43,-15
370402.4563,5811327.43,-15
370407.4563,5811327.43,-20
370412.4563,5811327.43,-20
370417.4563,5811327.43,-20
370422.4563,5811327.43,-20
370427.4563,5811327.43,-20
370432.4563,5811327.43,-20
370437.4563,5811327.43,-20
370442.4563,5811327.43,-20
370447.4563,5811327.43,-20
370452.4563,5811327.43,-20
370457.4563,5811327.43,-20
370232.4563,5811322.43,-1
370237.4563,5811322.43,-1
370242.4563,5811322.43,-1
370247.4563,5811322.43,-1
370252.4563,5811322.43,-1
370257.4563,5811322.43,-1
370262.4563,5811322.43,-1
370267.4563,5811322.43,-1
370272.4563,5811322.43,-1
370277.4563,5811322.43,-5
370282.4563,5811322.43,-5
370287.4563,5811322.43,-5
370292.4563,5811322.43,-5
370297.4563,5811322.43,-5
370302.4563,5811322.43,-5
370307.4563,5811322.43,-5
370312.4563,5811322.43,-5
370317.4563,5811322.43,-10
370322.4563,5811322.43,-10
370327.4563,5811322.43,-10
370332.4563,5811322.43,-10
370337.4563,5811322.43,-10
370342.4563,5811322.43,-10
370347.4563,5811322.43,-10
370352.4563,5811322.43,-10
370357.4563,5811322.43,-15
370362.4563,5811322.43,-15
370367.4563,5811322.43,-15
370372.4563,5811322.43,-15
370377.4563,5811322.43,-15
370382.4563,5811322.43,-15
370387.4563,5811322.43,-15
370392.4563,5811322.43,-15
370397.4563,5811322.43,-15
370402.4563,5811322.43,-20
370407.4563,5811322.43,-20
370412.4563,5811322.43,-20
370417.4563,5811322.43,-20
370422.4563,5811322.43,-20
370427.4563,5811322.43,-20
370432.4563,5811322.43,-20
370437.4563,5811322.43,-20
370442.4563,5811322.43,-20
370447.4563,5811322.43,-20
370452.4563,5811322.43,-20
370222.4563,5811317.43,-1
370227.4563,5811317.43,-1
370232.4563,5811317.43,-1
370237.4563,5811317.43,-1
370242.4563,5811317.43,-1
370247.4563,5811317.43,-1
370252.4563,5811317.43,-1
370257.4563,5811317.43,-1
370262.4563,5811317.43,-1
370267.4563,5811317.43,-5
370272.4563,5811317.43,-5
370277.4563,5811317.43,-5
370282.4563,5811317.43,-5
370287.4563,5811317.43,-5
370292.4563,5811317.43,-5
370297.4563,5811317.43,-5
370302.4563,5811317.43,-5
370307.4563,5811317.43,-5
370312.4563,5811317.43,-10
370317.4563,5811317.43,-10
370322.4563,5811317.43,-10
370327.4563,5811317.43,-10
370332.4563,5811317.43,-10
370337.4563,5811317.43,-10
370342.4563,5811317.43,-10
370347.4563,5811317.43,-15
370352.4563,5811317.43,-15
370357.4563,5811317.43,-15
370362.4563,5811317.43,-15
370367.4563,5811317.43,-15
370372.4563,5811317.43,-15
370377.4563,5811317.43,-15
370382.4563,5811317.43,-15
370387.4563,5811317.43,-15
370392.4563,5811317.43,-15
370397.4563,5811317.43,-20
370402.4563,5811317.43,-20
370407.4563,5811317.43,-20
370412.4563,5811317.43,-20
370417.4563,5811317.43,-20
370422.4563,5811317.43,-20
370427.4563,5811317.43,-20
370432.4563,5811317.43,-20
370437.4563,5811317.43,-20
370442.4563,5811317.43,-20
370447.4563,5811317.43,-20
370452.4563,5811317.43,-20
370217.4563,5811312.43,-1
370222.4563,5811312.43,-1
370227.4563,5811312.43,-1
370232.4563,5811312.43,-1
370237.4563,5811312.43,-1
370242.4563,5811312.43,-1
370247.4563,5811312.43,-1
370252.4563,5811312.43,-1
370257.4563,5811312.43,-1
370262.4563,5811312.43,-5
370267.4563,5811312.43,-5
370272.4563,5811312.43,-5
370277.4563,5811312.43,-5
370282.4563,5811312.43,-5
370287.4563,5811312.43,-5
370292.4563,5811312.43,-5
370297.4563,5811312.43,-5
370302.4563,5811312.43,-5
370307.4563,5811312.43,-10
370312.4563,5811312.43,-10
370317.4563,5811312.43,-10
370322.4563,5811312.43,-10
370327.4563,5811312.43,-10
370332.4563,5811312.43,-10
370337.4563,5811312.43,-10
370342.4563,5811312.43,-15
370347.4563,5811312.43,-15
370352.4563,5811312.43,-15
370357.4563,5811312.43,-15
370362.4563,5811312.43,-15
370367.4563,5811312.43,-15
370372.4563,5811312.43,-15
370377.4563,5811312.43,-15
370382.4563,5811312.43,-15
370387.4563,5811312.43,-15
370392.4563,5811312.43,-20
370397.4563,5811312.43,-20
370402.4563,5811312.43,-20
370407.4563,5811312.43,-20
370412.4563,5811312.43,-20
370417.4563,5811312.43,-20
370422.4563,5811312.43,-20
370427.4563,5811312.43,-20
370432.4563,5811312.43,-20
370437.4563,5811312.43,-20
370442.4563,5811312.43,-20
370447.4563,5811312.43,-20
370452.4563,5811312.43,-20
370212.4563,5811307.43,-1
370217.4563,5811307.43,-1
370222.4563,5811307.43,-1
370227.4563,5811307.43,-1
370232.4563,5811307.43,-1
370237.4563,5811307.43,-1
370242.4563,5811307.43,-1
370247.4563,5811307.43,-1
370252.4563,5811307.43,-1
370257.4563,5811307.43,-5
370262.4563,5811307.43,-5
370267.4563,5811307.43,-5
370272.4563,5811307.43,-5
370277.4563,5811307.43,-5
370282.4563,5811307.43,-5
370287.4563,5811307.43,-5
370292.4563,5811307.43,-5
370297.4563,5811307.43,-10
370302.4563,5811307.43,-10
370307.4563,5811307.43,-10
370312.4563,5811307.43,-10
370317.4563,5811307.43,-10
370322.4563,5811307.43,-10
370327.4563,5811307.43,-10
370332.4563,5811307.43,-10
370337.4563,5811307.43,-10
370342.4563,5811307.43,-15
370347.4563,5811307.43,-15
370352.4563,5811307.43,-15
370357.4563,5811307.43,-15
370362.4563,5811307.43,-15
370367.4563,5811307.43,-15
370372.4563,5811307.43,-15
370377.4563,5811307.43,-15
370382.4563,5811307.43,-15
370387.4563,5811307.43,-15
370392.4563,5811307.43,-20
370397.4563,5811307.43,-20
370402.4563,5811307.43,-20
370407.4563,5811307.43,-20
370412.4563,5811307.43,-20
370417.4563,5811307.43,-20
370422.4563,5811307.43,-20
370427.4563,5811307.43,-20
370432.4563,5811307.43,-20
370437.4563,5811307.43,-20
370442.4563,5811307.43,-20
370447.4563,5811307.43,-20
370212.4563,5811302.43,-1
370217.4563,5811302.43,-1
370222.4563,5811302.43,-1
370227.4563,5811302.43,-1
370232.4563,5811302.43,-1
370237.4563,5811302.43,-1
370242.4563,5811302.43,-1
370247.4563,5811302.43,-1
370252.4563,5811302.43,-5
370257.4563,5811302.43,-5
370262.4563,5811302.43,-5
370267.4563,5811302.43,-5
370272.4563,5811302.43,-5
370277.4563,5811302.43,-5
370282.4563,5811302.43,-5
370287.4563,5811302.43,-5
370292.4563,5811302.43,-10
370297.4563,5811302.43,-10
370302.4563,5811302.43,-10
370307.4563,5811302.43,-10
370312.4563,5811302.43,-10
370317.4563,5811302.43,-10
370322.4563,5811302.43,-10
370327.4563,5811302.43,-10
370332.4563,5811302.43,-10
370337.4563,5811302.43,-15
370342.4563,5811302.43,-15
370347.4563,5811302.43,-15
370352.4563,5811302.43,-15
370357.4563,5811302.43,-15
370362.4563,5811302.43,-15
370367.4563,5811302.43,-15
370372.4563,5811302.43,-15
370377.4563,5811302.43,-15
370382.4563,5811302.43,-15
370387.4563,5811302.43,-20
370392.4563,5811302.43,-20
370397.4563,5811302.43,-20
370402.4563,5811302.43,-20
370407.4563,5811302.43,-20
370412.4563,5811302.43,-20
370417.4563,5811302.43,-20
370422.4563,5811302.43,-20
370427.4563,5811302.43,-20
370432.4563,5811302.43,-20
370437.4563,5811302.43,-20
370442.4563,5811302.43,-20
370447.4563,5811302.43,-20
370212.4563,5811297.43,-1
370217.4563,5811297.43,-1
370222.4563,5811297.43,-1
370227.4563,5811297.43,-1
370232.4563,5811297.43,-1
370237.4563,5811297.43,-1
370242.4563,5811297.43,-1
370247.4563,5811297.43,-5
370252.4563,5811297.43,-5
370257.4563,5811297.43,-5
370262.4563,5811297.43,-5
370267.4563,5811297.43,-5
370272.4563,5811297.43,-5
370277.4563,5811297.43,-5
370282.4563,5811297.43,-5
370287.4563,5811297.43,-10
370292.4563,5811297.43,-10
370297.4563,5811297.43,-10
370302.4563,5811297.43,-10
370307.4563,5811297.43,-10
370312.4563,5811297.43,-10
370317.4563,5811297.43,-10
370322.4563,5811297.43,-10
370327.4563,5811297.43,-10
370332.4563,5811297.43,-10
370337.4563,5811297.43,-15
370342.4563,5811297.43,-15
370347.4563,5811297.43,-15
370352.4563,5811297.43,-15
370357.4563,5811297.43,-15
370362.4563,5811297.43,-15
370367.4563,5811297.43,-15
370372.4563,5811297.43,-15
370377.4563,5811297.43,-15
370382.4563,5811297.43,-15
370387.4563,5811297.43,-20
370392.4563,5811297.43,-20
370397.4563,5811297.43,-20
370402.4563,5811297.43,-20
370407.4563,5811297.43,-20
370412.4563,5811297.43,-20
370417.4563,5811297.43,-20
370422.4563,5811297.43,-20
370427.4563,5811297.43,-20
370432.4563,5811297.43,-20
370437.4563,5811297.43,-20
370442.4563,5811297.43,-20
370207.4563,5811292.43,-1
370212.4563,5811292.43,-1
370217.4563,5811292.43,-1
370222.4563,5811292.43,-1
370227.4563,5811292.43,-1
370232.4563,5811292.43,-1
370237.4563,5811292.43,-1
370242.4563,5811292.43,-1
370247.4563,5811292.43,-5
370252.4563,5811292.43,-5
370257.4563,5811292.43,-5
370262.4563,5811292.43,-5
370267.4563,5811292.43,-5
370272.4563,5811292.43,-5
370277.4563,5811292.43,-5
370282.4563,5811292.43,-10
370287.4563,5811292.43,-10
370292.4563,5811292.43,-10
370297.4563,5811292.43,-10
370302.4563,5811292.43,-10
370307.4563,5811292.43,-10
370312.4563,5811292.43,-10
370317.4563,5811292.43,-10
370322.4563,5811292.43,-10
370327.4563,5811292.43,-10
370332.4563,5811292.43,-10
370337.4563,5811292.43,-15
370342.4563,5811292.43,-15
370347.4563,5811292.43,-15
370352.4563,5811292.43,-15
370357.4563,5811292.43,-15
370362.4563,5811292.43,-15
370367.4563,5811292.43,-15
370372.4563,5811292.43,-15
370377.4563,5811292.43,-15
370382.4563,5811292.43,-15
370387.4563,5811292.43,-20
370392.4563,5811292.43,-20
370397.4563,5811292.43,-20
370402.4563,5811292.43,-20
370407.4563,5811292.43,-20
370412.4563,5811292.43,-20
370417.4563,5811292.43,-20
370422.4563,5811292.43,-20
370427.4563,5811292.43,-20
370432.4563,5811292.43,-20
370437.4563,5811292.43,-20
370442.4563,5811292.43,-20
370207.4563,5811287.43,-1
370212.4563,5811287.43,-1
370217.4563,5811287.43,-1
370222.4563,5811287.43,-1
370227.4563,5811287.43,-1
370232.4563,5811287.43,-1
370237.4563,5811287.43,-1
370242.4563,5811287.43,-5
370247.4563,5811287.43,-5
370252.4563,5811287.43,-5
370257.4563,5811287.43,-5
370262.4563,5811287.43,-5
370267.4563,5811287.43,-5
370272.4563,5811287.43,-5
370277.4563,5811287.43,-5
370282.4563,5811287.43,-10
370287.4563,5811287.43,-10
370292.4563,5811287.43,-10
370297.4563,5811287.43,-10
370302.4563,5811287.43,-10
370307.4563,5811287.43,-10
370312.4563,5811287.43,-10
370317.4563,5811287.43,-10
370322.4563,5811287.43,-10
370327.4563,5811287.43,-10
370332.4563,5811287.43,-15
370337.4563,5811287.43,-15
370342.4563,5811287.43,-15
370347.4563,5811287.43,-15
370352.4563,5811287.43,-15
370357.4563,5811287.43,-15
370362.4563,5811287.43,-15
370367.4563,5811287.43,-15
370372.4563,5811287.43,-15
370377.4563,5811287.43,-15
370382.4563,5811287.43,-15
370387.4563,5811287.43,-20
370392.4563,5811287.43,-20
370397.4563,5811287.43,-20
370402.4563,5811287.43,-20
370407.4563,5811287.43,-20
370412.4563,5811287.43,-20
370417.4563,5811287.43,-20
370422.4563,5811287.43,-20
370427.4563,5811287.43,-20
370432.4563,5811287.43,-20
370437.4563,5811287.43,-20
370442.4563,5811287.43,-20
370207.4563,5811282.43,-1
370212.4563,5811282.43,-1
370217.4563,5811282.43,-1
370222.4563,5811282.43,-1
370227.4563,5811282.43,-1
370232.4563,5811282.43,-1
370237.4563,5811282.43,-5
370242.4563,5811282.43,-5
370247.4563,5811282.43,-5
370252.4563,5811282.43,-5
370257.4563,5811282.43,-5
370262.4563,5811282.43,-5
370267.4563,5811282.43,-5
370272.4563,5811282.43,-5
370277.4563,5811282.43,-5
370282.4563,5811282.43,-10
370287.4563,5811282.43,-10
370292.4563,5811282.43,-10
370297.4563,5811282.43,-10
370302.4563,5811282.43,-10
370307.4563,5811282.43,-10
370312.4563,5811282.43,-10
370317.4563,5811282.43,-10
370322.4563,5811282.43,-10
370327.4563,5811282.43,-10
370332.4563,5811282.43,-15
370337.4563,5811282.43,-15
370342.4563,5811282.43,-15
370347.4563,5811282.43,-15
370352.4563,5811282.43,-15
370357.4563,5811282.43,-15
370362.4563,5811282.43,-15
370367.4563,5811282.43,-15
370372.4563,5811282.43,-15
370377.4563,5811282.43,-15
370382.4563,5811282.43,-15
370387.4563,5811282.43,-20
370392.4563,5811282.43,-20
370397.4563,5811282.43,-20
370402.4563,5811282.43,-20
370407.4563,5811282.43,-20
370412.4563,5811282.43,-20
370417.4563,5811282.43,-20
370422.4563,5811282.43,-20
370427.4563,5811282.43,-20
370432.4563,5811282.43,-20
370437.4563,5811282.43,-20
370202.4563,5811277.43,-1
370207.4563,5811277.43,-1
370212.4563,5811277.43,-1
370217.4563,5811277.43,-1
370222.4563,5811277.43,-1
370227.4563,5811277.43,-1
370232.4563,5811277.43,-1
370237.4563,5811277.43,-5
370242.4563,5811277.43,-5
370247.4563,5811277.43,-5
370252.4563,5811277.43,-5
370257.4563,5811277.43,-5
370262.4563,5811277.43,-5
370267.4563,5811277.43,-5
370272.4563,5811277.43,-5
370277.4563,5811277.43,-10
370282.4563,5811277.43,-10
370287.4563,5811277.43,-10
370292.4563,5811277.43,-10
370297.4563,5811277.43,-10
370302.4563,5811277.43,-10
370307.4563,5811277.43,-10
370312.4563,5811277.43,-10
370317.4563,5811277.43,-10
370322.4563,5811277.43,-10
370327.4563,5811277.43,-10
370332.4563,5811277.43,-15
370337.4563,5811277.43,-15
370342.4563,5811277.43,-15
370347.4563,5811277.43,-15
370352.4563,5811277.43,-15
370357.4563,5811277.43,-15
370362.4563,5811277.43,-15
370367.4563,5811277.43,-15
370372.4563,5811277.43,-15
370377.4563,5811277.43,-15
370382.4563,5811277.43,-15
370387.4563,5811277.43,-20
370392.4563,5811277.43,-20
370397.4563,5811277.43,-20
370402.4563,5811277.43,-20
370407.4563,5811277.43,-20
370412.4563,5811277.43,-20
370417.4563,5811277.43,-20
370422.4563,5811277.43,-20
370427.4563,5811277.43,-20
370432.4563,5811277.43,-20
370437.4563,5811277.43,-20
370207.4563,5811272.43,-1
370212.4563,5811272.43,-1
370217.4563,5811272.43,-1
370222.4563,5811272.43,-1
370227.4563,5811272.43,-1
370232.4563,5811272.43,-1
370237.4563,5811272.43,-5
370242.4563,5811272.43,-5
370247.4563,5811272.43,-5
370252.4563,5811272.43,-5
370257.4563,5811272.43,-5
370262.4563,5811272.43,-5
370267.4563,5811272.43,-5
370272.4563,5811272.43,-5
370277.4563,5811272.43,-10
370282.4563,5811272.43,-10
370287.4563,5811272.43,-10
370292.4563,5811272.43,-10
370297.4563,5811272.43,-10
370302.4563,5811272.43,-10
370307.4563,5811272.43,-10
370312.4563,5811272.43,-10
370317.4563,5811272.43,-10
370322.4563,5811272.43,-10
370327.4563,5811272.43,-10
370332.4563,5811272.43,-15
370337.4563,5811272.43,-15
370342.4563,5811272.43,-15
370347.4563,5811272.43,-15
370352.4563,5811272.43,-15
370357.4563,5811272.43,-15
370362.4563,5811272.43,-15
370367.4563,5811272.43,-15
370372.4563,5811272.43,-15
370377.4563,5811272.43,-15
370382.4563,5811272.43,-15
370387.4563,5811272.43,-20
370392.4563,5811272.43,-20
370397.4563,5811272.43,-20
370402.4563,5811272.43,-20
370407.4563,5811272.43,-20
370412.4563,5811272.43,-20
370417.4563,5811272.43,-20
370422.4563,5811272.43,-20
370427.4563,5811272.43,-20
370432.4563,5811272.43,-20
370207.4563,5811267.43,-1
370212.4563,5811267.43,-1
370217.4563,5811267.43,-1
370222.4563,5811267.43,-1
370227.4563,5811267.43,-1
370232.4563,5811267.43,-5
370237.4563,5811267.43,-5
370242.4563,5811267.43,-5
370247.4563,5811267.43,-5
370252.4563,5811267.43,-5
370257.4563,5811267.43,-5
370262.4563,5811267.43,-5
370267.4563,5811267.43,-5
370272.4563,5811267.43,-5
370277.4563,5811267.43,-10
370282.4563,5811267.43,-10
370287.4563,5811267.43,-10
370292.4563,5811267.43,-10
370297.4563,5811267.43,-10
370302.4563,5811267.43,-10
370307.4563,5811267.43,-10
370312.4563,5811267.43,-10
370317.4563,5811267.43,-10
370322.4563,5811267.43,-10
370327.4563,5811267.43,-15
370332.4563,5811267.43,-15
370337.4563,5811267.43,-15
370342.4563,5811267.43,-15
370347.4563,5811267.43,-15
370352.4563,5811267.43,-15
370357.4563,5811267.43,-15
370362.4563,5811267.43,-15
370367.4563,5811267.43,-15
370372.4563,5811267.43,-15
370377.4563,5811267.43,-15
370382.4563,5811267.43,-15
370387.4563,5811267.43,-20
370392.4563,5811267.43,-20
370397.4563,5811267.43,-20
370402.4563,5811267.43,-20
370407.4563,5811267.43,-20
370412.4563,5811267.43,-20
370417.4563,5811267.43,-20
370422.4563,5811267.43,-20
370427.4563,5811267.43,-20
370432.4563,5811267.43,-20
370207.4563,5811262.43,-1
370212.4563,5811262.43,-1
370217.4563,5811262.43,-1
370222.4563,5811262.43,-1
370227.4563,5811262.43,-1
370232.4563,5811262.43,-5
370237.4563,5811262.43,-5
370242.4563,5811262.43,-5
370247.4563,5811262.43,-5
370252.4563,5811262.43,-5
370257.4563,5811262.43,-5
370262.4563,5811262.43,-5
370267.4563,5811262.43,-5
370272.4563,5811262.43,-5
370277.4563,5811262.43,-10
370282.4563,5811262.43,-10
370287.4563,5811262.43,-10
370292.4563,5811262.43,-10
370297.4563,5811262.43,-10
370302.4563,5811262.43,-10
370307.4563,5811262.43,-10
370312.4563,5811262.43,-10
370317.4563,5811262.43,-10
370322.4563,5811262.43,-10
370327.4563,5811262.43,-15
370332.4563,5811262.43,-15
370337.4563,5811262.43,-15
370342.4563,5811262.43,-15
370347.4563,5811262.43,-15
370352.4563,5811262.43,-15
370357.4563,5811262.43,-15
370362.4563,5811262.43,-15
370367.4563,5811262.43,-15
370372.4563,5811262.43,-15
370377.4563,5811262.43,-15
370382.4563,5811262.43,-15
370387.4563,5811262.43,-20
370392.4563,5811262.43,-20
370397.4563,5811262.43,-20
370402.4563,5811262.43,-20
370407.4563,5811262.43,-20
370412.4563,5811262.43,-20
370417.4563,5811262.43,-20
370422.4563,5811262.43,-20
370427.4563,5811262.43,-20
370432.4563,5811262.43,-20
370212.4563,5811257.43,-1
370217.4563,5811257.43,-1
370222.4563,5811257.43,-1
370227.4563,5811257.43,-1
370232.4563,5811257.43,-5
370237.4563,5811257.43,-5
370242.4563,5811257.43,-5
370247.4563,5811257.43,-5
370252.4563,5811257.43,-5
370257.4563,5811257.43,-5
370262.4563,5811257.43,-5
370267.4563,5811257.43,-5
370272.4563,5811257.43,-5
370277.4563,5811257.43,-10
370282.4563,5811257.43,-10
370287.4563,5811257.43,-10
370292.4563,5811257.43,-10
370297.4563,5811257.43,-10
370302.4563,5811257.43,-10
370307.4563,5811257.43,-10
370312.4563,5811257.43,-10
370317.4563,5811257.43,-10
370322.4563,5811257.43,-15
370327.4563,5811257.43,-15
370332.4563,5811257.43,-15
370337.4563,5811257.43,-15
370342.4563,5811257.43,-15
370347.4563,5811257.43,-15
370352.4563,5811257.43,-15
370357.4563,5811257.43,-15
370362.4563,5811257.43,-15
370367.4563,5811257.43,-15
370372.4563,5811257.43,-15
370377.4563,5811257.43,-15
370382.4563,5811257.43,-15
370387.4563,5811257.43,-20
370392.4563,5811257.43,-20
370397.4563,5811257.43,-20
370402.4563,5811257.43,-20
370407.4563,5811257.43,-20
370412.4563,5811257.43,-20
370417.4563,5811257.43,-20
370422.4563,5811257.43,-20
370427.4563,5811257.43,-20
370212.4563,5811252.43,-1
370217.4563,5811252.43,-1
370222.4563,5811252.43,-1
370227.4563,5811252.43,-5
370232.4563,5811252.43,-5
370237.4563,5811252.43,-5
370242.4563,5811252.43,-5
370247.4563,5811252.43,-5
370252.4563,5811252.43,-5
370257.4563,5811252.43,-5
370262.4563,5811252.43,-5
370267.4563,5811252.43,-5
370272.4563,5811252.43,-5
370277.4563,5811252.43,-10
370282.4563,5811252.43,-10
370287.4563,5811252.43,-10
370292.4563,5811252.43,-10
370297.4563,5811252.43,-10
370302.4563,5811252.43,-10
370307.4563,5811252.43,-10
370312.4563,5811252.43,-10
370317.4563,5811252.43,-10
370322.4563,5811252.43,-15
370327.4563,5811252.43,-15
370332.4563,5811252.43,-15
370337.4563,5811252.43,-15
370342.4563,5811252.43,-15
370347.4563,5811252.43,-15
370352.4563,5811252.43,-15
370357.4563,5811252.43,-15
370362.4563,5811252.43,-15
370367.4563,5811252.43,-15
370372.4563,5811252.43,-15
370377.4563,5811252.43,-15
370382.4563,5811252.43,-20
370387.4563,5811252.43,-20
370392.4563,5811252.43,-20
370397.4563,5811252.43,-20
370402.4563,5811252.43,-20
370407.4563,5811252.43,-20
370412.4563,5811252.43,-20
370417.4563,5811252.43,-20
370422.4563,5811252.43,-20
370212.4563,5811247.43,-1
370217.4563,5811247.43,-1
370222.4563,5811247.43,-1
370227.4563,5811247.43,-5
370232.4563,5811247.43,-5
370237.4563,5811247.43,-5
370242.4563,5811247.43,-5
370247.4563,5811247.43,-5
370252.4563,5811247.43,-5
370257.4563,5811247.43,-5
370262.4563,5811247.43,-5
370267.4563,5811247.43,-5
370272.4563,5811247.43,-10
370277.4563,5811247.43,-10
370282.4563,5811247.43,-10
370287.4563,5811247.43,-10
370292.4563,5811247.43,-10
370297.4563,5811247.43,-10
370302.4563,5811247.43,-10
370307.4563,5811247.43,-10
370312.4563,5811247.43,-15
370317.4563,5811247.43,-15
370322.4563,5811247.43,-15
370327.4563,5811247.43,-15
370332.4563,5811247.43,-15
370337.4563,5811247.43,-15
370342.4563,5811247.43,-15
370347.4563,5811247.43,-15
370352.4563,5811247.43,-15
370357.4563,5811247.43,-15
370362.4563,5811247.43,-15
370367.4563,5811247.43,-15
370372.4563,5811247.43,-15
370377.4563,5811247.43,-15
370382.4563,5811247.43,-20
370387.4563,5811247.43,-20
370392.4563,5811247.43,-20
370397.4563,5811247.43,-20
370402.4563,5811247.43,-20
370407.4563,5811247.43,-20
370412.4563,5811247.43,-20
370417.4563,5811247.43,-20
370422.4563,5811247.43,-20
370212.4563,5811242.43,-1
370217.4563,5811242.43,-1
370222.4563,5811242.43,-1
370227.4563,5811242.43,-5
370232.4563,5811242.43,-5
370237.4563,5811242.43,-5
370242.4563,5811242.43,-5
370247.4563,5811242.43,-5
370252.4563,5811242.43,-5
370257.4563,5811242.43,-5
370262.4563,5811242.43,-5
370267.4563,5811242.43,-10
370272.4563,5811242.43,-10
370277.4563,5811242.43,-10
370282.4563,5811242.43,-10
370287.4563,5811242.43,-10
370292.4563,5811242.43,-10
370297.4563,5811242.43,-10
370302.4563,5811242.43,-10
370307.4563,5811242.43,-10
370312.4563,5811242.43,-15
370317.4563,5811242.43,-15
370322.4563,5811242.43,-15
370327.4563,5811242.43,-15
370332.4563,5811242.43,-15
370337.4563,5811242.43,-15
370342.4563,5811242.43,-15
370347.4563,5811242.43,-15
370352.4563,5811242.43,-15
370357.4563,5811242.43,-15
370362.4563,5811242.43,-15
370367.4563,5811242.43,-15
370372.4563,5811242.43,-15
370377.4563,5811242.43,-15
370382.4563,5811242.43,-20
370387.4563,5811242.43,-20
370392.4563,5811242.43,-20
370397.4563,5811242.43,-20
370402.4563,5811242.43,-20
370407.4563,5811242.43,-20
370412.4563,5811242.43,-20
370417.4563,5811242.43,-20
370192.4563,5811237.43,-1
370197.4563,5811237.43,-1
370202.4563,5811237.43,-1
370207.4563,5811237.43,-1
370212.4563,5811237.43,-1
370217.4563,5811237.43,-1
370222.4563,5811237.43,-1
370227.4563,5811237.43,-5
370232.4563,5811237.43,-5
370237.4563,5811237.43,-5
370242.4563,5811237.43,-5
370247.4563,5811237.43,-10
370252.4563,5811237.43,-10
370257.4563,5811237.43,-10
370262.4563,5811237.43,-10
370267.4563,5811237.43,-10
370272.4563,5811237.43,-10
370277.4563,5811237.43,-10
370282.4563,5811237.43,-10
370287.4563,5811237.43,-10
370292.4563,5811237.43,-10
370297.4563,5811237.43,-10
370302.4563,5811237.43,-10
370307.4563,5811237.43,-15
370312.4563,5811237.43,-15
370317.4563,5811237.43,-15
370322.4563,5811237.43,-15
370327.4563,5811237.43,-15
370332.4563,5811237.43,-15
370337.4563,5811237.43,-15
370342.4563,5811237.43,-15
370347.4563,5811237.43,-15
370352.4563,5811237.43,-15
370357.4563,5811237.43,-15
370362.4563,5811237.43,-15
370367.4563,5811237.43,-15
370372.4563,5811237.43,-15
370377.4563,5811237.43,-20
370382.4563,5811237.43,-20
370387.4563,5811237.43,-20
370392.4563,5811237.43,-20
370397.4563,5811237.43,-20
370402.4563,5811237.43,-20
370407.4563,5811237.43,-20
370412.4563,5811237.43,-20
370187.4563,5811232.43,-1
370192.4563,5811232.43,-1
370197.4563,5811232.43,-1
370202.4563,5811232.43,-1
370207.4563,5811232.43,-1
370212.4563,5811232.43,-1
370217.4563,5811232.43,-1
370222.4563,5811232.43,-1
370227.4563,5811232.43,-5
370232.4563,5811232.43,-5
370237.4563,5811232.43,-5
370242.4563,5811232.43,-5
370247.4563,5811232.43,-10
370252.4563,5811232.43,-10
370257.4563,5811232.43,-10
370262.4563,5811232.43,-10
370267.4563,5811232.43,-10
370272.4563,5811232.43,-10
370277.4563,5811232.43,-10
370282.4563,5811232.43,-10
370287.4563,5811232.43,-10
370292.4563,5811232.43,-10
370297.4563,5811232.43,-10
370302.4563,5811232.43,-15
370307.4563,5811232.43,-15
370312.4563,5811232.43,-15
370317.4563,5811232.43,-15
370322.4563,5811232.43,-15
370327.4563,5811232.43,-15
370332.4563,5811232.43,-15
370337.4563,5811232.43,-15
370342.4563,5811232.43,-15
370347.4563,5811232.43,-15
370352.4563,5811232.43,-15
370357.4563,5811232.43,-15
370362.4563,5811232.43,-15
370367.4563,5811232.43,-15
370372.4563,5811232.43,-20
370377.4563,5811232.43,-20
370382.4563,5811232.43,-20
370387.4563,5811232.43,-20
370392.4563,5811232.43,-20
370397.4563,5811232.43,-20
370402.4563,5811232.43,-20
370407.4563,5811232.43,-20
370412.4563,5811232.43,-20
370187.4563,5811227.43,-1
370192.4563,5811227.43,-1
370197.4563,5811227.43,-1
370202.4563,5811227.43,-1
370207.4563,5811227.43,-1
370212.4563,5811227.43,-1
370217.4563,5811227.43,-1
370222.4563,5811227.43,-5
370227.4563,5811227.43,-5
370232.4563,5811227.43,-5
370237.4563,5811227.43,-5
370242.4563,5811227.43,-10
370247.4563,5811227.43,-10
370252.4563,5811227.43,-10
370257.4563,5811227.43,-10
370262.4563,5811227.43,-10
370267.4563,5811227.43,-10
370272.4563,5811227.43,-10
370277.4563,5811227.43,-10
370282.4563,5811227.43,-10
370287.4563,5811227.43,-10
370292.4563,5811227.43,-10
370297.4563,5811227.43,-15
370302.4563,5811227.43,-15
370307.4563,5811227.43,-15
370312.4563,5811227.43,-15
370317.4563,5811227.43,-15
370322.4563,5811227.43,-15
370327.4563,5811227.43,-15
370332.4563,5811227.43,-15
370337.4563,5811227.43,-15
370342.4563,5811227.43,-15
370347.4563,5811227.43,-15
370352.4563,5811227.43,-15
370357.4563,5811227.43,-15
370362.4563,5811227.43,-15
370367.4563,5811227.43,-20
370372.4563,5811227.43,-20
370377.4563,5811227.43,-20
370382.4563,5811227.43,-20
370387.4563,5811227.43,-20
370392.4563,5811227.43,-20
370397.4563,5811227.43,-20
370402.4563,5811227.43,-20
370407.4563,5811227.43,-20
370187.4563,5811222.43,-1
370192.4563,5811222.43,-1
370197.4563,5811222.43,-1
370202.4563,5811222.43,-1
370207.4563,5811222.43,-1
370212.4563,5811222.43,-1
370217.4563,5811222.43,-1
370222.4563,5811222.43,-5
370227.4563,5811222.43,-5
370232.4563,5811222.43,-5
370237.4563,5811222.43,-5
370242.4563,5811222.43,-10
370247.4563,5811222.43,-10
370252.4563,5811222.43,-10
370257.4563,5811222.43,-10
370262.4563,5811222.43,-10
370267.4563,5811222.43,-10
370272.4563,5811222.43,-10
370277.4563,5811222.43,-10
370282.4563,5811222.43,-10
370287.4563,5811222.43,-10
370292.4563,5811222.43,-15
370297.4563,5811222.43,-15
370302.4563,5811222.43,-15
370307.4563,5811222.43,-15
370312.4563,5811222.43,-15
370317.4563,5811222.43,-15
370322.4563,5811222.43,-15
370327.4563,5811222.43,-15
370332.4563,5811222.43,-15
370337.4563,5811222.43,-15
370342.4563,5811222.43,-15
370347.4563,5811222.43,-15
370352.4563,5811222.43,-15
370357.4563,5811222.43,-15
370362.4563,5811222.43,-20
370367.4563,5811222.43,-20
370372.4563,5811222.43,-20
370377.4563,5811222.43,-20
370382.4563,5811222.43,-20
370387.4563,5811222.43,-20
370392.4563,5811222.43,-20
370397.4563,5811222.43,-20
370402.4563,5811222.43,-20
370187.4563,5811217.43,-1
370192.4563,5811217.43,-1
370197.4563,5811217.43,-1
370202.4563,5811217.43,-1
370207.4563,5811217.43,-1
370212.4563,5811217.43,-1
370217.4563,5811217.43,-5
370222.4563,5811217.43,-5
370227.4563,5811217.43,-5
370232.4563,5811217.43,-5
370237.4563,5811217.43,-10
370242.4563,5811217.43,-10
370247.4563,5811217.43,-10
370252.4563,5811217.43,-10
370257.4563,5811217.43,-10
370262.4563,5811217.43,-10
370267.4563,5811217.43,-10
370272.4563,5811217.43,-10
370277.4563,5811217.43,-10
370282.4563,5811217.43,-10
370287.4563,5811217.43,-15
370292.4563,5811217.43,-15
370297.4563,5811217.43,-15
370302.4563,5811217.43,-15
370307.4563,5811217.43,-15
370312.4563,5811217.43,-15
370317.4563,5811217.43,-15
370322.4563,5811217.43,-15
370327.4563,5811217.43,-15
370332.4563,5811217.43,-15
370337.4563,5811217.43,-15
370342.4563,5811217.43,-15
370347.4563,5811217.43,-15
370352.4563,5811217.43,-15
370357.4563,5811217.43,-15
370362.4563,5811217.43,-20
370367.4563,5811217.43,-20
370372.4563,5811217.43,-20
370377.4563,5811217.43,-20
370382.4563,5811217.43,-20
370387.4563,5811217.43,-20
370392.4563,5811217.43,-20
370397.4563,5811217.43,-20
370402.4563,5811217.43,-20
370182.4563,5811212.43,-1
370187.4563,5811212.43,-1
370192.4563,5811212.43,-1
370197.4563,5811212.43,-1
370202.4563,5811212.43,-1
370207.4563,5811212.43,-1
370212.4563,5811212.43,-5
370217.4563,5811212.43,-5
370222.4563,5811212.43,-5
370227.4563,5811212.43,-5
370232.4563,5811212.43,-5
370237.4563,5811212.43,-10
370242.4563,5811212.43,-10
370247.4563,5811212.43,-10
370252.4563,5811212.43,-10
370257.4563,5811212.43,-10
370262.4563,5811212.43,-10
370267.4563,5811212.43,-10
370272.4563,5811212.43,-10
370277.4563,5811212.43,-10
370282.4563,5811212.43,-15
370287.4563,5811212.43,-15
370292.4563,5811212.43,-15
370297.4563,5811212.43,-15
370302.4563,5811212.43,-15
370307.4563,5811212.43,-15
370312.4563,5811212.43,-15
370317.4563,5811212.43,-15
370322.4563,5811212.43,-15
370327.4563,5811212.43,-15
370332.4563,5811212.43,-15
370337.4563,5811212.43,-15
370342.4563,5811212.43,-15
370347.4563,5811212.43,-15
370352.4563,5811212.43,-15
370357.4563,5811212.43,-20
370362.4563,5811212.43,-20
370367.4563,5811212.43,-20
370372.4563,5811212.43,-20
370377.4563,5811212.43,-20
370382.4563,5811212.43,-20
370387.4563,5811212.43,-20
370392.4563,5811212.43,-20
370397.4563,5811212.43,-20
370182.4563,5811207.43,-1
370187.4563,5811207.43,-1
370192.4563,5811207.43,-1
370197.4563,5811207.43,-1
370202.4563,5811207.43,-1
370207.4563,5811207.43,-5
370212.4563,5811207.43,-5
370217.4563,5811207.43,-5
370222.4563,5811207.43,-5
370227.4563,5811207.43,-5
370232.4563,5811207.43,-10
370237.4563,5811207.43,-10
370242.4563,5811207.43,-10
370247.4563,5811207.43,-10
370252.4563,5811207.43,-10
370257.4563,5811207.43,-10
370262.4563,5811207.43,-10
370267.4563,5811207.43,-10
370272.4563,5811207.43,-10
370277.4563,5811207.43,-15
370282.4563,5811207.43,-15
370287.4563,5811207.43,-15
370292.4563,5811207.43,-15
370297.4563,5811207.43,-15
370302.4563,5811207.43,-15
370307.4563,5811207.43,-15
370312.4563,5811207.43,-15
370317.4563,5811207.43,-15
370322.4563,5811207.43,-15
370327.4563,5811207.43,-15
370332.4563,5811207.43,-15
370337.4563,5811207.43,-15
370342.4563,5811207.43,-15
370347.4563,5811207.43,-15
370352.4563,5811207.43,-20
370357.4563,5811207.43,-20
370362.4563,5811207.43,-20
370367.4563,5811207.43,-20
370372.4563,5811207.43,-20
370377.4563,5811207.43,-20
370382.4563,5811207.43,-20
370387.4563,5811207.43,-20
370392.4563,5811207.43,-20
370182.4563,5811202.43,-1
370187.4563,5811202.43,-1
370192.4563,5811202.43,-1
370197.4563,5811202.43,-1
370202.4563,5811202.43,-5
370207.4563,5811202.43,-5
370212.4563,5811202.43,-5
370217.4563,5811202.43,-5
370222.4563,5811202.43,-5
370227.4563,5811202.43,-5
370232.4563,5811202.43,-10
370237.4563,5811202.43,-10
370242.4563,5811202.43,-10
370247.4563,5811202.43,-10
370252.4563,5811202.43,-10
370257.4563,5811202.43,-10
370262.4563,5811202.43,-10
370267.4563,5811202.43,-10
370272.4563,5811202.43,-15
370277.4563,5811202.43,-15
370282.4563,5811202.43,-15
370287.4563,5811202.43,-15
370292.4563,5811202.43,-15
370297.4563,5811202.43,-15
370302.4563,5811202.43,-15
370307.4563,5811202.43,-15
370312.4563,5811202.43,-15
370317.4563,5811202.43,-15
370322.4563,5811202.43,-15
370327.4563,5811202.43,-15
370332.4563,5811202.43,-15
370337.4563,5811202.43,-15
370342.4563,5811202.43,-15
370347.4563,5811202.43,-20
370352.4563,5811202.43,-20
370357.4563,5811202.43,-20
370362.4563,5811202.43,-20
370367.4563,5811202.43,-20
370372.4563,5811202.43,-20
370377.4563,5811202.43,-20
370382.4563,5811202.43,-20
370387.4563,5811202.43,-20
370392.4563,5811202.43,-20
370177.4563,5811197.43,-1
370182.4563,5811197.43,-1
370187.4563,5811197.43,-1
370192.4563,5811197.43,-1
370197.4563,5811197.43,-1
370202.4563,5811197.43,-5
370207.4563,5811197.43,-5
370212.4563,5811197.43,-5
370217.4563,5811197.43,-5
370222.4563,5811197.43,-5
370227.4563,5811197.43,-10
370232.4563,5811197.43,-10
370237.4563,5811197.43,-10
370242.4563,5811197.43,-10
370247.4563,5811197.43,-10
370252.4563,5811197.43,-10
370257.4563,5811197.43,-10
370262.4563,5811197.43,-10
370267.4563,5811197.43,-10
370272.4563,5811197.43,-15
370277.4563,5811197.43,-15
370282.4563,5811197.43,-15
370287.4563,5811197.43,-15
370292.4563,5811197.43,-15
370297.4563,5811197.43,-15
370302.4563,5811197.43,-15
370307.4563,5811197.43,-15
370312.4563,5811197.43,-15
370317.4563,5811197.43,-15
370322.4563,5811197.43,-15
370327.4563,5811197.43,-15
370332.4563,5811197.43,-15
370337.4563,5811197.43,-15
370342.4563,5811197.43,-20
370347.4563,5811197.43,-20
370352.4563,5811197.43,-20
370357.4563,5811197.43,-20
370362.4563,5811197.43,-20
370367.4563,5811197.43,-20
370372.4563,5811197.43,-20
370377.4563,5811197.43,-20
370382.4563,5811197.43,-20
370387.4563,5811197.43,-20
370177.4563,5811192.43,-1
370182.4563,5811192.43,-1
370187.4563,5811192.43,-1
370192.4563,5811192.43,-1
370197.4563,5811192.43,-5
370202.4563,5811192.43,-5
370207.4563,5811192.43,-5
370212.4563,5811192.43,-5
370217.4563,5811192.43,-5
370222.4563,5811192.43,-5
370227.4563,5811192.43,-10
370232.4563,5811192.43,-10
370237.4563,5811192.43,-10
370242.4563,5811192.43,-10
370247.4563,5811192.43,-10
370252.4563,5811192.43,-10
370257.4563,5811192.43,-10
370262.4563,5811192.43,-15
370267.4563,5811192.43,-15
370272.4563,5811192.43,-15
370277.4563,5811192.43,-15
370282.4563,5811192.43,-15
370287.4563,5811192.43,-15
370292.4563,5811192.43,-15
370297.4563,5811192.43,-15
370302.4563,5811192.43,-15
370307.4563,5811192.43,-15
370312.4563,5811192.43,-15
370317.4563,5811192.43,-15
370322.4563,5811192.43,-15
370327.4563,5811192.43,-15
370332.4563,5811192.43,-15
370337.4563,5811192.43,-20
370342.4563,5811192.43,-20
370347.4563,5811192.43,-20
370352.4563,5811192.43,-20
370357.4563,5811192.43,-20
370362.4563,5811192.43,-20
370367.4563,5811192.43,-20
370372.4563,5811192.43,-20
370377.4563,5811192.43,-20
370382.4563,5811192.43,-20
370177.4563,5811187.43,-1
370182.4563,5811187.43,-1
370187.4563,5811187.43,-1
370192.4563,5811187.43,-5
370197.4563,5811187.43,-5
370202.4563,5811187.43,-5
370207.4563,5811187.43,-5
370212.4563,5811187.43,-5
370217.4563,5811187.43,-5
370222.4563,5811187.43,-10
370227.4563,5811187.43,-10
370232.4563,5811187.43,-10
370237.4563,5811187.43,-10
370242.4563,5811187.43,-10
370247.4563,5811187.43,-10
370252.4563,5811187.43,-10
370257.4563,5811187.43,-15
370262.4563,5811187.43,-15
370267.4563,5811187.43,-15
370272.4563,5811187.43,-15
370277.4563,5811187.43,-15
370282.4563,5811187.43,-15
370287.4563,5811187.43,-15
370292.4563,5811187.43,-15
370297.4563,5811187.43,-15
370302.4563,5811187.43,-15
370307.4563,5811187.43,-15
370312.4563,5811187.43,-15
370317.4563,5811187.43,-15
370322.4563,5811187.43,-15
370327.4563,5811187.43,-15
370332.4563,5811187.43,-20
370337.4563,5811187.43,-20
370342.4563,5811187.43,-20
370347.4563,5811187.43,-20
370352.4563,5811187.43,-20
370357.4563,5811187.43,-20
370362.4563,5811187.43,-20
370367.4563,5811187.43,-20
370372.4563,5811187.43,-20
370377.4563,5811187.43,-20
370382.4563,5811187.43,-20
370172.4563,5811182.43,-1
370177.4563,5811182.43,-1
370182.4563,5811182.43,-1
370187.4563,5811182.43,-5
370192.4563,5811182.43,-5
370197.4563,5811182.43,-5
370202.4563,5811182.43,-5
370207.4563,5811182.43,-5
370212.4563,5811182.43,-5
370217.4563,5811182.43,-10
370222.4563,5811182.43,-10
370227.4563,5811182.43,-10
370232.4563,5811182.43,-10
370237.4563,5811182.43,-10
370242.4563,5811182.43,-10
370247.4563,5811182.43,-10
370252.4563,5811182.43,-15
370257.4563,5811182.43,-15
370262.4563,5811182.43,-15
370267.4563,5811182.43,-15
370272.4563,5811182.43,-15
370277.4563,5811182.43,-15
370282.4563,5811182.43,-15
370287.4563,5811182.43,-15
370292.4563,5811182.43,-15
370297.4563,5811182.43,-15
370302.4563,5811182.43,-15
370307.4563,5811182.43,-15
370312.4563,5811182.43,-15
370317.4563,5811182.43,-15
370322.4563,5811182.43,-20
370327.4563,5811182.43,-20
370332.4563,5811182.43,-20
370337.4563,5811182.43,-20
370342.4563,5811182.43,-20
370347.4563,5811182.43,-20
370352.4563,5811182.43,-20
370357.4563,5811182.43,-20
370362.4563,5811182.43,-20
370367.4563,5811182.43,-20
370372.4563,5811182.43,-20
370377.4563,5811182.43,-20
370172.4563,5811177.43,-1
370177.4563,5811177.43,-1
370182.4563,5811177.43,-1
370187.4563,5811177.43,-5
370192.4563,5811177.43,-5
370197.4563,5811177.43,-5
370202.4563,5811177.43,-5
370207.4563,5811177.43,-5
370212.4563,5811177.43,-10
370217.4563,5811177.43,-10
370222.4563,5811177.43,-10
370227.4563,5811177.43,-10
370232.4563,5811177.43,-10
370237.4563,5811177.43,-10
370242.4563,5811177.43,-10
370247.4563,5811177.43,-15
370252.4563,5811177.43,-15
370257.4563,5811177.43,-15
370262.4563,5811177.43,-15
370267.4563,5811177.43,-15
370272.4563,5811177.43,-15
370277.4563,5811177.43,-15
370282.4563,5811177.43,-15
370287.4563,5811177.43,-15
370292.4563,5811177.43,-15
370297.4563,5811177.43,-15
370302.4563,5811177.43,-15
370307.4563,5811177.43,-15
370312.4563,5811177.43,-15
370317.4563,5811177.43,-20
370322.4563,5811177.43,-20
370327.4563,5811177.43,-20
370332.4563,5811177.43,-20
370337.4563,5811177.43,-20
370342.4563,5811177.43,-20
370347.4563,5811177.43,-20
370352.4563,5811177.43,-20
370357.4563,5811177.43,-20
370362.4563,5811177.43,-20
370367.4563,5811177.43,-20
370372.4563,5811177.43,-20
370172.4563,5811172.43,-1
370177.4563,5811172.43,-1
370182.4563,5811172.43,-1
370187.4563,5811172.43,-5
370192.4563,5811172.43,-5
370197.4563,5811172.43,-5
370202.4563,5811172.43,-5
370207.4563,5811172.43,-10
370212.4563,5811172.43,-10
370217.4563,5811172.43,-10
370222.4563,5811172.43,-10
370227.4563,5811172.43,-10
370232.4563,5811172.43,-10
370237.4563,5811172.43,-10
370242.4563,5811172.43,-10
370247.4563,5811172.43,-15
370252.4563,5811172.43,-15
370257.4563,5811172.43,-15
370262.4563,5811172.43,-15
370267.4563,5811172.43,-15
370272.4563,5811172.43,-15
370277.4563,5811172.43,-15
370282.4563,5811172.43,-15
370287.4563,5811172.43,-15
370292.4563,5811172.43,-15
370297.4563,5811172.43,-15
370302.4563,5811172.43,-15
370307.4563,5811172.43,-15
370312.4563,5811172.43,-20
370317.4563,5811172.43,-20
370322.4563,5811172.43,-20
370327.4563,5811172.43,-20
370332.4563,5811172.43,-20
370337.4563,5811172.43,-20
370342.4563,5811172.43,-20
370347.4563,5811172.43,-20
370352.4563,5811172.43,-20
370357.4563,5811172.43,-20
370362.4563,5811172.43,-20
370367.4563,5811172.43,-20
370372.4563,5811172.43,-20
370167.4563,5811167.43,-1
370172.4563,5811167.43,-1
370177.4563,5811167.43,-1
370182.4563,5811167.43,-5
370187.4563,5811167.43,-5
370192.4563,5811167.43,-5
370197.4563,5811167.43,-5
370202.4563,5811167.43,-10
370207.4563,5811167.43,-10
370212.4563,5811167.43,-10
370217.4563,5811167.43,-10
370222.4563,5811167.43,-10
370227.4563,5811167.43,-10
370232.4563,5811167.43,-10
370237.4563,5811167.43,-10
370242.4563,5811167.43,-15
370247.4563,5811167.43,-15
370252.4563,5811167.43,-15
370257.4563,5811167.43,-15
370262.4563,5811167.43,-15
370267.4563,5811167.43,-15
370272.4563,5811167.43,-15
370277.4563,5811167.43,-15
370282.4563,5811167.43,-15
370287.4563,5811167.43,-15
370292.4563,5811167.43,-15
370297.4563,5811167.43,-15
370302.4563,5811167.43,-20
370307.4563,5811167.43,-20
370312.4563,5811167.43,-20
370317.4563,5811167.43,-20
370322.4563,5811167.43,-20
370327.4563,5811167.43,-20
370332.4563,5811167.43,-20
370337.4563,5811167.43,-20
370342.4563,5811167.43,-20
370347.4563,5811167.43,-20
370352.4563,5811167.43,-20
370357.4563,5811167.43,-20
370362.4563,5811167.43,-20
370367.4563,5811167.43,-20
370167.4563,5811162.43,-1
370172.4563,5811162.43,-1
370177.4563,5811162.43,-1
370182.4563,5811162.43,-5
370187.4563,5811162.43,-5
370192.4563,5811162.43,-5
370197.4563,5811162.43,-5
370202.4563,5811162.43,-10
370207.4563,5811162.43,-10
370212.4563,5811162.43,-10
370217.4563,5811162.43,-10
370222.4563,5811162.43,-10
370227.4563,5811162.43,-10
370232.4563,5811162.43,-10
370237.4563,5811162.43,-15
370242.4563,5811162.43,-15
370247.4563,5811162.43,-15
370252.4563,5811162.43,-15
370257.4563,5811162.43,-15
370262.4563,5811162.43,-15
370267.4563,5811162.43,-15
370272.4563,5811162.43,-15
370277.4563,5811162.43,-15
370282.4563,5811162.43,-15
370287.4563,5811162.43,-15
370292.4563,5811162.43,-15
370297.4563,5811162.43,-15
370302.4563,5811162.43,-20
370307.4563,5811162.43,-20
370312.4563,5811162.43,-20
370317.4563,5811162.43,-20
370322.4563,5811162.43,-20
370327.4563,5811162.43,-20
370332.4563,5811162.43,-20
370337.4563,5811162.43,-20
370342.4563,5811162.43,-20
370347.4563,5811162.43,-20
370352.4563,5811162.43,-20
370357.4563,5811162.43,-20
370362.4563,5811162.43,-20
370167.4563,5811157.43,-1
370172.4563,5811157.43,-1
370177.4563,5811157.43,-1
370182.4563,5811157.43,-5
370187.4563,5811157.43,-5
370192.4563,5811157.43,-5
370197.4563,5811157.43,-10
370202.4563,5811157.43,-10
370207.4563,5811157.43,-10
370212.4563,5811157.43,-10
370217.4563,5811157.43,-10
370222.4563,5811157.43,-10
370227.4563,5811157.43,-10
370232.4563,5811157.43,-15
370237.4563,5811157.43,-15
370242.4563,5811157.43,-15
370247.4563,5811157.43,-15
370252.4563,5811157.43,-15
370257.4563,5811157.43,-15
370262.4563,5811157.43,-15
370267.4563,5811157.43,-15
370272.4563,5811157.43,-15
370277.4563,5811157.43,-15
370282.4563,5811157.43,-15
370287.4563,5811157.43,-15
370292.4563,5811157.43,-15
370297.4563,5811157.43,-20
370302.4563,5811157.43,-20
370307.4563,5811157.43,-20
370312.4563,5811157.43,-20
370317.4563,5811157.43,-20
370322.4563,5811157.43,-20
370327.4563,5811157.43,-20
370332.4563,5811157.43,-20
370337.4563,5811157.43,-20
370342.4563,5811157.43,-20
370347.4563,5811157.43,-20
370352.4563,5811157.43,-20
370357.4563,5811157.43,-20
370362.4563,5811157.43,-20
370162.4563,5811152.43,-1
370167.4563,5811152.43,-1
370172.4563,5811152.43,-1
370177.4563,5811152.43,-5
370182.4563,5811152.43,-5
370187.4563,5811152.43,-5
370192.4563,5811152.43,-5
370197.4563,5811152.43,-10
370202.4563,5811152.43,-10
370207.4563,5811152.43,-10
370212.4563,5811152.43,-10
370217.4563,5811152.43,-10
370222.4563,5811152.43,-10
370227.4563,5811152.43,-15
370232.4563,5811152.43,-15
370237.4563,5811152.43,-15
370242.4563,5811152.43,-15
370247.4563,5811152.43,-15
370252.4563,5811152.43,-15
370257.4563,5811152.43,-15
370262.4563,5811152.43,-15
370267.4563,5811152.43,-15
370272.4563,5811152.43,-15
370277.4563,5811152.43,-15
370282.4563,5811152.43,-15
370287.4563,5811152.43,-15
370292.4563,5811152.43,-15
370297.4563,5811152.43,-20
370302.4563,5811152.43,-20
370307.4563,5811152.43,-20
370312.4563,5811152.43,-20
370317.4563,5811152.43,-20
370322.4563,5811152.43,-20
370327.4563,5811152.43,-20
370332.4563,5811152.43,-20
370337.4563,5811152.43,-20
370342.4563,5811152.43,-20
370347.4563,5811152.43,-20
370352.4563,5811152.43,-20
370357.4563,5811152.43,-20
370157.4563,5811147.43,-1
370162.4563,5811147.43,-1
370167.4563,5811147.43,-1
370172.4563,5811147.43,-1
370177.4563,5811147.43,-5
370182.4563,5811147.43,-5
370187.4563,5811147.43,-5
370192.4563,5811147.43,-5
370197.4563,5811147.43,-10
370202.4563,5811147.43,-10
370207.4563,5811147.43,-10
370212.4563,5811147.43,-10
370217.4563,5811147.43,-10
370222.4563,5811147.43,-15
370227.4563,5811147.43,-15
370232.4563,5811147.43,-15
370237.4563,5811147.43,-15
370242.4563,5811147.43,-15
370247.4563,5811147.43,-15
370252.4563,5811147.43,-15
370257.4563,5811147.43,-15
370262.4563,5811147.43,-15
370267.4563,5811147.43,-15
370272.4563,5811147.43,-15
370277.4563,5811147.43,-15
370282.4563,5811147.43,-15
370287.4563,5811147.43,-15
370292.4563,5811147.43,-15
370297.4563,5811147.43,-20
370302.4563,5811147.43,-20
370307.4563,5811147.43,-20
370312.4563,5811147.43,-20
370317.4563,5811147.43,-20
370322.4563,5811147.43,-20
370327.4563,5811147.43,-20
370332.4563,5811147.43,-20
370337.4563,5811147.43,-20
370342.4563,5811147.43,-20
370347.4563,5811147.43,-20
370352.4563,5811147.43,-20
370152.4563,5811142.43,-1
370157.4563,5811142.43,-1
370162.4563,5811142.43,-1
370167.4563,5811142.43,-1
370172.4563,5811142.43,-5
370177.4563,5811142.43,-5
370182.4563,5811142.43,-5
370187.4563,5811142.43,-5
370192.4563,5811142.43,-10
370197.4563,5811142.43,-10
370202.4563,5811142.43,-10
370207.4563,5811142.43,-10
370212.4563,5811142.43,-10
370217.4563,5811142.43,-10
370222.4563,5811142.43,-15
370227.4563,5811142.43,-15
370232.4563,5811142.43,-15
370237.4563,5811142.43,-15
370242.4563,5811142.43,-15
370247.4563,5811142.43,-15
370252.4563,5811142.43,-15
370257.4563,5811142.43,-15
370262.4563,5811142.43,-15
370267.4563,5811142.43,-15
370272.4563,5811142.43,-15
370277.4563,5811142.43,-15
370282.4563,5811142.43,-15
370287.4563,5811142.43,-15
370292.4563,5811142.43,-15
370297.4563,5811142.43,-20
370302.4563,5811142.43,-20
370307.4563,5811142.43,-20
370312.4563,5811142.43,-20
370317.4563,5811142.43,-20
370322.4563,5811142.43,-20
370327.4563,5811142.43,-20
370332.4563,5811142.43,-20
370337.4563,5811142.43,-20
370342.4563,5811142.43,-20
370347.4563,5811142.43,-20
370352.4563,5811142.43,-20
370147.4563,5811137.43,-1
370152.4563,5811137.43,-1
370157.4563,5811137.43,-1
370162.4563,5811137.43,-1
370167.4563,5811137.43,-1
370172.4563,5811137.43,-5
370177.4563,5811137.43,-5
370182.4563,5811137.43,-5
370187.4563,5811137.43,-10
370192.4563,5811137.43,-10
370197.4563,5811137.43,-10
370202.4563,5811137.43,-10
370207.4563,5811137.43,-10
370212.4563,5811137.43,-10
370217.4563,5811137.43,-15
370222.4563,5811137.43,-15
370227.4563,5811137.43,-15
370232.4563,5811137.43,-15
370237.4563,5811137.43,-15
370242.4563,5811137.43,-15
370247.4563,5811137.43,-15
370252.4563,5811137.43,-15
370257.4563,5811137.43,-15
370262.4563,5811137.43,-15
370267.4563,5811137.43,-15
370272.4563,5811137.43,-15
370277.4563,5811137.43,-15
370282.4563,5811137.43,-15
370287.4563,5811137.43,-15
370292.4563,5811137.43,-15
370297.4563,5811137.43,-15
370302.4563,5811137.43,-20
370307.4563,5811137.43,-20
370312.4563,5811137.43,-20
370317.4563,5811137.43,-20
370322.4563,5811137.43,-20
370327.4563,5811137.43,-20
370332.4563,5811137.43,-20
370337.4563,5811137.43,-20
370342.4563,5811137.43,-20
370347.4563,5811137.43,-20
370147.4563,5811132.43,-1
370152.4563,5811132.43,-1
370157.4563,5811132.43,-1
370162.4563,5811132.43,-1
370167.4563,5811132.43,-5
370172.4563,5811132.43,-5
370177.4563,5811132.43,-5
370182.4563,5811132.43,-10
370187.4563,5811132.43,-10
370192.4563,5811132.43,-10
370197.4563,5811132.43,-10
370202.4563,5811132.43,-10
370207.4563,5811132.43,-10
370212.4563,5811132.43,-10
370217.4563,5811132.43,-15
370222.4563,5811132.43,-15
370227.4563,5811132.43,-15
370232.4563,5811132.43,-15
370237.4563,5811132.43,-15
370242.4563,5811132.43,-15
370247.4563,5811132.43,-15
370252.4563,5811132.43,-15
370257.4563,5811132.43,-15
370262.4563,5811132.43,-15
370267.4563,5811132.43,-15
370272.4563,5811132.43,-15
370277.4563,5811132.43,-15
370282.4563,5811132.43,-15
370287.4563,5811132.43,-15
370292.4563,5811132.43,-15
370297.4563,5811132.43,-15
370302.4563,5811132.43,-15
370307.4563,5811132.43,-20
370312.4563,5811132.43,-20
370317.4563,5811132.43,-20
370322.4563,5811132.43,-20
370327.4563,5811132.43,-20
370332.4563,5811132.43,-20
370337.4563,5811132.43,-20
370342.4563,5811132.43,-20
370142.4563,5811127.43,-1
370147.4563,5811127.43,-1
370152.4563,5811127.43,-1
370157.4563,5811127.43,-1
370162.4563,5811127.43,-5
370167.4563,5811127.43,-5
370172.4563,5811127.43,-5
370177.4563,5811127.43,-10
370182.4563,5811127.43,-10
370187.4563,5811127.43,-10
370192.4563,5811127.43,-10
370197.4563,5811127.43,-10
370202.4563,5811127.43,-10
370207.4563,5811127.43,-10
370212.4563,5811127.43,-10
370217.4563,5811127.43,-15
370222.4563,5811127.43,-15
370227.4563,5811127.43,-15
370232.4563,5811127.43,-15
370237.4563,5811127.43,-15
370242.4563,5811127.43,-15
370247.4563,5811127.43,-15
370252.4563,5811127.43,-15
370257.4563,5811127.43,-15
370262.4563,5811127.43,-15
370267.4563,5811127.43,-15
370272.4563,5811127.43,-15
370277.4563,5811127.43,-15
370282.4563,5811127.43,-15
370287.4563,5811127.43,-15
370292.4563,5811127.43,-15
370297.4563,5811127.43,-15
370302.4563,5811127.43,-15
370307.4563,5811127.43,-15
370312.4563,5811127.43,-15
370317.4563,5811127.43,-20
370322.4563,5811127.43,-20
370327.4563,5811127.43,-20
370332.4563,5811127.43,-20
370337.4563,5811127.43,-20
370342.4563,5811127.43,-20
370142.4563,5811122.43,-1
370147.4563,5811122.43,-1
370152.4563,5811122.43,-1
370157.4563,5811122.43,-5
370162.4563,5811122.43,-5
370167.4563,5811122.43,-5
370172.4563,5811122.43,-5
370177.4563,5811122.43,-10
370182.4563,5811122.43,-10
370187.4563,5811122.43,-10
370192.4563,5811122.43,-10
370197.4563,5811122.43,-10
370202.4563,5811122.43,-10
370207.4563,5811122.43,-10
370212.4563,5811122.43,-10
370217.4563,5811122.43,-10
370222.4563,5811122.43,-15
370227.4563,5811122.43,-15
370232.4563,5811122.43,-15
370237.4563,5811122.43,-15
370242.4563,5811122.43,-15
370247.4563,5811122.43,-15
370252.4563,5811122.43,-15
370257.4563,5811122.43,-15
370262.4563,5811122.43,-15
370267.4563,5811122.43,-15
370272.4563,5811122.43,-15
370277.4563,5811122.43,-15
370282.4563,5811122.43,-15
370287.4563,5811122.43,-15
370292.4563,5811122.43,-15
370297.4563,5811122.43,-15
370302.4563,5811122.43,-15
370307.4563,5811122.43,-15
370312.4563,5811122.43,-15
370317.4563,5811122.43,-15
370322.4563,5811122.43,-15
370327.4563,5811122.43,-20
370332.4563,5811122.43,-20
370337.4563,5811122.43,-20
370142.4563,5811117.43,-1
370147.4563,5811117.43,-1
370152.4563,5811117.43,-1
370157.4563,5811117.43,-5
370162.4563,5811117.43,-5
370167.4563,5811117.43,-5
370172.4563,5811117.43,-10
370177.4563,5811117.43,-10
370182.4563,5811117.43,-10
370187.4563,5811117.43,-10
370192.4563,5811117.43,-10
370197.4563,5811117.43,-10
370202.4563,5811117.43,-10
370207.4563,5811117.43,-10
370212.4563,5811117.43,-10
370217.4563,5811117.43,-10
370222.4563,5811117.43,-15
370227.4563,5811117.43,-15
370232.4563,5811117.43,-15
370237.4563,5811117.43,-15
370242.4563,5811117.43,-15
370247.4563,5811117.43,-15
370252.4563,5811117.43,-15
370257.4563,5811117.43,-15
370262.4563,5811117.43,-15
370267.4563,5811117.43,-15
370272.4563,5811117.43,-15
370277.4563,5811117.43,-15
370282.4563,5811117.43,-15
370287.4563,5811117.43,-15
370292.4563,5811117.43,-15
370297.4563,5811117.43,-15
370302.4563,5811117.43,-15
370307.4563,5811117.43,-15
370312.4563,5811117.43,-15
370317.4563,5811117.43,-15
370322.4563,5811117.43,-15
370327.4563,5811117.43,-15
370332.4563,5811117.43,-15
370137.4563,5811112.43,-1
370142.4563,5811112.43,-1
370147.4563,5811112.43,-1
370152.4563,5811112.43,-1
370157.4563,5811112.43,-5
370162.4563,5811112.43,-5
370167.4563,5811112.43,-5
370172.4563,5811112.43,-10
370177.4563,5811112.43,-10
370182.4563,5811112.43,-10
370187.4563,5811112.43,-10
370192.4563,5811112.43,-10
370197.4563,5811112.43,-10
370202.4563,5811112.43,-10
370207.4563,5811112.43,-10
370212.4563,5811112.43,-10
370217.4563,5811112.43,-10
370222.4563,5811112.43,-15
370227.4563,5811112.43,-15
370232.4563,5811112.43,-15
370237.4563,5811112.43,-15
370242.4563,5811112.43,-15
370247.4563,5811112.43,-15
370252.4563,5811112.43,-15
370257.4563,5811112.43,-15
370262.4563,5811112.43,-15
370267.4563,5811112.43,-15
370272.4563,5811112.43,-15
370277.4563,5811112.43,-15
370282.4563,5811112.43,-15
370287.4563,5811112.43,-15
370292.4563,5811112.43,-15
370297.4563,5811112.43,-15
370302.4563,5811112.43,-15
370307.4563,5811112.43,-15
370312.4563,5811112.43,-15
370317.4563,5811112.43,-15
370322.4563,5811112.43,-15
370327.4563,5811112.43,-15
370332.4563,5811112.43,-15
370137.4563,5811107.43,-1
370142.4563,5811107.43,-1
370147.4563,5811107.43,-1
370152.4563,5811107.43,-1
370157.4563,5811107.43,-5
370162.4563,5811107.43,-5
370167.4563,5811107.43,-10
370172.4563,5811107.43,-10
370177.4563,5811107.43,-10
370182.4563,5811107.43,-10
370187.4563,5811107.43,-10
370192.4563,5811107.43,-10
370197.4563,5811107.43,-10
370202.4563,5811107.43,-10
370207.4563,5811107.43,-10
370212.4563,5811107.43,-10
370217.4563,5811107.43,-10
370222.4563,5811107.43,-10
370227.4563,5811107.43,-15
370232.4563,5811107.43,-15
370237.4563,5811107.43,-15
370242.4563,5811107.43,-15
370247.4563,5811107.43,-15
370252.4563,5811107.43,-15
370257.4563,5811107.43,-15
370262.4563,5811107.43,-15
370267.4563,5811107.43,-15
370272.4563,5811107.43,-15
370277.4563,5811107.43,-15
370282.4563,5811107.43,-15
370287.4563,5811107.43,-15
370292.4563,5811107.43,-15
370297.4563,5811107.43,-15
370302.4563,5811107.43,-15
370307.4563,5811107.43,-15
370312.4563,5811107.43,-15
370317.4563,5811107.43,-15
370322.4563,5811107.43,-15
370327.4563,5811107.43,-15
370332.4563,5811107.43,-15
370137.4563,5811102.43,-1
370142.4563,5811102.43,-1
370147.4563,5811102.43,-1
370152.4563,5811102.43,-1
370157.4563,5811102.43,-5
370162.4563,5811102.43,-5
370167.4563,5811102.43,-10
370172.4563,5811102.43,-10
370177.4563,5811102.43,-10
370182.4563,5811102.43,-10
370187.4563,5811102.43,-10
370192.4563,5811102.43,-10
370197.4563,5811102.43,-10
370202.4563,5811102.43,-10
370207.4563,5811102.43,-10
370212.4563,5811102.43,-10
370217.4563,5811102.43,-10
370222.4563,5811102.43,-10
370227.4563,5811102.43,-15
370232.4563,5811102.43,-15
370237.4563,5811102.43,-15
370242.4563,5811102.43,-15
370247.4563,5811102.43,-15
370252.4563,5811102.43,-15
370257.4563,5811102.43,-15
370262.4563,5811102.43,-15
370267.4563,5811102.43,-15
370272.4563,5811102.43,-15
370277.4563,5811102.43,-15
370282.4563,5811102.43,-15
370287.4563,5811102.43,-15
370292.4563,5811102.43,-15
370297.4563,5811102.43,-15
370302.4563,5811102.43,-15
370307.4563,5811102.43,-15
370312.4563,5811102.43,-15
370317.4563,5811102.43,-15
370322.4563,5811102.43,-15
370327.4563,5811102.43,-15
370332.4563,5811102.43,-15
370137.4563,5811097.43,-1
370142.4563,5811097.43,-1
370147.4563,5811097.43,-1
370152.4563,5811097.43,-1
370157.4563,5811097.43,-5
370162.4563,5811097.43,-5
370167.4563,5811097.43,-5
370172.4563,5811097.43,-10
370177.4563,5811097.43,-10
370182.4563,5811097.43,-10
370187.4563,5811097.43,-10
370192.4563,5811097.43,-10
370197.4563,5811097.43,-10
370202.4563,5811097.43,-10
370207.4563,5811097.43,-10
370212.4563,5811097.43,-10
370217.4563,5811097.43,-10
370222.4563,5811097.43,-10
370227.4563,5811097.43,-10
370232.4563,5811097.43,-15
370237.4563,5811097.43,-15
370242.4563,5811097.43,-15
370247.4563,5811097.43,-15
370252.4563,5811097.43,-15
370257.4563,5811097.43,-15
370262.4563,5811097.43,-15
370267.4563,5811097.43,-15
370272.4563,5811097.43,-15
370277.4563,5811097.43,-15
370282.4563,5811097.43,-15
370287.4563,5811097.43,-15
370292.4563,5811097.43,-15
370297.4563,5811097.43,-15
370302.4563,5811097.43,-15
370307.4563,5811097.43,-15
370312.4563,5811097.43,-15
370317.4563,5811097.43,-15
370322.4563,5811097.43,-15
370327.4563,5811097.43,-15
370332.4563,5811097.43,-15
370137.4563,5811092.43,-1
370142.4563,5811092.43,-1
370147.4563,5811092.43,-1
370152.4563,5811092.43,-1
370157.4563,5811092.43,-5
370162.4563,5811092.43,-5
370167.4563,5811092.43,-5
370172.4563,5811092.43,-10
370177.4563,5811092.43,-10
370182.4563,5811092.43,-10
370187.4563,5811092.43,-10
370192.4563,5811092.43,-10
370197.4563,5811092.43,-10
370202.4563,5811092.43,-10
370207.4563,5811092.43,-10
370212.4563,5811092.43,-10
370217.4563,5811092.43,-10
370222.4563,5811092.43,-10
370227.4563,5811092.43,-10
370232.4563,5811092.43,-10
370237.4563,5811092.43,-10
370242.4563,5811092.43,-15
370247.4563,5811092.43,-15
370252.4563,5811092.43,-15
370257.4563,5811092.43,-15
370262.4563,5811092.43,-15
370267.4563,5811092.43,-15
370272.4563,5811092.43,-15
370277.4563,5811092.43,-15
370282.4563,5811092.43,-15
370287.4563,5811092.43,-15
370292.4563,5811092.43,-15
370297.4563,5811092.43,-15
370302.4563,5811092.43,-15
370307.4563,5811092.43,-15
370312.4563,5811092.43,-15
370317.4563,5811092.43,-15
370322.4563,5811092.43,-15
370327.4563,5811092.43,-15
370137.4563,5811087.43,-1
370142.4563,5811087.43,-1
370147.4563,5811087.43,-1
370152.4563,5811087.43,-1
370157.4563,5811087.43,-5
370162.4563,5811087.43,-5
370167.4563,5811087.43,-5
370172.4563,5811087.43,-10
370177.4563,5811087.43,-10
370182.4563,5811087.43,-10
370187.4563,5811087.43,-10
370192.4563,5811087.43,-10
370197.4563,5811087.43,-10
370202.4563,5811087.43,-10
370207.4563,5811087.43,-10
370212.4563,5811087.43,-10
370217.4563,5811087.43,-10
370222.4563,5811087.43,-10
370227.4563,5811087.43,-10
370232.4563,5811087.43,-10
370237.4563,5811087.43,-10
370242.4563,5811087.43,-10
370247.4563,5811087.43,-10
370252.4563,5811087.43,-15
370257.4563,5811087.43,-15
370262.4563,5811087.43,-15
370267.4563,5811087.43,-15
370272.4563,5811087.43,-15
370277.4563,5811087.43,-15
370282.4563,5811087.43,-15
370287.4563,5811087.43,-15
370292.4563,5811087.43,-15
370297.4563,5811087.43,-15
370302.4563,5811087.43,-15
370307.4563,5811087.43,-15
370312.4563,5811087.43,-15
370317.4563,5811087.43,-15
370322.4563,5811087.43,-15
370327.4563,5811087.43,-15
370137.4563,5811082.43,-1
370142.4563,5811082.43,-1
370147.4563,5811082.43,-1
370152.4563,5811082.43,-1
370157.4563,5811082.43,-5
370162.4563,5811082.43,-5
370167.4563,5811082.43,-5
370172.4563,5811082.43,-5
370177.4563,5811082.43,-10
370182.4563,5811082.43,-10
370187.4563,5811082.43,-10
370192.4563,5811082.43,-10
370197.4563,5811082.43,-10
370202.4563,5811082.43,-10
370207.4563,5811082.43,-10
370212.4563,5811082.43,-10
370217.4563,5811082.43,-10
370222.4563,5811082.43,-10
370227.4563,5811082.43,-10
370232.4563,5811082.43,-10
370237.4563,5811082.43,-10
370242.4563,5811082.43,-10
370247.4563,5811082.43,-10
370252.4563,5811082.43,-10
370257.4563,5811082.43,-10
370262.4563,5811082.43,-15
370267.4563,5811082.43,-15
370272.4563,5811082.43,-15
370277.4563,5811082.43,-15
370282.4563,5811082.43,-15
370287.4563,5811082.43,-15
370292.4563,5811082.43,-15
370297.4563,5811082.43,-15
370302.4563,5811082.43,-15
370307.4563,5811082.43,-15
370312.4563,5811082.43,-15
370317.4563,5811082.43,-15
370322.4563,5811082.43,-15
370327.4563,5811082.43,-15
370137.4563,5811077.43,-1
370142.4563,5811077.43,-1
370147.4563,5811077.43,-1
370152.4563,5811077.43,-1
370157.4563,5811077.43,-5
370162.4563,5811077.43,-5
370167.4563,5811077.43,-5
370172.4563,5811077.43,-5
370177.4563,5811077.43,-5
370182.4563,5811077.43,-10
370187.4563,5811077.43,-10
370192.4563,5811077.43,-10
370197.4563,5811077.43,-10
370202.4563,5811077.43,-10
370207.4563,5811077.43,-10
370212.4563,5811077.43,-10
370217.4563,5811077.43,-10
370222.4563,5811077.43,-10
370227.4563,5811077.43,-10
370232.4563,5811077.43,-10
370237.4563,5811077.43,-10
370242.4563,5811077.43,-10
370247.4563,5811077.43,-10
370252.4563,5811077.43,-10
370257.4563,5811077.43,-10
370262.4563,5811077.43,-10
370267.4563,5811077.43,-10
370272.4563,5811077.43,-10
370277.4563,5811077.43,-10
370282.4563,5811077.43,-10
370287.4563,5811077.43,-10
370292.4563,5811077.43,-10
370297.4563,5811077.43,-10
370302.4563,5811077.43,-10
370307.4563,5811077.43,-15
370312.4563,5811077.43,-15
370317.4563,5811077.43,-15
370322.4563,5811077.43,-15
370327.4563,5811077.43,-15
370137.4563,5811072.43,-1
370142.4563,5811072.43,-1
370147.4563,5811072.43,-1
370152.4563,5811072.43,-1
370157.4563,5811072.43,-5
370162.4563,5811072.43,-5
370167.4563,5811072.43,-5
370172.4563,5811072.43,-5
370177.4563,5811072.43,-5
370182.4563,5811072.43,-10
370187.4563,5811072.43,-10
370192.4563,5811072.43,-10
370197.4563,5811072.43,-10
370202.4563,5811072.43,-10
370207.4563,5811072.43,-10
370212.4563,5811072.43,-10
370217.4563,5811072.43,-10
370222.4563,5811072.43,-10
370227.4563,5811072.43,-10
370232.4563,5811072.43,-10
370237.4563,5811072.43,-10
370242.4563,5811072.43,-10
370247.4563,5811072.43,-10
370252.4563,5811072.43,-10
370257.4563,5811072.43,-10
370262.4563,5811072.43,-10
370267.4563,5811072.43,-10
370272.4563,5811072.43,-10
370277.4563,5811072.43,-10
370282.4563,5811072.43,-10
370287.4563,5811072.43,-10
370292.4563,5811072.43,-10
370297.4563,5811072.43,-10
370302.4563,5811072.43,-10
370307.4563,5811072.43,-10
370312.4563,5811072.43,-15
370317.4563,5811072.43,-15
370322.4563,5811072.43,-15
370327.4563,5811072.43,-15
370137.4563,5811067.43,-1
370142.4563,5811067.43,-1
370147.4563,5811067.43,-1
370152.4563,5811067.43,-1
370157.4563,5811067.43,-1
370162.4563,5811067.43,-5
370167.4563,5811067.43,-5
370172.4563,5811067.43,-5
370177.4563,5811067.43,-5
370182.4563,5811067.43,-5
370187.4563,5811067.43,-10
370192.4563,5811067.43,-10
370197.4563,5811067.43,-10
370202.4563,5811067.43,-10
370207.4563,5811067.43,-10
370212.4563,5811067.43,-10
370217.4563,5811067.43,-10
370222.4563,5811067.43,-10
370227.4563,5811067.43,-10
370232.4563,5811067.43,-10
370237.4563,5811067.43,-10
370242.4563,5811067.43,-10
370247.4563,5811067.43,-10
370252.4563,5811067.43,-10
370257.4563,5811067.43,-10
370262.4563,5811067.43,-10
370267.4563,5811067.43,-10
370272.4563,5811067.43,-10
370277.4563,5811067.43,-10
370282.4563,5811067.43,-10
370287.4563,5811067.43,-10
370292.4563,5811067.43,-10
370297.4563,5811067.43,-10
370302.4563,5811067.43,-10
370307.4563,5811067.43,-10
370312.4563,5811067.43,-10
370317.4563,5811067.43,-10
370322.4563,5811067.43,-15
370327.4563,5811067.43,-15
370137.4563,5811062.43,-1
370142.4563,5811062.43,-1
370147.4563,5811062.43,-1
370152.4563,5811062.43,-1
370157.4563,5811062.43,-1
370162.4563,5811062.43,-5
370167.4563,5811062.43,-5
370172.4563,5811062.43,-5
370177.4563,5811062.43,-5
370182.4563,5811062.43,-5
370187.4563,5811062.43,-10
370192.4563,5811062.43,-10
370197.4563,5811062.43,-10
370202.4563,5811062.43,-10
370207.4563,5811062.43,-10
370212.4563,5811062.43,-10
370217.4563,5811062.43,-10
370222.4563,5811062.43,-10
370227.4563,5811062.43,-10
370232.4563,5811062.43,-10
370237.4563,5811062.43,-10
370242.4563,5811062.43,-10
370247.4563,5811062.43,-10
370252.4563,5811062.43,-10
370257.4563,5811062.43,-10
370262.4563,5811062.43,-10
370267.4563,5811062.43,-10
370272.4563,5811062.43,-10
370277.4563,5811062.43,-10
370282.4563,5811062.43,-10
370287.4563,5811062.43,-10
370292.4563,5811062.43,-10
370297.4563,5811062.43,-10
370302.4563,5811062.43,-10
370307.4563,5811062.43,-10
370312.4563,5811062.43,-10
370317.4563,5811062.43,-10
370322.4563,5811062.43,-10
370137.4563,5811057.43,-1
370142.4563,5811057.43,-1
370147.4563,5811057.43,-1
370152.4563,5811057.43,-1
370157.4563,5811057.43,-1
370162.4563,5811057.43,-5
370167.4563,5811057.43,-5
370172.4563,5811057.43,-5
370177.4563,5811057.43,-5
370182.4563,5811057.43,-5
370187.4563,5811057.43,-5
370192.4563,5811057.43,-10
370197.4563,5811057.43,-10
370202.4563,5811057.43,-10
370207.4563,5811057.43,-10
370212.4563,5811057.43,-10
370217.4563,5811057.43,-10
370222.4563,5811057.43,-10
370227.4563,5811057.43,-10
370232.4563,5811057.43,-10
370237.4563,5811057.43,-10
370242.4563,5811057.43,-10
370247.4563,5811057.43,-10
370252.4563,5811057.43,-10
370257.4563,5811057.43,-10
370262.4563,5811057.43,-10
370267.4563,5811057.43,-10
370272.4563,5811057.43,-10
370277.4563,5811057.43,-10
370282.4563,5811057.43,-10
370287.4563,5811057.43,-10
370292.4563,5811057.43,-10
370297.4563,5811057.43,-10
370302.4563,5811057.43,-10
370307.4563,5811057.43,-10
370312.4563,5811057.43,-10
370317.4563,5811057.43,-10
370142.4563,5811052.43,-1
370147.4563,5811052.43,-1
370152.4563,5811052.43,-1
370157.4563,5811052.43,-1
370162.4563,5811052.43,-1
370167.4563,5811052.43,-5
370172.4563,5811052.43,-5
370177.4563,5811052.43,-5
370182.4563,5811052.43,-5
370187.4563,5811052.43,-5
370192.4563,5811052.43,-5
370197.4563,5811052.43,-10
370202.4563,5811052.43,-10
370207.4563,5811052.43,-10
370212.4563,5811052.43,-10
370217.4563,5811052.43,-10
370222.4563,5811052.43,-10
370227.4563,5811052.43,-10
370232.4563,5811052.43,-10
370237.4563,5811052.43,-10
370242.4563,5811052.43,-10
370247.4563,5811052.43,-10
370252.4563,5811052.43,-10
370257.4563,5811052.43,-10
370262.4563,5811052.43,-10
370267.4563,5811052.43,-10
370272.4563,5811052.43,-10
370277.4563,5811052.43,-10
370282.4563,5811052.43,-10
370287.4563,5811052.43,-10
370292.4563,5811052.43,-10
370297.4563,5811052.43,-10
370302.4563,5811052.43,-10
370307.4563,5811052.43,-10
370312.4563,5811052.43,-10
370142.4563,5811047.43,-1
370147.4563,5811047.43,-1
370152.4563,5811047.43,-1
370157.4563,5811047.43,-1
370162.4563,5811047.43,-1
370167.4563,5811047.43,-5
370172.4563,5811047.43,-5
370177.4563,5811047.43,-5
370182.4563,5811047.43,-5
370187.4563,5811047.43,-5
370192.4563,5811047.43,-5
370197.4563,5811047.43,-5
370202.4563,5811047.43,-5
370207.4563,5811047.43,-10
370212.4563,5811047.43,-10
370217.4563,5811047.43,-10
370222.4563,5811047.43,-10
370227.4563,5811047.43,-10
370232.4563,5811047.43,-10
370237.4563,5811047.43,-10
370242.4563,5811047.43,-10
370247.4563,5811047.43,-10
370252.4563,5811047.43,-10
370257.4563,5811047.43,-10
370262.4563,5811047.43,-10
370267.4563,5811047.43,-10
370272.4563,5811047.43,-10
370277.4563,5811047.43,-10
370282.4563,5811047.43,-10
370287.4563,5811047.43,-10
370292.4563,5811047.43,-10
370297.4563,5811047.43,-10
370302.4563,5811047.43,-10
370307.4563,5811047.43,-10
370142.4563,5811042.43,-1
370147.4563,5811042.43,-1
370152.4563,5811042.43,-1
370157.4563,5811042.43,-1
370162.4563,5811042.43,-1
370167.4563,5811042.43,-5
370172.4563,5811042.43,-5
370177.4563,5811042.43,-5
370182.4563,5811042.43,-5
370187.4563,5811042.43,-5
370192.4563,5811042.43,-5
370197.4563,5811042.43,-5
370202.4563,5811042.43,-5
370207.4563,5811042.43,-5
370212.4563,5811042.43,-5
370217.4563,5811042.43,-5
370222.4563,5811042.43,-5
370227.4563,5811042.43,-5
370232.4563,5811042.43,-5
370237.4563,5811042.43,-5
370242.4563,5811042.43,-5
370247.4563,5811042.43,-5
370252.4563,5811042.43,-5
370257.4563,5811042.43,-5
370262.4563,5811042.43,-10
370267.4563,5811042.43,-10
370272.4563,5811042.43,-10
370277.4563,5811042.43,-10
370282.4563,5811042.43,-10
370287.4563,5811042.43,-10
370292.4563,5811042.43,-10
370297.4563,5811042.43,-10
370302.4563,5811042.43,-10
370307.4563,5811042.43,-10
370147.4563,5811037.43,-1
370152.4563,5811037.43,-1
370157.4563,5811037.43,-1
370162.4563,5811037.43,-1
370167.4563,5811037.43,-1
370172.4563,5811037.43,-1
370177.4563,5811037.43,-5
370182.4563,5811037.43,-5
370187.4563,5811037.43,-5
370192.4563,5811037.43,-5
370197.4563,5811037.43,-5
370202.4563,5811037.43,-5
370207.4563,5811037.43,-5
370212.4563,5811037.43,-5
370217.4563,5811037.43,-5
370222.4563,5811037.43,-5
370227.4563,5811037.43,-5
370232.4563,5811037.43,-5
370237.4563,5811037.43,-5
370242.4563,5811037.43,-5
370247.4563,5811037.43,-5
370252.4563,5811037.43,-5
370257.4563,5811037.43,-5
370262.4563,5811037.43,-5
370267.4563,5811037.43,-5
370272.4563,5811037.43,-5
370277.4563,5811037.43,-5
370282.4563,5811037.43,-5
370287.4563,5811037.43,-5
370292.4563,5811037.43,-5
370297.4563,5811037.43,-5
370302.4563,5811037.43,-10
370147.4563,5811032.43,-1
370152.4563,5811032.43,-1
370157.4563,5811032.43,-1
370162.4563,5811032.43,-1
370167.4563,5811032.43,-1
370172.4563,5811032.43,-1
370177.4563,5811032.43,-5
370182.4563,5811032.43,-5
370187.4563,5811032.43,-5
370192.4563,5811032.43,-5
370197.4563,5811032.43,-5
370202.4563,5811032.43,-5
370207.4563,5811032.43,-5
370212.4563,5811032.43,-5
370217.4563,5811032.43,-5
370222.4563,5811032.43,-5
370227.4563,5811032.43,-5
370232.4563,5811032.43,-5
370237.4563,5811032.43,-5
370242.4563,5811032.43,-5
370247.4563,5811032.43,-5
370252.4563,5811032.43,-5
370257.4563,5811032.43,-5
370262.4563,5811032.43,-5
370267.4563,5811032.43,-5
370272.4563,5811032.43,-5
370277.4563,5811032.43,-5
370282.4563,5811032.43,-5
370287.4563,5811032.43,-5
370292.4563,5811032.43,-5
370297.4563,5811032.43,-5
370152.4563,5811027.43,-1
370157.4563,5811027.43,-1
370162.4563,5811027.43,-1
370167.4563,5811027.43,-1
370172.4563,5811027.43,-1
370177.4563,5811027.43,-5
370182.4563,5811027.43,-5
370187.4563,5811027.43,-5
370192.4563,5811027.43,-5
370197.4563,5811027.43,-5
370202.4563,5811027.43,-5
370207.4563,5811027.43,-5
370212.4563,5811027.43,-5
370217.4563,5811027.43,-5
370222.4563,5811027.43,-5
370227.4563,5811027.43,-5
370232.4563,5811027.43,-5
370237.4563,5811027.43,-5
370242.4563,5811027.43,-5
370247.4563,5811027.43,-5
370252.4563,5811027.43,-5
370257.4563,5811027.43,-5
370262.4563,5811027.43,-5
370267.4563,5811027.43,-5
370272.4563,5811027.43,-5
370277.4563,5811027.43,-5
370282.4563,5811027.43,-5
370287.4563,5811027.43,-5
370292.4563,5811027.43,-5
370152.4563,5811022.43,-1
370157.4563,5811022.43,-1
370162.4563,5811022.43,-1
370167.4563,5811022.43,-1
370172.4563,5811022.43,-1
370177.4563,5811022.43,-1
370182.4563,5811022.43,-5
370187.4563,5811022.43,-5
370192.4563,5811022.43,-5
370197.4563,5811022.43,-5
370202.4563,5811022.43,-5
370207.4563,5811022.43,-5
370212.4563,5811022.43,-5
370217.4563,5811022.43,-5
370222.4563,5811022.43,-5
370227.4563,5811022.43,-5
370232.4563,5811022.43,-5
370237.4563,5811022.43,-5
370242.4563,5811022.43,-5
370247.4563,5811022.43,-5
370252.4563,5811022.43,-5
370257.4563,5811022.43,-5
370262.4563,5811022.43,-5
370267.4563,5811022.43,-5
370272.4563,5811022.43,-5
370277.4563,5811022.43,-5
370282.4563,5811022.43,-5
370287.4563,5811022.43,-5
370152.4563,5811017.43,-1
370157.4563,5811017.43,-1
370162.4563,5811017.43,-1
370167.4563,5811017.43,-1
370172.4563,5811017.43,-1
370177.4563,5811017.43,-1
370182.4563,5811017.43,-1
370187.4563,5811017.43,-5
370192.4563,5811017.43,-5
370197.4563,5811017.43,-5
370202.4563,5811017.43,-5
370207.4563,5811017.43,-5
370212.4563,5811017.43,-5
370217.4563,5811017.43,-5
370222.4563,5811017.43,-5
370227.4563,5811017.43,-5
370232.4563,5811017.43,-5
370237.4563,5811017.43,-5
370242.4563,5811017.43,-5
370247.4563,5811017.43,-5
370252.4563,5811017.43,-5
370257.4563,5811017.43,-1
370262.4563,5811017.43,-1
370267.4563,5811017.43,-1
370272.4563,5811017.43,-1
370277.4563,5811017.43,-5
370282.4563,5811017.43,-5
370287.4563,5811017.43,-5
370157.4563,5811012.43,-1
370162.4563,5811012.43,-1
370167.4563,5811012.43,-1
370172.4563,5811012.43,-1
370177.4563,5811012.43,-1
370182.4563,5811012.43,-1
370187.4563,5811012.43,-1
370192.4563,5811012.43,-5
370197.4563,5811012.43,-5
370202.4563,5811012.43,-5
370207.4563,5811012.43,-5
370212.4563,5811012.43,-5
370217.4563,5811012.43,-5
370222.4563,5811012.43,-5
370227.4563,5811012.43,-5
370232.4563,5811012.43,-5
370237.4563,5811012.43,-1
370242.4563,5811012.43,-1
370247.4563,5811012.43,-1
370252.4563,5811012.43,-1
370257.4563,5811012.43,-1
370262.4563,5811012.43,-1
370267.4563,5811012.43,-1
370272.4563,5811012.43,-1
370277.4563,5811012.43,-1
370282.4563,5811012.43,-1
370157.4563,5811007.43,-1
370162.4563,5811007.43,-1
370167.4563,5811007.43,-1
370172.4563,5811007.43,-1
370177.4563,5811007.43,-1
370182.4563,5811007.43,-1
370187.4563,5811007.43,-1
370192.4563,5811007.43,-1
370197.4563,5811007.43,-1
370202.4563,5811007.43,-1
370207.4563,5811007.43,-1
370212.4563,5811007.43,-1
370217.4563,5811007.43,-5
370222.4563,5811007.43,-1
370227.4563,5811007.43,-1
370232.4563,5811007.43,-1
370237.4563,5811007.43,-1
370242.4563,5811007.43,-1
370247.4563,5811007.43,-1
370252.4563,5811007.43,-1
370257.4563,5811007.43,-1
370262.4563,5811007.43,-1
370267.4563,5811007.43,-1
370272.4563,5811007.43,-1
370277.4563,5811007.43,-1
370157.4563,5811002.43,-1
370162.4563,5811002.43,-1
370167.4563,5811002.43,-1
370172.4563,5811002.43,-1
370177.4563,5811002.43,-1
370182.4563,5811002.43,-1
370187.4563,5811002.43,-1
370192.4563,5811002.43,-1
370197.4563,5811002.43,-1
370202.4563,5811002.43,-1
370207.4563,5811002.43,-1
370212.4563,5811002.43,-1
370217.4563,5811002.43,-1
370222.4563,5811002.43,-1
370227.4563,5811002.43,-1
370232.4563,5811002.43,-1
370237.4563,5811002.43,-1
370242.4563,5811002.43,-1
370247.4563,5811002.43,-1
370252.4563,5811002.43,-1
370257.4563,5811002.43,-1
370262.4563,5811002.43,-1
370267.4563,5811002.43,-1
370272.4563,5811002.43,-1
370162.4563,5810997.43,-1
370167.4563,5810997.43,-1
370172.4563,5810997.43,-1
370177.4563,5810997.43,-1
370182.4563,5810997.43,-1
370187.4563,5810997.43,-1
370192.4563,5810997.43,-1
370197.4563,5810997.43,-1
370202.4563,5810997.43,-1
370207.4563,5810997.43,-1
370212.4563,5810997.43,-1
370217.4563,5810997.43,-1
370222.4563,5810997.43,-1
370227.4563,5810997.43,-1
370232.4563,5810997.43,-1
370237.4563,5810997.43,-1
370242.4563,5810997.43,-1
370247.4563,5810997.43,-1
370252.4563,5810997.43,-1
370257.4563,5810997.43,-1
370262.4563,5810997.43,-1
370267.4563,5810997.43,-1
370272.4563,5810997.43,-1
370167.4563,5810992.43,-1
370172.4563,5810992.43,-1
370177.4563,5810992.43,-1
370182.4563,5810992.43,-1
370187.4563,5810992.43,-1
370192.4563,5810992.43,-1
370197.4563,5810992.43,-1
370202.4563,5810992.43,-1
370207.4563,5810992.43,-1
370212.4563,5810992.43,-1
370217.4563,5810992.43,-1
370222.4563,5810992.43,-1
370227.4563,5810992.43,-1
370232.4563,5810992.43,-1
370237.4563,5810992.43,-1
370242.4563,5810992.43,-1
370247.4563,5810992.43,-1
370252.4563,5810992.43,-1
370257.4563,5810992.43,-1
370262.4563,5810992.43,-1
370267.4563,5810992.43,-1
370172.4563,5810987.43,-1
370177.4563,5810987.43,-1
370182.4563,5810987.43,-1
370187.4563,5810987.43,-1
370192.4563,5810987.43,-1
370197.4563,5810987.43,-1
370202.4563,5810987.43,-1
370207.4563,5810987.43,-1
370212.4563,5810987.43,-1
370217.4563,5810987.43,-1
370222.4563,5810987.43,-1
370227.4563,5810987.43,-1
370232.4563,5810987.43,-1
370237.4563,5810987.43,-1
370242.4563,5810987.43,-1
370247.4563,5810987.43,-1
370252.4563,5810987.43,-1
370257.4563,5810987.43,-1
370262.4563,5810987.43,-1
370177.4563,5810982.43,-1
370182.4563,5810982.43,-1
370187.4563,5810982.43,-1
370192.4563,5810982.43,-1
370197.4563,5810982.43,-1
370202.4563,5810982.43,-1
370207.4563,5810982.43,-1
370212.4563,5810982.43,-1
370217.4563,5810982.43,-1
370222.4563,5810982.43,-1
370227.4563,5810982.43,-1
370232.4563,5810982.43,-1
370237.4563,5810982.43,-1
370242.4563,5810982.43,-1
370247.4563,5810982.43,-1
370252.4563,5810982.43,-1
370257.4563,5810982.43,-1
370262.4563,5810982.43,-1
370182.4563,5810977.43,-1
370187.4563,5810977.43,-1
370192.4563,5810977.43,-1
370197.4563,5810977.43,-1
370202.4563,5810977.43,-1
370207.4563,5810977.43,-1
370212.4563,5810977.43,-1
370217.4563,5810977.43,-1
370222.4563,5810977.43,-1
370227.4563,5810977.43,-1
370232.4563,5810977.43,-1
370237.4563,5810977.43,-1
370242.4563,5810977.43,-1
370247.4563,5810977.43,-1
370252.4563,5810977.43,-1
370257.4563,5810977.43,-1
370182.4563,5810972.43,-1
370187.4563,5810972.43,-1
370192.4563,5810972.43,-1
370197.4563,5810972.43,-1
370202.4563,5810972.43,-1
370207.4563,5810972.43,-1
370212.4563,5810972.43,-1
370217.4563,5810972.43,-1
370222.4563,5810972.43,-1
370227.4563,5810972.43,-1
370232.4563,5810972.43,-1
370237.4563,5810972.43,-1
370242.4563,5810972.43,-1
370247.4563,5810972.43,-1
370252.4563,5810972.43,-1
370182.4563,5810967.43,-1
370187.4563,5810967.43,-1
370192.4563,5810967.43,-1
370197.4563,5810967.43,-1
370202.4563,5810967.43,-1
370207.4563,5810967.43,-1
370212.4563,5810967.43,-1
370217.4563,5810967.43,-1
370222.4563,5810967.43,-1
370227.4563,5810967.43,-1
370232.4563,5810967.43,-1
370237.4563,5810967.43,-1
370242.4563,5810967.43,-1
370247.4563,5810967.43,-1
370182.4563,5810962.43,-1
370187.4563,5810962.43,-1
370192.4563,5810962.43,-1
370197.4563,5810962.43,-1
370202.4563,5810962.43,-1
370207.4563,5810962.43,-1
370212.4563,5810962.43,-1
370217.4563,5810962.43,-1
370222.4563,5810962.43,-1
370227.4563,5810962.43,-1
370232.4563,5810962.43,-1
370237.4563,5810962.43,-1
370242.4563,5810962.43,-1
370247.4563,5810962.43,-1
370177.4563,5810957.43,-1
370182.4563,5810957.43,-1
370187.4563,5810957.43,-1
370192.4563,5810957.43,-1
370197.4563,5810957.43,-1
370202.4563,5810957.43,-1
370207.4563,5810957.43,-1
370212.4563,5810957.43,-1
370217.4563,5810957.43,-1
370222.4563,5810957.43,-1
370227.4563,5810957.43,-1
370232.4563,5810957.43,-1
370237.4563,5810957.43,-1
370242.4563,5810957.43,-1
370172.4563,5810952.43,-1
370177.4563,5810952.43,-1
370182.4563,5810952.43,-1
370187.4563,5810952.43,-1
370192.4563,5810952.43,-1
370197.4563,5810952.43,-1
370202.4563,5810952.43,-1
370207.4563,5810952.43,-1
370212.4563,5810952.43,-1
370217.4563,5810952.43,-1
370222.4563,5810952.43,-1
370227.4563,5810952.43,-1
370232.4563,5810952.43,-1
370237.4563,5810952.43,-1
370167.4563,5810947.43,-1
370172.4563,5810947.43,-1
370177.4563,5810947.43,-1
370182.4563,5810947.43,-1
370187.4563,5810947.43,-1
370192.4563,5810947.43,-1
370197.4563,5810947.43,-1
370202.4563,5810947.43,-1
370207.4563,5810947.43,-1
370212.4563,5810947.43,-1
370217.4563,5810947.43,-1
370222.4563,5810947.43,-1
370227.4563,5810947.43,-1
370232.4563,5810947.43,-1
370162.4563,5810942.43,-1
370167.4563,5810942.43,-1
370172.4563,5810942.43,-1
370177.4563,5810942.43,-1
370182.4563,5810942.43,-1
370187.4563,5810942.43,-1
370192.4563,5810942.43,-1
370197.4563,5810942.43,-1
370202.4563,5810942.43,-1
370207.4563,5810942.43,-1
370212.4563,5810942.43,-1
370217.4563,5810942.43,-1
370222.4563,5810942.43,-1
370227.4563,5810942.43,-1
370232.4563,5810942.43,-1
370157.4563,5810937.43,-1
370162.4563,5810937.43,-1
370167.4563,5810937.43,-1
370172.4563,5810937.43,-1
370177.4563,5810937.43,-1
370182.4563,5810937.43,-1
370187.4563,5810937.43,-1
370192.4563,5810937.43,-1
370197.4563,5810937.43,-1
370202.4563,5810937.43,-1
370207.4563,5810937.43,-1
370212.4563,5810937.43,-1
370217.4563,5810937.43,-1
370222.4563,5810937.43,-1
370227.4563,5810937.43,-1
370142.4563,5810932.43,-1
370147.4563,5810932.43,-1
370152.4563,5810932.43,-1
370157.4563,5810932.43,-1
370162.4563,5810932.43,-1
370167.4563,5810932.43,-1
370172.4563,5810932.43,-1
370177.4563,5810932.43,-1
370182.4563,5810932.43,-5
370187.4563,5810932.43,-5
370192.4563,5810932.43,-5
370197.4563,5810932.43,-5
370202.4563,5810932.43,-1
370207.4563,5810932.43,-1
370212.4563,5810932.43,-1
370217.4563,5810932.43,-1
370222.4563,5810932.43,-1
370132.4563,5810927.43,-1
370137.4563,5810927.43,-1
370142.4563,5810927.43,-1
370147.4563,5810927.43,-1
370152.4563,5810927.43,-1
370157.4563,5810927.43,-1
370162.4563,5810927.43,-5
370167.4563,5810927.43,-5
370172.4563,5810927.43,-5
370177.4563,5810927.43,-5
370182.4563,5810927.43,-5
370187.4563,5810927.43,-5
370192.4563,5810927.43,-5
370197.4563,5810927.43,-5
370202.4563,5810927.43,-5
370207.4563,5810927.43,-1
370212.4563,5810927.43,-1
370217.4563,5810927.43,-1
370122.4563,5810922.43,-1
370127.4563,5810922.43,-1
370132.4563,5810922.43,-1
370137.4563,5810922.43,-1
370142.4563,5810922.43,-1
370147.4563,5810922.43,-1
370152.4563,5810922.43,-5
370157.4563,5810922.43,-5
370162.4563,5810922.43,-5
370167.4563,5810922.43,-5
370172.4563,5810922.43,-5
370177.4563,5810922.43,-5
370182.4563,5810922.43,-5
370187.4563,5810922.43,-5
370192.4563,5810922.43,-5
370197.4563,5810922.43,-5
370202.4563,5810922.43,-5
370207.4563,5810922.43,-5
370212.4563,5810922.43,-1
370217.4563,5810922.43,-1
370117.4563,5810917.43,-1
370122.4563,5810917.43,-1
370127.4563,5810917.43,-1
370132.4563,5810917.43,-1
370137.4563,5810917.43,-1
370142.4563,5810917.43,-5
370147.4563,5810917.43,-5
370152.4563,5810917.43,-5
370157.4563,5810917.43,-5
370162.4563,5810917.43,-5
370167.4563,5810917.43,-5
370172.4563,5810917.43,-5
370177.4563,5810917.43,-5
370182.4563,5810917.43,-5
370187.4563,5810917.43,-5
370192.4563,5810917.43,-5
370197.4563,5810917.43,-5
370202.4563,5810917.43,-5
370207.4563,5810917.43,-5
370212.4563,5810917.43,-5
370107.4563,5810912.43,-1
370112.4563,5810912.43,-1
370117.4563,5810912.43,-1
370122.4563,5810912.43,-1
370127.4563,5810912.43,-1
370132.4563,5810912.43,-1
370137.4563,5810912.43,-5
370142.4563,5810912.43,-5
370147.4563,5810912.43,-5
370152.4563,5810912.43,-5
370157.4563,5810912.43,-5
370162.4563,5810912.43,-5
370167.4563,5810912.43,-5
370172.4563,5810912.43,-5
370177.4563,5810912.43,-5
370182.4563,5810912.43,-5
370187.4563,5810912.43,-5
370192.4563,5810912.43,-5
370197.4563,5810912.43,-5
370202.4563,5810912.43,-5
370207.4563,5810912.43,-5
370102.4563,5810907.43,-1
370107.4563,5810907.43,-1
370112.4563,5810907.43,-1
370117.4563,5810907.43,-1
370122.4563,5810907.43,-1
370127.4563,5810907.43,-1
370132.4563,5810907.43,-1
370137.4563,5810907.43,-5
370142.4563,5810907.43,-5
370147.4563,5810907.43,-5
370152.4563,5810907.43,-5
370157.4563,5810907.43,-5
370162.4563,5810907.43,-5
370167.4563,5810907.43,-5
370172.4563,5810907.43,-5
370177.4563,5810907.43,-5
370182.4563,5810907.43,-5
370187.4563,5810907.43,-5
370192.4563,5810907.43,-5
370197.4563,5810907.43,-5
370202.4563,5810907.43,-5
370092.4563,5810902.43,-1
370097.4563,5810902.43,-1
370102.4563,5810902.43,-1
370107.4563,5810902.43,-1
370112.4563,5810902.43,-1
370117.4563,5810902.43,-1
370122.4563,5810902.43,-1
370127.4563,5810902.43,-1
370132.4563,5810902.43,-5
370137.4563,5810902.43,-5
370142.4563,5810902.43,-5
370147.4563,5810902.43,-5
370152.4563,5810902.43,-5
370157.4563,5810902.43,-5
370162.4563,5810902.43,-5
370167.4563,5810902.43,-5
370172.4563,5810902.43,-5
370177.4563,5810902.43,-5
370182.4563,5810902.43,-5
370187.4563,5810902.43,-5
370192.4563,5810902.43,-5
370197.4563,5810902.43,-5
370082.4563,5810897.43,-1
370087.4563,5810897.43,-1
370092.4563,5810897.43,-1
370097.4563,5810897.43,-1
370102.4563,5810897.43,-1
370107.4563,5810897.43,-1
370112.4563,5810897.43,-1
370117.4563,5810897.43,-1
370122.4563,5810897.43,-5
370127.4563,5810897.43,-5
370132.4563,5810897.43,-5
370137.4563,5810897.43,-5
370142.4563,5810897.43,-5
370147.4563,5810897.43,-5
370152.4563,5810897.43,-5
370157.4563,5810897.43,-5
370162.4563,5810897.43,-5
370167.4563,5810897.43,-5
370172.4563,5810897.43,-5
370177.4563,5810897.43,-5
370182.4563,5810897.43,-5
370187.4563,5810897.43,-5
370192.4563,5810897.43,-5
370072.4563,5810892.43,-1
370077.4563,5810892.43,-1
370082.4563,5810892.43,-1
370087.4563,5810892.43,-1
370092.4563,5810892.43,-1
370097.4563,5810892.43,-1
370102.4563,5810892.43,-1
370107.4563,5810892.43,-1
370112.4563,5810892.43,-1
370117.4563,5810892.43,-1
370122.4563,5810892.43,-5
370127.4563,5810892.43,-5
370132.4563,5810892.43,-5
370137.4563,5810892.43,-5
370142.4563,5810892.43,-5
370147.4563,5810892.43,-5
370152.4563,5810892.43,-5
370157.4563,5810892.43,-5
370162.4563,5810892.43,-5
370167.4563,5810892.43,-5
370172.4563,5810892.43,-5
370177.4563,5810892.43,-5
370182.4563,5810892.43,-5
370187.4563,5810892.43,-5
370057.4563,5810887.43,-1
370062.4563,5810887.43,-1
370067.4563,5810887.43,-1
370072.4563,5810887.43,-1
370077.4563,5810887.43,-1
370082.4563,5810887.43,-1
370087.4563,5810887.43,-1
370092.4563,5810887.43,-1
370097.4563,5810887.43,-1
370102.4563,5810887.43,-1
370107.4563,5810887.43,-5
370112.4563,5810887.43,-5
370117.4563,5810887.43,-5
370122.4563,5810887.43,-5
370127.4563,5810887.43,-5
370132.4563,5810887.43,-5
370137.4563,5810887.43,-5
370142.4563,5810887.43,-5
370147.4563,5810887.43,-5
370152.4563,5810887.43,-5
370157.4563,5810887.43,-5
370162.4563,5810887.43,-5
370167.4563,5810887.43,-5
370172.4563,5810887.43,-5
370177.4563,5810887.43,-5
370007.4563,5810882.43,-1
370012.4563,5810882.43,-1
370017.4563,5810882.43,-1
370022.4563,5810882.43,-1
370027.4563,5810882.43,-1
370032.4563,5810882.43,-1
370037.4563,5810882.43,-1
370042.4563,5810882.43,-1
370047.4563,5810882.43,-1
370052.4563,5810882.43,-1
370057.4563,5810882.43,-1
370062.4563,5810882.43,-1
370067.4563,5810882.43,-1
370072.4563,5810882.43,-1
370077.4563,5810882.43,-1
370082.4563,5810882.43,-1
370087.4563,5810882.43,-1
370092.4563,5810882.43,-1
370097.4563,5810882.43,-1
370102.4563,5810882.43,-5
370107.4563,5810882.43,-5
370112.4563,5810882.43,-5
370117.4563,5810882.43,-5
370122.4563,5810882.43,-5
370127.4563,5810882.43,-5
370132.4563,5810882.43,-5
370137.4563,5810882.43,-5
370142.4563,5810882.43,-5
370147.4563,5810882.43,-5
370152.4563,5810882.43,-5
370157.4563,5810882.43,-5
370162.4563,5810882.43,-5
370167.4563,5810882.43,-5
370172.4563,5810882.43,-5
369987.4563,5810877.43,-1
369992.4563,5810877.43,-1
369997.4563,5810877.43,-1
370002.4563,5810877.43,-1
370007.4563,5810877.43,-1
370012.4563,5810877.43,-1
370017.4563,5810877.43,-1
370022.4563,5810877.43,-1
370027.4563,5810877.43,-1
370032.4563,5810877.43,-1
370037.4563,5810877.43,-1
370042.4563,5810877.43,-1
370047.4563,5810877.43,-1
370052.4563,5810877.43,-1
370057.4563,5810877.43,-1
370062.4563,5810877.43,-1
370067.4563,5810877.43,-1
370072.4563,5810877.43,-1
370077.4563,5810877.43,-1
370082.4563,5810877.43,-1
370087.4563,5810877.43,-5
370092.4563,5810877.43,-5
370097.4563,5810877.43,-5
370102.4563,5810877.43,-5
370107.4563,5810877.43,-5
370112.4563,5810877.43,-5
370117.4563,5810877.43,-5
370122.4563,5810877.43,-5
370127.4563,5810877.43,-5
370132.4563,5810877.43,-5
370137.4563,5810877.43,-5
370142.4563,5810877.43,-5
370147.4563,5810877.43,-5
370152.4563,5810877.43,-5
370157.4563,5810877.43,-5
370162.4563,5810877.43,-5
370167.4563,5810877.43,-5
369982.4563,5810872.43,-1
369987.4563,5810872.43,-1
369992.4563,5810872.43,-1
369997.4563,5810872.43,-1
370002.4563,5810872.43,-1
370007.4563,5810872.43,-1
370012.4563,5810872.43,-1
370017.4563,5810872.43,-1
370022.4563,5810872.43,-1
370027.4563,5810872.43,-1
370032.4563,5810872.43,-5
370037.4563,5810872.43,-5
370042.4563,5810872.43,-5
370047.4563,5810872.43,-5
370052.4563,5810872.43,-5
370057.4563,5810872.43,-5
370062.4563,5810872.43,-5
370067.4563,5810872.43,-5
370072.4563,5810872.43,-5
370077.4563,5810872.43,-5
370082.4563,5810872.43,-5
370087.4563,5810872.43,-5
370092.4563,5810872.43,-5
370097.4563,5810872.43,-5
370102.4563,5810872.43,-5
370107.4563,5810872.43,-5
370112.4563,5810872.43,-5
370117.4563,5810872.43,-5
370122.4563,5810872.43,-5
370127.4563,5810872.43,-5
370132.4563,5810872.43,-5
370137.4563,5810872.43,-5
370142.4563,5810872.43,-5
370147.4563,5810872.43,-5
370152.4563,5810872.43,-5
370157.4563,5810872.43,-5
370162.4563,5810872.43,-5
369972.4563,5810867.43,-1
369977.4563,5810867.43,-1
369982.4563,5810867.43,-1
369987.4563,5810867.43,-1
369992.4563,5810867.43,-1
369997.4563,5810867.43,-1
370002.4563,5810867.43,-1
370007.4563,5810867.43,-1
370012.4563,5810867.43,-1
370017.4563,5810867.43,-5
370022.4563,5810867.43,-5
370027.4563,5810867.43,-5
370032.4563,5810867.43,-5
370037.4563,5810867.43,-5
370042.4563,5810867.43,-5
370047.4563,5810867.43,-5
370052.4563,5810867.43,-5
370057.4563,5810867.43,-5
370062.4563,5810867.43,-5
370067.4563,5810867.43,-5
370072.4563,5810867.43,-5
370077.4563,5810867.43,-5
370082.4563,5810867.43,-5
370087.4563,5810867.43,-5
370092.4563,5810867.43,-5
370097.4563,5810867.43,-5
370102.4563,5810867.43,-5
370107.4563,5810867.43,-5
370112.4563,5810867.43,-5
370117.4563,5810867.43,-5
370122.4563,5810867.43,-5
370127.4563,5810867.43,-5
370132.4563,5810867.43,-5
370137.4563,5810867.43,-5
370142.4563,5810867.43,-5
370147.4563,5810867.43,-5
370152.4563,5810867.43,-5
370157.4563,5810867.43,-5
369967.4563,5810862.43,-1
369972.4563,5810862.43,-1
369977.4563,5810862.43,-1
369982.4563,5810862.43,-1
369987.4563,5810862.43,-1
369992.4563,5810862.43,-1
369997.4563,5810862.43,-1
370002.4563,5810862.43,-5
370007.4563,5810862.43,-5
370012.4563,5810862.43,-5
370017.4563,5810862.43,-5
370022.4563,5810862.43,-5
370027.4563,5810862.43,-5
370032.4563,5810862.43,-5
370037.4563,5810862.43,-5
370042.4563,5810862.43,-5
370047.4563,5810862.43,-5
370052.4563,5810862.43,-5
370057.4563,5810862.43,-5
370062.4563,5810862.43,-5
370067.4563,5810862.43,-5
370072.4563,5810862.43,-5
370077.4563,5810862.43,-5
370082.4563,5810862.43,-5
370087.4563,5810862.43,-5
370092.4563,5810862.43,-5
370097.4563,5810862.43,-5
370102.4563,5810862.43,-5
370107.4563,5810862.43,-5
370112.4563,5810862.43,-5
370117.4563,5810862.43,-5
370122.4563,5810862.43,-5
370127.4563,5810862.43,-5
370132.4563,5810862.43,-5
370137.4563,5810862.43,-5
370142.4563,5810862.43,-5
370147.4563,5810862.43,-5
370152.4563,5810862.43,-5
369962.4563,5810857.43,-1
369967.4563,5810857.43,-1
369972.4563,5810857.43,-1
369977.4563,5810857.43,-1
369982.4563,5810857.43,-1
369987.4563,5810857.43,-1
369992.4563,5810857.43,-5
369997.4563,5810857.43,-5
370002.4563,5810857.43,-5
370007.4563,5810857.43,-5
370012.4563,5810857.43,-5
370017.4563,5810857.43,-5
370022.4563,5810857.43,-5
370027.4563,5810857.43,-5
370032.4563,5810857.43,-5
370037.4563,5810857.43,-5
370042.4563,5810857.43,-5
370047.4563,5810857.43,-5
370052.4563,5810857.43,-5
370057.4563,5810857.43,-5
370062.4563,5810857.43,-5
370067.4563,5810857.43,-5
370072.4563,5810857.43,-5
370077.4563,5810857.43,-5
370082.4563,5810857.43,-5
370087.4563,5810857.43,-5
370092.4563,5810857.43,-5
370097.4563,5810857.43,-5
370102.4563,5810857.43,-5
370107.4563,5810857.43,-5
370112.4563,5810857.43,-5
370117.4563,5810857.43,-5
370122.4563,5810857.43,-5
370127.4563,5810857.43,-5
370132.4563,5810857.43,-5
370137.4563,5810857.43,-5
370142.4563,5810857.43,-5
369957.4563,5810852.43,-1
369962.4563,5810852.43,-1
369967.4563,5810852.43,-1
369972.4563,5810852.43,-1
369977.4563,5810852.43,-1
369982.4563,5810852.43,-5
369987.4563,5810852.43,-5
369992.4563,5810852.43,-5
369997.4563,5810852.43,-5
370002.4563,5810852.43,-5
370007.4563,5810852.43,-5
370012.4563,5810852.43,-5
370017.4563,5810852.43,-5
370022.4563,5810852.43,-5
370027.4563,5810852.43,-5
370032.4563,5810852.43,-5
370037.4563,5810852.43,-5
370042.4563,5810852.43,-5
370047.4563,5810852.43,-5
370052.4563,5810852.43,-5
370057.4563,5810852.43,-5
370062.4563,5810852.43,-5
370067.4563,5810852.43,-5
370072.4563,5810852.43,-5
370077.4563,5810852.43,-5
370082.4563,5810852.43,-5
370087.4563,5810852.43,-5
370092.4563,5810852.43,-5
370097.4563,5810852.43,-5
370102.4563,5810852.43,-5
370107.4563,5810852.43,-5
370112.4563,5810852.43,-5
370117.4563,5810852.43,-5
370122.4563,5810852.43,-5
370127.4563,5810852.43,-5
370132.4563,5810852.43,-5
370137.4563,5810852.43,-5
369952.4563,5810847.43,-1
369957.4563,5810847.43,-1
369962.4563,5810847.43,-1
369967.4563,5810847.43,-1
369972.4563,5810847.43,-1
369977.4563,5810847.43,-5
369982.4563,5810847.43,-5
369987.4563,5810847.43,-5
369992.4563,5810847.43,-5
369997.4563,5810847.43,-5
370002.4563,5810847.43,-5
370007.4563,5810847.43,-5
370012.4563,5810847.43,-5
370017.4563,5810847.43,-5
370022.4563,5810847.43,-5
370027.4563,5810847.43,-5
370032.4563,5810847.43,-5
370037.4563,5810847.43,-5
370042.4563,5810847.43,-5
370047.4563,5810847.43,-5
370052.4563,5810847.43,-5
370057.4563,5810847.43,-5
370062.4563,5810847.43,-5
370067.4563,5810847.43,-5
370072.4563,5810847.43,-5
370077.4563,5810847.43,-5
370082.4563,5810847.43,-5
370087.4563,5810847.43,-5
370092.4563,5810847.43,-5
370097.4563,5810847.43,-5
370102.4563,5810847.43,-5
370107.4563,5810847.43,-5
370112.4563,5810847.43,-5
370117.4563,5810847.43,-5
370122.4563,5810847.43,-5
370127.4563,5810847.43,-5
370132.4563,5810847.43,-5
369947.4563,5810842.43,-1
369952.4563,5810842.43,-1
369957.4563,5810842.43,-1
369962.4563,5810842.43,-1
369967.4563,5810842.43,-5
369972.4563,5810842.43,-5
369977.4563,5810842.43,-5
369982.4563,5810842.43,-5
369987.4563,5810842.43,-5
369992.4563,5810842.43,-5
369997.4563,5810842.43,-5
370002.4563,5810842.43,-5
370007.4563,5810842.43,-5
370012.4563,5810842.43,-5
370017.4563,5810842.43,-5
370022.4563,5810842.43,-5
370027.4563,5810842.43,-5
370032.4563,5810842.43,-5
370037.4563,5810842.43,-5
370042.4563,5810842.43,-5
370047.4563,5810842.43,-5
370052.4563,5810842.43,-5
370057.4563,5810842.43,-5
370062.4563,5810842.43,-5
370067.4563,5810842.43,-5
370072.4563,5810842.43,-5
370077.4563,5810842.43,-5
370082.4563,5810842.43,-5
370087.4563,5810842.43,-5
370092.4563,5810842.43,-5
370097.4563,5810842.43,-5
370102.4563,5810842.43,-5
370107.4563,5810842.43,-5
370112.4563,5810842.43,-5
370117.4563,5810842.43,-5
370122.4563,5810842.43,-5
370127.4563,5810842.43,-5
369942.4563,5810837.43,-1
369947.4563,5810837.43,-1
369952.4563,5810837.43,-1
369957.4563,5810837.43,-1
369962.4563,5810837.43,-5
369967.4563,5810837.43,-5
369972.4563,5810837.43,-5
369977.4563,5810837.43,-5
369982.4563,5810837.43,-5
369987.4563,5810837.43,-5
369992.4563,5810837.43,-5
369997.4563,5810837.43,-5
370002.4563,5810837.43,-5
370007.4563,5810837.43,-5
370012.4563,5810837.43,-5
370017.4563,5810837.43,-5
370022.4563,5810837.43,-5
370027.4563,5810837.43,-5
370032.4563,5810837.43,-5
370037.4563,5810837.43,-5
370042.4563,5810837.43,-5
370047.4563,5810837.43,-5
370052.4563,5810837.43,-5
370057.4563,5810837.43,-10
370062.4563,5810837.43,-5
370067.4563,5810837.43,-5
370072.4563,5810837.43,-5
370077.4563,5810837.43,-5
370082.4563,5810837.43,-5
370087.4563,5810837.43,-5
370092.4563,5810837.43,-5
370097.4563,5810837.43,-5
370102.4563,5810837.43,-5
370107.4563,5810837.43,-5
370112.4563,5810837.43,-5
370117.4563,5810837.43,-5
370122.4563,5810837.43,-5
369942.4563,5810832.43,-1
369947.4563,5810832.43,-1
369952.4563,5810832.43,-1
369957.4563,5810832.43,-1
369962.4563,5810832.43,-5
369967.4563,5810832.43,-5
369972.4563,5810832.43,-5
369977.4563,5810832.43,-5
369982.4563,5810832.43,-5
369987.4563,5810832.43,-5
369992.4563,5810832.43,-5
369997.4563,5810832.43,-5
370002.4563,5810832.43,-5
370007.4563,5810832.43,-5
370012.4563,5810832.43,-5
370017.4563,5810832.43,-5
370022.4563,5810832.43,-5
370027.4563,5810832.43,-5
370032.4563,5810832.43,-10
370037.4563,5810832.43,-5
370042.4563,5810832.43,-5
370047.4563,5810832.43,-5
370052.4563,5810832.43,-10
370057.4563,5810832.43,-10
370062.4563,5810832.43,-10
370067.4563,5810832.43,-10
370072.4563,5810832.43,-10
370077.4563,5810832.43,-5
370082.4563,5810832.43,-5
370087.4563,5810832.43,-5
370092.4563,5810832.43,-5
370097.4563,5810832.43,-5
370102.4563,5810832.43,-5
370107.4563,5810832.43,-5
370112.4563,5810832.43,-5
370117.4563,5810832.43,-5
370122.4563,5810832.43,-5
369942.4563,5810827.43,-1
369947.4563,5810827.43,-1
369952.4563,5810827.43,-5
369957.4563,5810827.43,-5
369962.4563,5810827.43,-5
369967.4563,5810827.43,-5
369972.4563,5810827.43,-5
369977.4563,5810827.43,-5
369982.4563,5810827.43,-5
369987.4563,5810827.43,-5
369992.4563,5810827.43,-5
369997.4563,5810827.43,-5
370002.4563,5810827.43,-5
370007.4563,5810827.43,-5
370012.4563,5810827.43,-5
370017.4563,5810827.43,-10
370022.4563,5810827.43,-10
370027.4563,5810827.43,-10
370032.4563,5810827.43,-10
370037.4563,5810827.43,-10
370042.4563,5810827.43,-10
370047.4563,5810827.43,-10
370052.4563,5810827.43,-10
370057.4563,5810827.43,-10
370062.4563,5810827.43,-10
370067.4563,5810827.43,-10
370072.4563,5810827.43,-10
370077.4563,5810827.43,-10
370082.4563,5810827.43,-10
370087.4563,5810827.43,-5
370092.4563,5810827.43,-5
370097.4563,5810827.43,-5
370102.4563,5810827.43,-5
370107.4563,5810827.43,-5
370112.4563,5810827.43,-5
370117.4563,5810827.43,-5
369937.4563,5810822.43,-1
369942.4563,5810822.43,-1
369947.4563,5810822.43,-5
369952.4563,5810822.43,-5
369957.4563,5810822.43,-5
369962.4563,5810822.43,-5
369967.4563,5810822.43,-5
369972.4563,5810822.43,-5
369977.4563,5810822.43,-5
369982.4563,5810822.43,-5
369987.4563,5810822.43,-5
369992.4563,5810822.43,-5
369997.4563,5810822.43,-5
370002.4563,5810822.43,-5
370007.4563,5810822.43,-5
370012.4563,5810822.43,-5
370017.4563,5810822.43,-10
370022.4563,5810822.43,-10
370027.4563,5810822.43,-10
370032.4563,5810822.43,-10
370037.4563,5810822.43,-10
370042.4563,5810822.43,-10
370047.4563,5810822.43,-10
370052.4563,5810822.43,-10
370057.4563,5810822.43,-10
370062.4563,5810822.43,-10
370067.4563,5810822.43,-10
370072.4563,5810822.43,-10
370077.4563,5810822.43,-10
370082.4563,5810822.43,-10
370087.4563,5810822.43,-10
370092.4563,5810822.43,-10
370097.4563,5810822.43,-5
370102.4563,5810822.43,-5
370107.4563,5810822.43,-5
370112.4563,5810822.43,-5
369937.4563,5810817.43,-1
369942.4563,5810817.43,-5
369947.4563,5810817.43,-5
369952.4563,5810817.43,-5
369957.4563,5810817.43,-5
369962.4563,5810817.43,-5
369967.4563,5810817.43,-5
369972.4563,5810817.43,-5
369977.4563,5810817.43,-5
369982.4563,5810817.43,-5
369987.4563,5810817.43,-5
369992.4563,5810817.43,-5
369997.4563,5810817.43,-5
370002.4563,5810817.43,-5
370007.4563,5810817.43,-5
370012.4563,5810817.43,-10
370017.4563,5810817.43,-10
370022.4563,5810817.43,-10
370027.4563,5810817.43,-10
370032.4563,5810817.43,-10
370037.4563,5810817.43,-10
370042.4563,5810817.43,-10
370047.4563,5810817.43,-10
370052.4563,5810817.43,-10
370057.4563,5810817.43,-10
370062.4563,5810817.43,-10
370067.4563,5810817.43,-10
370072.4563,5810817.43,-10
370077.4563,5810817.43,-10
370082.4563,5810817.43,-10
370087.4563,5810817.43,-10
370092.4563,5810817.43,-10
370097.4563,5810817.43,-10
370102.4563,5810817.43,-5
370107.4563,5810817.43,-5
369937.4563,5810812.43,-1
369942.4563,5810812.43,-5
369947.4563,5810812.43,-5
369952.4563,5810812.43,-5
369957.4563,5810812.43,-5
369962.4563,5810812.43,-5
369967.4563,5810812.43,-5
369972.4563,5810812.43,-5
369977.4563,5810812.43,-5
369982.4563,5810812.43,-5
369987.4563,5810812.43,-5
369992.4563,5810812.43,-5
369997.4563,5810812.43,-5
370002.4563,5810812.43,-5
370007.4563,5810812.43,-5
370012.4563,5810812.43,-10
370017.4563,5810812.43,-10
370022.4563,5810812.43,-10
370027.4563,5810812.43,-10
370032.4563,5810812.43,-10
370037.4563,5810812.43,-10
370042.4563,5810812.43,-10
370047.4563,5810812.43,-10
370052.4563,5810812.43,-10
370057.4563,5810812.43,-10
370062.4563,5810812.43,-10
370067.4563,5810812.43,-10
370072.4563,5810812.43,-10
370077.4563,5810812.43,-10
370082.4563,5810812.43,-10
370087.4563,5810812.43,-10
370092.4563,5810812.43,-10
370097.4563,5810812.43,-10
370102.4563,5810812.43,-10
369932.4563,5810807.43,-1
369937.4563,5810807.43,-1
369942.4563,5810807.43,-5
369947.4563,5810807.43,-5
369952.4563,5810807.43,-5
369957.4563,5810807.43,-5
369962.4563,5810807.43,-5
369967.4563,5810807.43,-5
369972.4563,5810807.43,-5
369977.4563,5810807.43,-5
369982.4563,5810807.43,-5
369987.4563,5810807.43,-5
369992.4563,5810807.43,-5
369997.4563,5810807.43,-5
370002.4563,5810807.43,-5
370007.4563,5810807.43,-10
370012.4563,5810807.43,-10
370017.4563,5810807.43,-10
370022.4563,5810807.43,-10
370027.4563,5810807.43,-10
370032.4563,5810807.43,-10
370037.4563,5810807.43,-10
370042.4563,5810807.43,-10
370047.4563,5810807.43,-10
370052.4563,5810807.43,-10
370057.4563,5810807.43,-10
370062.4563,5810807.43,-10
370067.4563,5810807.43,-10
370072.4563,5810807.43,-10
370077.4563,5810807.43,-10
370082.4563,5810807.43,-10
370087.4563,5810807.43,-10
370092.4563,5810807.43,-10
370097.4563,5810807.43,-10
369932.4563,5810802.43,-1
369937.4563,5810802.43,-1
369942.4563,5810802.43,-5
369947.4563,5810802.43,-5
369952.4563,5810802.43,-5
369957.4563,5810802.43,-5
369962.4563,5810802.43,-5
369967.4563,5810802.43,-5
369972.4563,5810802.43,-5
369977.4563,5810802.43,-5
369982.4563,5810802.43,-5
369987.4563,5810802.43,-5
369992.4563,5810802.43,-5
369997.4563,5810802.43,-5
370002.4563,5810802.43,-5
370007.4563,5810802.43,-10
370012.4563,5810802.43,-10
370017.4563,5810802.43,-10
370022.4563,5810802.43,-10
370027.4563,5810802.43,-10
370032.4563,5810802.43,-10
370037.4563,5810802.43,-10
370042.4563,5810802.43,-10
370047.4563,5810802.43,-10
370052.4563,5810802.43,-10
370057.4563,5810802.43,-10
370062.4563,5810802.43,-10
370067.4563,5810802.43,-10
370072.4563,5810802.43,-10
370077.4563,5810802.43,-10
370082.4563,5810802.43,-10
370087.4563,5810802.43,-10
370092.4563,5810802.43,-10
369927.4563,5810797.43,-1
369932.4563,5810797.43,-1
369937.4563,5810797.43,-5
369942.4563,5810797.43,-5
369947.4563,5810797.43,-5
369952.4563,5810797.43,-5
369957.4563,5810797.43,-5
369962.4563,5810797.43,-5
369967.4563,5810797.43,-5
369972.4563,5810797.43,-5
369977.4563,5810797.43,-5
369982.4563,5810797.43,-5
369987.4563,5810797.43,-5
369992.4563,5810797.43,-5
369997.4563,5810797.43,-10
370002.4563,5810797.43,-10
370007.4563,5810797.43,-10
370012.4563,5810797.43,-10
370017.4563,5810797.43,-10
370022.4563,5810797.43,-10
370027.4563,5810797.43,-10
370032.4563,5810797.43,-10
370037.4563,5810797.43,-10
370042.4563,5810797.43,-10
370047.4563,5810797.43,-10
370052.4563,5810797.43,-10
370057.4563,5810797.43,-10
370062.4563,5810797.43,-10
370067.4563,5810797.43,-10
370072.4563,5810797.43,-10
370077.4563,5810797.43,-10
370082.4563,5810797.43,-10
370087.4563,5810797.43,-10
369927.4563,5810792.43,-1
369932.4563,5810792.43,-1
369937.4563,5810792.43,-5
369942.4563,5810792.43,-5
369947.4563,5810792.43,-5
369952.4563,5810792.43,-5
369957.4563,5810792.43,-5
369962.4563,5810792.43,-5
369967.4563,5810792.43,-5
369972.4563,5810792.43,-5
369977.4563,5810792.43,-5
369982.4563,5810792.43,-5
369987.4563,5810792.43,-5
369992.4563,5810792.43,-10
369997.4563,5810792.43,-10
370002.4563,5810792.43,-10
370007.4563,5810792.43,-10
370012.4563,5810792.43,-10
370017.4563,5810792.43,-10
370022.4563,5810792.43,-10
370027.4563,5810792.43,-10
370032.4563,5810792.43,-10
370037.4563,5810792.43,-10
370042.4563,5810792.43,-10
370047.4563,5810792.43,-10
370052.4563,5810792.43,-10
370057.4563,5810792.43,-10
370062.4563,5810792.43,-10
370067.4563,5810792.43,-10
370072.4563,5810792.43,-10
370077.4563,5810792.43,-10
370082.4563,5810792.43,-10
369927.4563,5810787.43,-1
369932.4563,5810787.43,-1
369937.4563,5810787.43,-5
369942.4563,5810787.43,-5
369947.4563,5810787.43,-5
369952.4563,5810787.43,-5
369957.4563,5810787.43,-5
369962.4563,5810787.43,-5
369967.4563,5810787.43,-5
369972.4563,5810787.43,-5
369977.4563,5810787.43,-5
369982.4563,5810787.43,-5
369987.4563,5810787.43,-10
369992.4563,5810787.43,-10
369997.4563,5810787.43,-10
370002.4563,5810787.43,-10
370007.4563,5810787.43,-10
370012.4563,5810787.43,-10
370017.4563,5810787.43,-10
370022.4563,5810787.43,-10
370027.4563,5810787.43,-10
370032.4563,5810787.43,-10
370037.4563,5810787.43,-10
370042.4563,5810787.43,-10
370047.4563,5810787.43,-10
370052.4563,5810787.43,-10
370057.4563,5810787.43,-10
370062.4563,5810787.43,-10
370067.4563,5810787.43,-10
370072.4563,5810787.43,-10
370077.4563,5810787.43,-10
369927.4563,5810782.43,-1
369932.4563,5810782.43,-1
369937.4563,5810782.43,-5
369942.4563,5810782.43,-5
369947.4563,5810782.43,-5
369952.4563,5810782.43,-5
369957.4563,5810782.43,-5
369962.4563,5810782.43,-5
369967.4563,5810782.43,-5
369972.4563,5810782.43,-5
369977.4563,5810782.43,-5
369982.4563,5810782.43,-10
369987.4563,5810782.43,-10
369992.4563,5810782.43,-10
369997.4563,5810782.43,-10
370002.4563,5810782.43,-10
370007.4563,5810782.43,-10
370012.4563,5810782.43,-10
370017.4563,5810782.43,-10
370022.4563,5810782.43,-10
370027.4563,5810782.43,-10
370032.4563,5810782.43,-10
370037.4563,5810782.43,-10
370042.4563,5810782.43,-10
370047.4563,5810782.43,-10
370052.4563,5810782.43,-10
370057.4563,5810782.43,-10
370062.4563,5810782.43,-10
370067.4563,5810782.43,-10
370072.4563,5810782.43,-10
369927.4563,5810777.43,-1
369932.4563,5810777.43,-1
369937.4563,5810777.43,-5
369942.4563,5810777.43,-5
369947.4563,5810777.43,-5
369952.4563,5810777.43,-5
369957.4563,5810777.43,-5
369962.4563,5810777.43,-5
369967.4563,5810777.43,-5
369972.4563,5810777.43,-5
369977.4563,5810777.43,-5
369982.4563,5810777.43,-10
369987.4563,5810777.43,-10
369992.4563,5810777.43,-10
369997.4563,5810777.43,-10
370002.4563,5810777.43,-10
370007.4563,5810777.43,-10
370012.4563,5810777.43,-10
370017.4563,5810777.43,-10
370022.4563,5810777.43,-10
370027.4563,5810777.43,-10
370032.4563,5810777.43,-10
370037.4563,5810777.43,-10
370042.4563,5810777.43,-10
370047.4563,5810777.43,-10
370052.4563,5810777.43,-10
370057.4563,5810777.43,-10
370062.4563,5810777.43,-10
370067.4563,5810777.43,-10
370072.4563,5810777.43,-10
369927.4563,5810772.43,-1
369932.4563,5810772.43,-1
369937.4563,5810772.43,-5
369942.4563,5810772.43,-5
369947.4563,5810772.43,-5
369952.4563,5810772.43,-5
369957.4563,5810772.43,-5
369962.4563,5810772.43,-5
369967.4563,5810772.43,-5
369972.4563,5810772.43,-5
369977.4563,5810772.43,-5
369982.4563,5810772.43,-10
369987.4563,5810772.43,-10
369992.4563,5810772.43,-10
369997.4563,5810772.43,-10
370002.4563,5810772.43,-10
370007.4563,5810772.43,-10
370012.4563,5810772.43,-10
370017.4563,5810772.43,-10
370022.4563,5810772.43,-10
370027.4563,5810772.43,-10
370032.4563,5810772.43,-10
370037.4563,5810772.43,-10
370042.4563,5810772.43,-10
370047.4563,5810772.43,-10
370052.4563,5810772.43,-10
370057.4563,5810772.43,-10
370062.4563,5810772.43,-10
370067.4563,5810772.43,-10
369927.4563,5810767.43,-1
369932.4563,5810767.43,-1
369937.4563,5810767.43,-5
369942.4563,5810767.43,-5
369947.4563,5810767.43,-5
369952.4563,5810767.43,-5
369957.4563,5810767.43,-5
369962.4563,5810767.43,-5
369967.4563,5810767.43,-5
369972.4563,5810767.43,-5
369977.4563,5810767.43,-5
369982.4563,5810767.43,-10
369987.4563,5810767.43,-10
369992.4563,5810767.43,-10
369997.4563,5810767.43,-10
370002.4563,5810767.43,-10
370007.4563,5810767.43,-10
370012.4563,5810767.43,-10
370017.4563,5810767.43,-10
370022.4563,5810767.43,-10
370027.4563,5810767.43,-10
370032.4563,5810767.43,-10
370037.4563,5810767.43,-10
370042.4563,5810767.43,-10
370047.4563,5810767.43,-10
370052.4563,5810767.43,-10
370057.4563,5810767.43,-10
370062.4563,5810767.43,-10
369927.4563,5810762.43,-1
369932.4563,5810762.43,-1
369937.4563,5810762.43,-5
369942.4563,5810762.43,-5
369947.4563,5810762.43,-5
369952.4563,5810762.43,-5
369957.4563,5810762.43,-5
369962.4563,5810762.43,-5
369967.4563,5810762.43,-5
369972.4563,5810762.43,-5
369977.4563,5810762.43,-5
369982.4563,5810762.43,-10
369987.4563,5810762.43,-10
369992.4563,5810762.43,-10
369997.4563,5810762.43,-10
370002.4563,5810762.43,-10
370007.4563,5810762.43,-10
370012.4563,5810762.43,-10
370017.4563,5810762.43,-10
370022.4563,5810762.43,-10
370027.4563,5810762.43,-10
370032.4563,5810762.43,-10
370037.4563,5810762.43,-10
370042.4563,5810762.43,-10
370047.4563,5810762.43,-10
370052.4563,5810762.43,-10
370057.4563,5810762.43,-10
369922.4563,5810757.43,-1
369927.4563,5810757.43,-1
369932.4563,5810757.43,-1
369937.4563,5810757.43,-5
369942.4563,5810757.43,-5
369947.4563,5810757.43,-5
369952.4563,5810757.43,-5
369957.4563,5810757.43,-5
369962.4563,5810757.43,-5
369967.4563,5810757.43,-5
369972.4563,5810757.43,-5
369977.4563,5810757.43,-10
369982.4563,5810757.43,-10
369987.4563,5810757.43,-10
369992.4563,5810757.43,-10
369997.4563,5810757.43,-10
370002.4563,5810757.43,-10
370007.4563,5810757.43,-10
370012.4563,5810757.43,-10
370017.4563,5810757.43,-10
370022.4563,5810757.43,-10
370027.4563,5810757.43,-10
370032.4563,5810757.43,-10
370037.4563,5810757.43,-10
370042.4563,5810757.43,-10
370047.4563,5810757.43,-10
370052.4563,5810757.43,-10
369922.4563,5810752.43,-1
369927.4563,5810752.43,-1
369932.4563,5810752.43,-1
369937.4563,5810752.43,-5
369942.4563,5810752.43,-5
369947.4563,5810752.43,-5
369952.4563,5810752.43,-5
369957.4563,5810752.43,-5
369962.4563,5810752.43,-5
369967.4563,5810752.43,-5
369972.4563,5810752.43,-5
369977.4563,5810752.43,-10
369982.4563,5810752.43,-10
369987.4563,5810752.43,-10
369992.4563,5810752.43,-10
369997.4563,5810752.43,-10
370002.4563,5810752.43,-10
370007.4563,5810752.43,-10
370012.4563,5810752.43,-10
370017.4563,5810752.43,-10
370022.4563,5810752.43,-10
370027.4563,5810752.43,-10
370032.4563,5810752.43,-10
370037.4563,5810752.43,-10
370042.4563,5810752.43,-10
370047.4563,5810752.43,-10
369922.4563,5810747.43,-1
369927.4563,5810747.43,-1
369932.4563,5810747.43,-1
369937.4563,5810747.43,-5
369942.4563,5810747.43,-5
369947.4563,5810747.43,-5
369952.4563,5810747.43,-5
369957.4563,5810747.43,-5
369962.4563,5810747.43,-5
369967.4563,5810747.43,-5
369972.4563,5810747.43,-5
369977.4563,5810747.43,-10
369982.4563,5810747.43,-10
369987.4563,5810747.43,-10
369992.4563,5810747.43,-10
369997.4563,5810747.43,-10
370002.4563,5810747.43,-10
370007.4563,5810747.43,-10
370012.4563,5810747.43,-10
370017.4563,5810747.43,-10
370022.4563,5810747.43,-10
370027.4563,5810747.43,-10
370032.4563,5810747.43,-10
370037.4563,5810747.43,-10
370042.4563,5810747.43,-10
370047.4563,5810747.43,-10
369922.4563,5810742.43,-1
369927.4563,5810742.43,-1
369932.4563,5810742.43,-1
369937.4563,5810742.43,-5
369942.4563,5810742.43,-5
369947.4563,5810742.43,-5
369952.4563,5810742.43,-5
369957.4563,5810742.43,-5
369962.4563,5810742.43,-5
369967.4563,5810742.43,-5
369972.4563,5810742.43,-5
369977.4563,5810742.43,-10
369982.4563,5810742.43,-10
369987.4563,5810742.43,-10
369992.4563,5810742.43,-10
369997.4563,5810742.43,-10
370002.4563,5810742.43,-10
370007.4563,5810742.43,-10
370012.4563,5810742.43,-10
370017.4563,5810742.43,-10
370022.4563,5810742.43,-10
370027.4563,5810742.43,-10
370032.4563,5810742.43,-10
370037.4563,5810742.43,-10
370042.4563,5810742.43,-10
370047.4563,5810742.43,-10
369922.4563,5810737.43,-1
369927.4563,5810737.43,-1
369932.4563,5810737.43,-1
369937.4563,5810737.43,-5
369942.4563,5810737.43,-5
369947.4563,5810737.43,-5
369952.4563,5810737.43,-5
369957.4563,5810737.43,-5
369962.4563,5810737.43,-5
369967.4563,5810737.43,-5
369972.4563,5810737.43,-5
369977.4563,5810737.43,-10
369982.4563,5810737.43,-10
369987.4563,5810737.43,-10
369992.4563,5810737.43,-10
369997.4563,5810737.43,-10
370002.4563,5810737.43,-10
370007.4563,5810737.43,-10
370012.4563,5810737.43,-10
370017.4563,5810737.43,-10
370022.4563,5810737.43,-10
370027.4563,5810737.43,-10
370032.4563,5810737.43,-10
370037.4563,5810737.43,-10
370042.4563,5810737.43,-10
370047.4563,5810737.43,-10
369922.4563,5810732.43,-1
369927.4563,5810732.43,-1
369932.4563,5810732.43,-1
369937.4563,5810732.43,-5
369942.4563,5810732.43,-5
369947.4563,5810732.43,-5
369952.4563,5810732.43,-5
369957.4563,5810732.43,-5
369962.4563,5810732.43,-5
369967.4563,5810732.43,-5
369972.4563,5810732.43,-5
369977.4563,5810732.43,-10
369982.4563,5810732.43,-10
369987.4563,5810732.43,-10
369992.4563,5810732.43,-10
369997.4563,5810732.43,-10
370002.4563,5810732.43,-10
370007.4563,5810732.43,-10
370012.4563,5810732.43,-10
370017.4563,5810732.43,-10
370022.4563,5810732.43,-10
370027.4563,5810732.43,-10
370032.4563,5810732.43,-10
370037.4563,5810732.43,-10
370042.4563,5810732.43,-10
370047.4563,5810732.43,-10
370052.4563,5810732.43,-10
369917.4563,5810727.43,-1
369922.4563,5810727.43,-1
369927.4563,5810727.43,-1
369932.4563,5810727.43,-1
369937.4563,5810727.43,-5
369942.4563,5810727.43,-5
369947.4563,5810727.43,-5
369952.4563,5810727.43,-5
369957.4563,5810727.43,-5
369962.4563,5810727.43,-5
369967.4563,5810727.43,-5
369972.4563,5810727.43,-5
369977.4563,5810727.43,-10
369982.4563,5810727.43,-10
369987.4563,5810727.43,-10
369992.4563,5810727.43,-10
369997.4563,5810727.43,-10
370002.4563,5810727.43,-10
370007.4563,5810727.43,-10
370012.4563,5810727.43,-10
370017.4563,5810727.43,-10
370022.4563,5810727.43,-10
370027.4563,5810727.43,-10
370032.4563,5810727.43,-10
370037.4563,5810727.43,-10
370042.4563,5810727.43,-10
370047.4563,5810727.43,-10
370052.4563,5810727.43,-10
369917.4563,5810722.43,-1
369922.4563,5810722.43,-1
369927.4563,5810722.43,-1
369932.4563,5810722.43,-5
369937.4563,5810722.43,-5
369942.4563,5810722.43,-5
369947.4563,5810722.43,-5
369952.4563,5810722.43,-5
369957.4563,5810722.43,-5
369962.4563,5810722.43,-5
369967.4563,5810722.43,-5
369972.4563,5810722.43,-5
369977.4563,5810722.43,-10
369982.4563,5810722.43,-10
369987.4563,5810722.43,-10
369992.4563,5810722.43,-10
369997.4563,5810722.43,-10
370002.4563,5810722.43,-10
370007.4563,5810722.43,-10
370012.4563,5810722.43,-10
370017.4563,5810722.43,-10
370022.4563,5810722.43,-10
370027.4563,5810722.43,-10
370032.4563,5810722.43,-10
370037.4563,5810722.43,-10
370042.4563,5810722.43,-10
370047.4563,5810722.43,-10
370052.4563,5810722.43,-10
369917.4563,5810717.43,-1
369922.4563,5810717.43,-1
369927.4563,5810717.43,-1
369932.4563,5810717.43,-5
369937.4563,5810717.43,-5
369942.4563,5810717.43,-5
369947.4563,5810717.43,-5
369952.4563,5810717.43,-5
369957.4563,5810717.43,-5
369962.4563,5810717.43,-5
369967.4563,5810717.43,-5
369972.4563,5810717.43,-5
369977.4563,5810717.43,-10
369982.4563,5810717.43,-10
369987.4563,5810717.43,-10
369992.4563,5810717.43,-10
369997.4563,5810717.43,-10
370002.4563,5810717.43,-10
370007.4563,5810717.43,-10
370012.4563,5810717.43,-10
370017.4563,5810717.43,-10
370022.4563,5810717.43,-10
370027.4563,5810717.43,-10
370032.4563,5810717.43,-10
370037.4563,5810717.43,-10
370042.4563,5810717.43,-10
370047.4563,5810717.43,-10
370052.4563,5810717.43,-10
369917.4563,5810712.43,-1
369922.4563,5810712.43,-1
369927.4563,5810712.43,-1
369932.4563,5810712.43,-5
369937.4563,5810712.43,-5
369942.4563,5810712.43,-5
369947.4563,5810712.43,-5
369952.4563,5810712.43,-5
369957.4563,5810712.43,-5
369962.4563,5810712.43,-5
369967.4563,5810712.43,-5
369972.4563,5810712.43,-5
369977.4563,5810712.43,-10
369982.4563,5810712.43,-10
369987.4563,5810712.43,-10
369992.4563,5810712.43,-10
369997.4563,5810712.43,-10
370002.4563,5810712.43,-10
370007.4563,5810712.43,-10
370012.4563,5810712.43,-10
370017.4563,5810712.43,-10
370022.4563,5810712.43,-10
370027.4563,5810712.43,-10
370032.4563,5810712.43,-10
370037.4563,5810712.43,-10
370042.4563,5810712.43,-10
370047.4563,5810712.43,-10
370052.4563,5810712.43,-10
369917.4563,5810707.43,-1
369922.4563,5810707.43,-1
369927.4563,5810707.43,-1
369932.4563,5810707.43,-5
369937.4563,5810707.43,-5
369942.4563,5810707.43,-5
369947.4563,5810707.43,-5
369952.4563,5810707.43,-5
369957.4563,5810707.43,-5
369962.4563,5810707.43,-5
369967.4563,5810707.43,-5
369972.4563,5810707.43,-5
369977.4563,5810707.43,-10
369982.4563,5810707.43,-10
369987.4563,5810707.43,-10
369992.4563,5810707.43,-10
369997.4563,5810707.43,-10
370002.4563,5810707.43,-10
370007.4563,5810707.43,-10
370012.4563,5810707.43,-10
370017.4563,5810707.43,-10
370022.4563,5810707.43,-10
370027.4563,5810707.43,-10
370032.4563,5810707.43,-10
370037.4563,5810707.43,-10
370042.4563,5810707.43,-10
370047.4563,5810707.43,-10
370052.4563,5810707.43,-10
369917.4563,5810702.43,-1
369922.4563,5810702.43,-1
369927.4563,5810702.43,-1
369932.4563,5810702.43,-5
369937.4563,5810702.43,-5
369942.4563,5810702.43,-5
369947.4563,5810702.43,-5
369952.4563,5810702.43,-5
369957.4563,5810702.43,-5
369962.4563,5810702.43,-5
369967.4563,5810702.43,-5
369972.4563,5810702.43,-5
369977.4563,5810702.43,-5
369982.4563,5810702.43,-10
369987.4563,5810702.43,-10
369992.4563,5810702.43,-10
369997.4563,5810702.43,-10
370002.4563,5810702.43,-10
370007.4563,5810702.43,-10
370012.4563,5810702.43,-10
370017.4563,5810702.43,-10
370022.4563,5810702.43,-10
370027.4563,5810702.43,-10
370032.4563,5810702.43,-10
370037.4563,5810702.43,-10
370042.4563,5810702.43,-10
370047.4563,5810702.43,-10
370052.4563,5810702.43,-10
369917.4563,5810697.43,-1
369922.4563,5810697.43,-1
369927.4563,5810697.43,-1
369932.4563,5810697.43,-5
369937.4563,5810697.43,-5
369942.4563,5810697.43,-5
369947.4563,5810697.43,-5
369952.4563,5810697.43,-5
369957.4563,5810697.43,-5
369962.4563,5810697.43,-5
369967.4563,5810697.43,-5
369972.4563,5810697.43,-5
369977.4563,5810697.43,-5
369982.4563,5810697.43,-10
369987.4563,5810697.43,-10
369992.4563,5810697.43,-10
369997.4563,5810697.43,-10
370002.4563,5810697.43,-10
370007.4563,5810697.43,-10
370012.4563,5810697.43,-10
370017.4563,5810697.43,-10
370022.4563,5810697.43,-10
370027.4563,5810697.43,-10
370032.4563,5810697.43,-10
370037.4563,5810697.43,-10
370042.4563,5810697.43,-10
370047.4563,5810697.43,-10
370052.4563,5810697.43,-10
369922.4563,5810692.43,-1
369927.4563,5810692.43,-1
369932.4563,5810692.43,-5
369937.4563,5810692.43,-5
369942.4563,5810692.43,-5
369947.4563,5810692.43,-5
369952.4563,5810692.43,-5
369957.4563,5810692.43,-5
369962.4563,5810692.43,-5
369967.4563,5810692.43,-5
369972.4563,5810692.43,-5
369977.4563,5810692.43,-5
369982.4563,5810692.43,-10
369987.4563,5810692.43,-10
369992.4563,5810692.43,-10
369997.4563,5810692.43,-10
370002.4563,5810692.43,-10
370007.4563,5810692.43,-10
370012.4563,5810692.43,-10
370017.4563,5810692.43,-10
370022.4563,5810692.43,-10
370027.4563,5810692.43,-10
370032.4563,5810692.43,-10
370037.4563,5810692.43,-10
370042.4563,5810692.43,-10
370047.4563,5810692.43,-10
370052.4563,5810692.43,-10
370057.4563,5810692.43,-10
369922.4563,5810687.43,-1
369927.4563,5810687.43,-1
369932.4563,5810687.43,-5
369937.4563,5810687.43,-5
369942.4563,5810687.43,-5
369947.4563,5810687.43,-5
369952.4563,5810687.43,-5
369957.4563,5810687.43,-5
369962.4563,5810687.43,-5
369967.4563,5810687.43,-5
369972.4563,5810687.43,-5
369977.4563,5810687.43,-5
369982.4563,5810687.43,-10
369987.4563,5810687.43,-10
369992.4563,5810687.43,-10
369997.4563,5810687.43,-10
370002.4563,5810687.43,-10
370007.4563,5810687.43,-10
370012.4563,5810687.43,-10
370017.4563,5810687.43,-10
370022.4563,5810687.43,-10
370027.4563,5810687.43,-10
370032.4563,5810687.43,-10
370037.4563,5810687.43,-10
370042.4563,5810687.43,-10
370047.4563,5810687.43,-10
370052.4563,5810687.43,-10
370057.4563,5810687.43,-10
369922.4563,5810682.43,-1
369927.4563,5810682.43,-1
369932.4563,5810682.43,-5
369937.4563,5810682.43,-5
369942.4563,5810682.43,-5
369947.4563,5810682.43,-5
369952.4563,5810682.43,-5
369957.4563,5810682.43,-5
369962.4563,5810682.43,-5
369967.4563,5810682.43,-5
369972.4563,5810682.43,-5
369977.4563,5810682.43,-5
369982.4563,5810682.43,-10
369987.4563,5810682.43,-10
369992.4563,5810682.43,-10
369997.4563,5810682.43,-10
370002.4563,5810682.43,-10
370007.4563,5810682.43,-10
370012.4563,5810682.43,-10
370017.4563,5810682.43,-10
370022.4563,5810682.43,-10
370027.4563,5810682.43,-10
370032.4563,5810682.43,-10
370037.4563,5810682.43,-10
370042.4563,5810682.43,-10
370047.4563,5810682.43,-10
370052.4563,5810682.43,-10
370057.4563,5810682.43,-10
369927.4563,5810677.43,-1
369932.4563,5810677.43,-1
369937.4563,5810677.43,-5
369942.4563,5810677.43,-5
369947.4563,5810677.43,-5
369952.4563,5810677.43,-5
369957.4563,5810677.43,-5
369962.4563,5810677.43,-5
369967.4563,5810677.43,-5
369972.4563,5810677.43,-5
369977.4563,5810677.43,-5
369982.4563,5810677.43,-5
369987.4563,5810677.43,-10
369992.4563,5810677.43,-10
369997.4563,5810677.43,-10
370002.4563,5810677.43,-10
370007.4563,5810677.43,-10
370012.4563,5810677.43,-10
370017.4563,5810677.43,-10
370022.4563,5810677.43,-10
370027.4563,5810677.43,-10
370032.4563,5810677.43,-10
370037.4563,5810677.43,-10
370042.4563,5810677.43,-10
370047.4563,5810677.43,-10
370052.4563,5810677.43,-10
370057.4563,5810677.43,-10
369927.4563,5810672.43,-1
369932.4563,5810672.43,-1
369937.4563,5810672.43,-5
369942.4563,5810672.43,-5
369947.4563,5810672.43,-5
369952.4563,5810672.43,-5
369957.4563,5810672.43,-5
369962.4563,5810672.43,-5
369967.4563,5810672.43,-5
369972.4563,5810672.43,-5
369977.4563,5810672.43,-5
369982.4563,5810672.43,-5
369987.4563,5810672.43,-5
369992.4563,5810672.43,-5
369997.4563,5810672.43,-10
370002.4563,5810672.43,-10
370007.4563,5810672.43,-10
370012.4563,5810672.43,-10
370017.4563,5810672.43,-10
370022.4563,5810672.43,-10
370027.4563,5810672.43,-10
370032.4563,5810672.43,-10
370037.4563,5810672.43,-10
370042.4563,5810672.43,-10
370047.4563,5810672.43,-10
370052.4563,5810672.43,-10
370057.4563,5810672.43,-10
369927.4563,5810667.43,-1
369932.4563,5810667.43,-1
369937.4563,5810667.43,-1
369942.4563,5810667.43,-5
369947.4563,5810667.43,-5
369952.4563,5810667.43,-5
369957.4563,5810667.43,-5
369962.4563,5810667.43,-5
369967.4563,5810667.43,-5
369972.4563,5810667.43,-5
369977.4563,5810667.43,-5
369982.4563,5810667.43,-5
369987.4563,5810667.43,-5
369992.4563,5810667.43,-5
369997.4563,5810667.43,-5
370002.4563,5810667.43,-10
370007.4563,5810667.43,-10
370012.4563,5810667.43,-10
370017.4563,5810667.43,-10
370022.4563,5810667.43,-10
370027.4563,5810667.43,-10
370032.4563,5810667.43,-10
370037.4563,5810667.43,-10
370042.4563,5810667.43,-10
370047.4563,5810667.43,-10
370052.4563,5810667.43,-10
370057.4563,5810667.43,-10
370062.4563,5810667.43,-10
369932.4563,5810662.43,-1
369937.4563,5810662.43,-1
369942.4563,5810662.43,-5
369947.4563,5810662.43,-5
369952.4563,5810662.43,-5
369957.4563,5810662.43,-5
369962.4563,5810662.43,-5
369967.4563,5810662.43,-5
369972.4563,5810662.43,-5
369977.4563,5810662.43,-5
369982.4563,5810662.43,-5
369987.4563,5810662.43,-5
369992.4563,5810662.43,-5
369997.4563,5810662.43,-5
370002.4563,5810662.43,-5
370007.4563,5810662.43,-10
370012.4563,5810662.43,-10
370017.4563,5810662.43,-10
370022.4563,5810662.43,-10
370027.4563,5810662.43,-10
370032.4563,5810662.43,-10
370037.4563,5810662.43,-10
370042.4563,5810662.43,-10
370047.4563,5810662.43,-10
370052.4563,5810662.43,-10
370057.4563,5810662.43,-10
370062.4563,5810662.43,-10
369932.4563,5810657.43,-1
369937.4563,5810657.43,-1
369942.4563,5810657.43,-1
369947.4563,5810657.43,-5
369952.4563,5810657.43,-5
369957.4563,5810657.43,-5
369962.4563,5810657.43,-5
369967.4563,5810657.43,-5
369972.4563,5810657.43,-5
369977.4563,5810657.43,-5
369982.4563,5810657.43,-5
369987.4563,5810657.43,-5
369992.4563,5810657.43,-5
369997.4563,5810657.43,-5
370002.4563,5810657.43,-5
370007.4563,5810657.43,-10
370012.4563,5810657.43,-10
370017.4563,5810657.43,-10
370022.4563,5810657.43,-10
370027.4563,5810657.43,-10
370032.4563,5810657.43,-10
370037.4563,5810657.43,-10
370042.4563,5810657.43,-10
370047.4563,5810657.43,-10
370052.4563,5810657.43,-10
370057.4563,5810657.43,-10
370062.4563,5810657.43,-10
370067.4563,5810657.43,-10
369932.4563,5810652.43,-1
369937.4563,5810652.43,-1
369942.4563,5810652.43,-1
369947.4563,5810652.43,-1
369952.4563,5810652.43,-5
369957.4563,5810652.43,-5
369962.4563,5810652.43,-5
369967.4563,5810652.43,-5
369972.4563,5810652.43,-5
369977.4563,5810652.43,-5
369982.4563,5810652.43,-5
369987.4563,5810652.43,-5
369992.4563,5810652.43,-5
369997.4563,5810652.43,-5
370002.4563,5810652.43,-5
370007.4563,5810652.43,-5
370012.4563,5810652.43,-10
370017.4563,5810652.43,-10
370022.4563,5810652.43,-10
370027.4563,5810652.43,-10
370032.4563,5810652.43,-10
370037.4563,5810652.43,-10
370042.4563,5810652.43,-10
370047.4563,5810652.43,-10
370052.4563,5810652.43,-10
370057.4563,5810652.43,-10
370062.4563,5810652.43,-10
370067.4563,5810652.43,-10
369932.4563,5810647.43,-1
369937.4563,5810647.43,-1
369942.4563,5810647.43,-1
369947.4563,5810647.43,-1
369952.4563,5810647.43,-5
369957.4563,5810647.43,-5
369962.4563,5810647.43,-5
369967.4563,5810647.43,-5
369972.4563,5810647.43,-5
369977.4563,5810647.43,-5
369982.4563,5810647.43,-5
369987.4563,5810647.43,-5
369992.4563,5810647.43,-5
369997.4563,5810647.43,-5
370002.4563,5810647.43,-5
370007.4563,5810647.43,-5
370012.4563,5810647.43,-10
370017.4563,5810647.43,-10
370022.4563,5810647.43,-10
370027.4563,5810647.43,-10
370032.4563,5810647.43,-10
370037.4563,5810647.43,-10
370042.4563,5810647.43,-10
370047.4563,5810647.43,-10
370052.4563,5810647.43,-10
370057.4563,5810647.43,-10
370062.4563,5810647.43,-10
370067.4563,5810647.43,-10
370072.4563,5810647.43,-10
369937.4563,5810642.43,-1
369942.4563,5810642.43,-1
369947.4563,5810642.43,-1
369952.4563,5810642.43,-1
369957.4563,5810642.43,-5
369962.4563,5810642.43,-5
369967.4563,5810642.43,-5
369972.4563,5810642.43,-5
369977.4563,5810642.43,-5
369982.4563,5810642.43,-5
369987.4563,5810642.43,-5
369992.4563,5810642.43,-5
369997.4563,5810642.43,-5
370002.4563,5810642.43,-5
370007.4563,5810642.43,-5
370012.4563,5810642.43,-5
370017.4563,5810642.43,-10
370022.4563,5810642.43,-10
370027.4563,5810642.43,-10
370032.4563,5810642.43,-10
370037.4563,5810642.43,-10
370042.4563,5810642.43,-10
370047.4563,5810642.43,-10
370052.4563,5810642.43,-10
370057.4563,5810642.43,-10
370062.4563,5810642.43,-10
370067.4563,5810642.43,-10
370072.4563,5810642.43,-10
369937.4563,5810637.43,-1
369942.4563,5810637.43,-1
369947.4563,5810637.43,-1
369952.4563,5810637.43,-1
369957.4563,5810637.43,-5
369962.4563,5810637.43,-5
369967.4563,5810637.43,-5
369972.4563,5810637.43,-5
369977.4563,5810637.43,-5
369982.4563,5810637.43,-5
369987.4563,5810637.43,-5
369992.4563,5810637.43,-5
369997.4563,5810637.43,-5
370002.4563,5810637.43,-5
370007.4563,5810637.43,-5
370012.4563,5810637.43,-5
370017.4563,5810637.43,-10
370022.4563,5810637.43,-10
370027.4563,5810637.43,-10
370032.4563,5810637.43,-10
370037.4563,5810637.43,-10
370042.4563,5810637.43,-10
370047.4563,5810637.43,-10
370052.4563,5810637.43,-10
370057.4563,5810637.43,-10
370062.4563,5810637.43,-10
370067.4563,5810637.43,-10
370072.4563,5810637.43,-10
370077.4563,5810637.43,-10
369942.4563,5810632.43,-1
369947.4563,5810632.43,-1
369952.4563,5810632.43,-1
369957.4563,5810632.43,-5
369962.4563,5810632.43,-5
369967.4563,5810632.43,-5
369972.4563,5810632.43,-5
369977.4563,5810632.43,-5
369982.4563,5810632.43,-5
369987.4563,5810632.43,-5
369992.4563,5810632.43,-5
369997.4563,5810632.43,-5
370002.4563,5810632.43,-5
370007.4563,5810632.43,-5
370012.4563,5810632.43,-5
370017.4563,5810632.43,-5
370022.4563,5810632.43,-10
370027.4563,5810632.43,-10
370032.4563,5810632.43,-10
370037.4563,5810632.43,-10
370042.4563,5810632.43,-10
370047.4563,5810632.43,-10
370052.4563,5810632.43,-10
370057.4563,5810632.43,-10
370062.4563,5810632.43,-10
370067.4563,5810632.43,-10
370072.4563,5810632.43,-10
370077.4563,5810632.43,-10
369942.4563,5810627.43,-1
369947.4563,5810627.43,-1
369952.4563,5810627.43,-1
369957.4563,5810627.43,-1
369962.4563,5810627.43,-5
369967.4563,5810627.43,-5
369972.4563,5810627.43,-5
369977.4563,5810627.43,-5
369982.4563,5810627.43,-5
369987.4563,5810627.43,-5
369992.4563,5810627.43,-5
369997.4563,5810627.43,-5
370002.4563,5810627.43,-5
370007.4563,5810627.43,-5
370012.4563,5810627.43,-5
370017.4563,5810627.43,-5
370022.4563,5810627.43,-10
370027.4563,5810627.43,-10
370032.4563,5810627.43,-10
370037.4563,5810627.43,-10
370042.4563,5810627.43,-10
370047.4563,5810627.43,-10
370052.4563,5810627.43,-10
370057.4563,5810627.43,-10
370062.4563,5810627.43,-10
370067.4563,5810627.43,-10
370072.4563,5810627.43,-10
370077.4563,5810627.43,-10
370082.4563,5810627.43,-10
369947.4563,5810622.43,-1
369952.4563,5810622.43,-1
369957.4563,5810622.43,-1
369962.4563,5810622.43,-5
369967.4563,5810622.43,-5
369972.4563,5810622.43,-5
369977.4563,5810622.43,-5
369982.4563,5810622.43,-5
369987.4563,5810622.43,-5
369992.4563,5810622.43,-5
369997.4563,5810622.43,-5
370002.4563,5810622.43,-5
370007.4563,5810622.43,-5
370012.4563,5810622.43,-5
370017.4563,5810622.43,-10
370022.4563,5810622.43,-10
370027.4563,5810622.43,-10
370032.4563,5810622.43,-10
370037.4563,5810622.43,-10
370042.4563,5810622.43,-10
370047.4563,5810622.43,-10
370052.4563,5810622.43,-10
370057.4563,5810622.43,-10
370062.4563,5810622.43,-10
370067.4563,5810622.43,-10
370072.4563,5810622.43,-10
370077.4563,5810622.43,-10
370082.4563,5810622.43,-10
370087.4563,5810622.43,-10
369947.4563,5810617.43,-1
369952.4563,5810617.43,-1
369957.4563,5810617.43,-1
369962.4563,5810617.43,-5
369967.4563,5810617.43,-5
369972.4563,5810617.43,-5
369977.4563,5810617.43,-5
369982.4563,5810617.43,-5
369987.4563,5810617.43,-5
369992.4563,5810617.43,-5
369997.4563,5810617.43,-5
370002.4563,5810617.43,-5
370007.4563,5810617.43,-5
370012.4563,5810617.43,-5
370017.4563,5810617.43,-10
370022.4563,5810617.43,-10
370027.4563,5810617.43,-10
370032.4563,5810617.43,-10
370037.4563,5810617.43,-10
370042.4563,5810617.43,-10
370047.4563,5810617.43,-10
370052.4563,5810617.43,-10
370057.4563,5810617.43,-10
370062.4563,5810617.43,-10
370067.4563,5810617.43,-10
370072.4563,5810617.43,-10
370077.4563,5810617.43,-10
370082.4563,5810617.43,-10
370087.4563,5810617.43,-10
369952.4563,5810612.43,-1
369957.4563,5810612.43,-1
369962.4563,5810612.43,-1
369967.4563,5810612.43,-5
369972.4563,5810612.43,-5
369977.4563,5810612.43,-5
369982.4563,5810612.43,-5
369987.4563,5810612.43,-5
369992.4563,5810612.43,-5
369997.4563,5810612.43,-5
370002.4563,5810612.43,-5
370007.4563,5810612.43,-5
370012.4563,5810612.43,-5
370017.4563,5810612.43,-10
370022.4563,5810612.43,-10
370027.4563,5810612.43,-10
370032.4563,5810612.43,-10
370037.4563,5810612.43,-10
370042.4563,5810612.43,-10
370047.4563,5810612.43,-10
370052.4563,5810612.43,-10
370057.4563,5810612.43,-10
370062.4563,5810612.43,-10
370067.4563,5810612.43,-10
370072.4563,5810612.43,-10
370077.4563,5810612.43,-10
370082.4563,5810612.43,-10
370087.4563,5810612.43,-10
370092.4563,5810612.43,-10
369952.4563,5810607.43,-1
369957.4563,5810607.43,-1
369962.4563,5810607.43,-1
369967.4563,5810607.43,-5
369972.4563,5810607.43,-5
369977.4563,5810607.43,-5
369982.4563,5810607.43,-5
369987.4563,5810607.43,-5
369992.4563,5810607.43,-5
369997.4563,5810607.43,-5
370002.4563,5810607.43,-5
370007.4563,5810607.43,-5
370012.4563,5810607.43,-5
370017.4563,5810607.43,-10
370022.4563,5810607.43,-10
370027.4563,5810607.43,-10
370032.4563,5810607.43,-10
370037.4563,5810607.43,-10
370042.4563,5810607.43,-10
370047.4563,5810607.43,-10
370052.4563,5810607.43,-10
370057.4563,5810607.43,-10
370062.4563,5810607.43,-10
370067.4563,5810607.43,-10
370072.4563,5810607.43,-10
370077.4563,5810607.43,-10
370082.4563,5810607.43,-10
370087.4563,5810607.43,-10
370092.4563,5810607.43,-10
369957.4563,5810602.43,-1
369962.4563,5810602.43,-1
369967.4563,5810602.43,-1
369972.4563,5810602.43,-5
369977.4563,5810602.43,-5
369982.4563,5810602.43,-5
369987.4563,5810602.43,-5
369992.4563,5810602.43,-5
369997.4563,5810602.43,-5
370002.4563,5810602.43,-5
370007.4563,5810602.43,-5
370012.4563,5810602.43,-5
370017.4563,5810602.43,-10
370022.4563,5810602.43,-10
370027.4563,5810602.43,-10
370032.4563,5810602.43,-10
370037.4563,5810602.43,-10
370042.4563,5810602.43,-10
370047.4563,5810602.43,-10
370052.4563,5810602.43,-10
370057.4563,5810602.43,-10
370062.4563,5810602.43,-10
370067.4563,5810602.43,-10
370072.4563,5810602.43,-10
370077.4563,5810602.43,-10
370082.4563,5810602.43,-10
370087.4563,5810602.43,-10
370092.4563,5810602.43,-10
370097.4563,5810602.43,-10
369962.4563,5810597.43,-1
369967.4563,5810597.43,-1
369972.4563,5810597.43,-1
369977.4563,5810597.43,-5
369982.4563,5810597.43,-5
369987.4563,5810597.43,-5
369992.4563,5810597.43,-5
369997.4563,5810597.43,-5
370002.4563,5810597.43,-5
370007.4563,5810597.43,-5
370012.4563,5810597.43,-5
370017.4563,5810597.43,-10
370022.4563,5810597.43,-10
370027.4563,5810597.43,-10
370032.4563,5810597.43,-10
370037.4563,5810597.43,-10
370042.4563,5810597.43,-10
370047.4563,5810597.43,-10
370052.4563,5810597.43,-10
370057.4563,5810597.43,-10
370062.4563,5810597.43,-10
370067.4563,5810597.43,-10
370072.4563,5810597.43,-10
370077.4563,5810597.43,-10
370082.4563,5810597.43,-10
370087.4563,5810597.43,-10
370092.4563,5810597.43,-10
370097.4563,5810597.43,-10
370102.4563,5810597.43,-10
369967.4563,5810592.43,-1
369972.4563,5810592.43,-1
369977.4563,5810592.43,-1
369982.4563,5810592.43,-5
369987.4563,5810592.43,-5
369992.4563,5810592.43,-5
369997.4563,5810592.43,-5
370002.4563,5810592.43,-5
370007.4563,5810592.43,-5
370012.4563,5810592.43,-5
370017.4563,5810592.43,-10
370022.4563,5810592.43,-10
370027.4563,5810592.43,-10
370032.4563,5810592.43,-10
370037.4563,5810592.43,-10
370042.4563,5810592.43,-10
370047.4563,5810592.43,-10
370052.4563,5810592.43,-10
370057.4563,5810592.43,-10
370062.4563,5810592.43,-10
370067.4563,5810592.43,-10
370072.4563,5810592.43,-10
370077.4563,5810592.43,-10
370082.4563,5810592.43,-10
370087.4563,5810592.43,-10
370092.4563,5810592.43,-10
370097.4563,5810592.43,-10
370102.4563,5810592.43,-10
370107.4563,5810592.43,-10
369972.4563,5810587.43,-1
369977.4563,5810587.43,-1
369982.4563,5810587.43,-1
369987.4563,5810587.43,-5
369992.4563,5810587.43,-5
369997.4563,5810587.43,-5
370002.4563,5810587.43,-5
370007.4563,5810587.43,-5
370012.4563,5810587.43,-5
370017.4563,5810587.43,-10
370022.4563,5810587.43,-10
370027.4563,5810587.43,-10
370032.4563,5810587.43,-10
370037.4563,5810587.43,-10
370042.4563,5810587.43,-10
370047.4563,5810587.43,-5
370052.4563,5810587.43,-10
370057.4563,5810587.43,-10
370062.4563,5810587.43,-10
370067.4563,5810587.43,-10
370072.4563,5810587.43,-10
370077.4563,5810587.43,-10
370082.4563,5810587.43,-10
370087.4563,5810587.43,-10
370092.4563,5810587.43,-10
370097.4563,5810587.43,-10
370102.4563,5810587.43,-10
370107.4563,5810587.43,-10
370112.4563,5810587.43,-10
369977.4563,5810582.43,-1
369982.4563,5810582.43,-1
369987.4563,5810582.43,-1
369992.4563,5810582.43,-5
369997.4563,5810582.43,-5
370002.4563,5810582.43,-5
370007.4563,5810582.43,-5
370012.4563,5810582.43,-5
370017.4563,5810582.43,-5
370022.4563,5810582.43,-10
370027.4563,5810582.43,-10
370032.4563,5810582.43,-10
370037.4563,5810582.43,-10
370042.4563,5810582.43,-5
370047.4563,5810582.43,-5
370052.4563,5810582.43,-5
370057.4563,5810582.43,-10
370062.4563,5810582.43,-10
370067.4563,5810582.43,-10
370072.4563,5810582.43,-10
370077.4563,5810582.43,-10
370082.4563,5810582.43,-10
370087.4563,5810582.43,-10
370092.4563,5810582.43,-10
370097.4563,5810582.43,-10
370102.4563,5810582.43,-10
370107.4563,5810582.43,-10
370112.4563,5810582.43,-10
369982.4563,5810577.43,-1
369987.4563,5810577.43,-1
369992.4563,5810577.43,-1
369997.4563,5810577.43,-5
370002.4563,5810577.43,-5
370007.4563,5810577.43,-5
370012.4563,5810577.43,-5
370017.4563,5810577.43,-5
370022.4563,5810577.43,-10
370027.4563,5810577.43,-10
370032.4563,5810577.43,-10
370037.4563,5810577.43,-5
370042.4563,5810577.43,-5
370047.4563,5810577.43,-5
370052.4563,5810577.43,-5
370057.4563,5810577.43,-10
370062.4563,5810577.43,-10
370067.4563,5810577.43,-10
370072.4563,5810577.43,-10
370077.4563,5810577.43,-10
370082.4563,5810577.43,-10
370087.4563,5810577.43,-10
370092.4563,5810577.43,-10
370097.4563,5810577.43,-10
370102.4563,5810577.43,-10
370107.4563,5810577.43,-10
370112.4563,5810577.43,-10
370117.4563,5810577.43,-10
369987.4563,5810572.43,-1
369992.4563,5810572.43,-1
369997.4563,5810572.43,-1
370002.4563,5810572.43,-5
370007.4563,5810572.43,-5
370012.4563,5810572.43,-5
370017.4563,5810572.43,-5
370022.4563,5810572.43,-10
370027.4563,5810572.43,-10
370032.4563,5810572.43,-10
370037.4563,5810572.43,-5
370042.4563,5810572.43,-5
370047.4563,5810572.43,-5
370052.4563,5810572.43,-5
370057.4563,5810572.43,-10
370062.4563,5810572.43,-10
370067.4563,5810572.43,-10
370072.4563,5810572.43,-10
370077.4563,5810572.43,-10
370082.4563,5810572.43,-10
370087.4563,5810572.43,-10
370092.4563,5810572.43,-10
370097.4563,5810572.43,-10
370102.4563,5810572.43,-10
370107.4563,5810572.43,-10
370112.4563,5810572.43,-10
370117.4563,5810572.43,-10
370122.4563,5810572.43,-10
369992.4563,5810567.43,-1
369997.4563,5810567.43,-1
370002.4563,5810567.43,-1
370007.4563,5810567.43,-5
370012.4563,5810567.43,-5
370017.4563,5810567.43,-5
370022.4563,5810567.43,-5
370027.4563,5810567.43,-5
370032.4563,5810567.43,-5
370037.4563,5810567.43,-5
370042.4563,5810567.43,-5
370047.4563,5810567.43,-5
370052.4563,5810567.43,-5
370057.4563,5810567.43,-10
370062.4563,5810567.43,-10
370067.4563,5810567.43,-10
370072.4563,5810567.43,-10
370077.4563,5810567.43,-10
370082.4563,5810567.43,-10
370087.4563,5810567.43,-10
370092.4563,5810567.43,-10
370097.4563,5810567.43,-10
370102.4563,5810567.43,-10
370107.4563,5810567.43,-10
370112.4563,5810567.43,-10
370117.4563,5810567.43,-10
370122.4563,5810567.43,-10
370127.4563,5810567.43,-10
369997.4563,5810562.43,-1
370002.4563,5810562.43,-1
370007.4563,5810562.43,-1
370012.4563,5810562.43,-5
370017.4563,5810562.43,-5
370022.4563,5810562.43,-5
370027.4563,5810562.43,-5
370032.4563,5810562.43,-5
370037.4563,5810562.43,-5
370042.4563,5810562.43,-5
370047.4563,5810562.43,-5
370052.4563,5810562.43,-5
370057.4563,5810562.43,-5
370062.4563,5810562.43,-10
370067.4563,5810562.43,-10
370072.4563,5810562.43,-10
370077.4563,5810562.43,-10
370082.4563,5810562.43,-10
370087.4563,5810562.43,-10
370092.4563,5810562.43,-10
370097.4563,5810562.43,-10
370102.4563,5810562.43,-10
370107.4563,5810562.43,-10
370112.4563,5810562.43,-10
370117.4563,5810562.43,-10
370122.4563,5810562.43,-10
370127.4563,5810562.43,-10
370132.4563,5810562.43,-10
370002.4563,5810557.43,-1
370007.4563,5810557.43,-1
370012.4563,5810557.43,-1
370017.4563,5810557.43,-5
370022.4563,5810557.43,-5
370027.4563,5810557.43,-5
370032.4563,5810557.43,-5
370037.4563,5810557.43,-5
370042.4563,5810557.43,-5
370047.4563,5810557.43,-5
370052.4563,5810557.43,-5
370057.4563,5810557.43,-10
370062.4563,5810557.43,-10
370067.4563,5810557.43,-10
370072.4563,5810557.43,-10
370077.4563,5810557.43,-10
370082.4563,5810557.43,-10
370087.4563,5810557.43,-10
370092.4563,5810557.43,-10
370097.4563,5810557.43,-10
370102.4563,5810557.43,-10
370107.4563,5810557.43,-10
370112.4563,5810557.43,-10
370117.4563,5810557.43,-10
370122.4563,5810557.43,-10
370127.4563,5810557.43,-10
370132.4563,5810557.43,-10
370137.4563,5810557.43,-10
370007.4563,5810552.43,-1
370012.4563,5810552.43,-1
370017.4563,5810552.43,-1
370022.4563,5810552.43,-1
370027.4563,5810552.43,-5
370032.4563,5810552.43,-5
370037.4563,5810552.43,-5
370042.4563,5810552.43,-5
370047.4563,5810552.43,-5
370052.4563,5810552.43,-5
370057.4563,5810552.43,-5
370062.4563,5810552.43,-10
370067.4563,5810552.43,-10
370072.4563,5810552.43,-10
370077.4563,5810552.43,-10
370082.4563,5810552.43,-10
370087.4563,5810552.43,-10
370092.4563,5810552.43,-10
370097.4563,5810552.43,-10
370102.4563,5810552.43,-10
370107.4563,5810552.43,-10
370112.4563,5810552.43,-10
370117.4563,5810552.43,-10
370122.4563,5810552.43,-10
370127.4563,5810552.43,-10
370132.4563,5810552.43,-10
370137.4563,5810552.43,-10
370142.4563,5810552.43,-10
370017.4563,5810547.43,-1
370022.4563,5810547.43,-1
370027.4563,5810547.43,-1
370032.4563,5810547.43,-5
370037.4563,5810547.43,-5
370042.4563,5810547.43,-5
370047.4563,5810547.43,-5
370052.4563,5810547.43,-5
370057.4563,5810547.43,-5
370062.4563,5810547.43,-10
370067.4563,5810547.43,-10
370072.4563,5810547.43,-10
370077.4563,5810547.43,-10
370082.4563,5810547.43,-10
370087.4563,5810547.43,-10
370092.4563,5810547.43,-10
370097.4563,5810547.43,-10
370102.4563,5810547.43,-10
370107.4563,5810547.43,-10
370112.4563,5810547.43,-10
370117.4563,5810547.43,-10
370122.4563,5810547.43,-10
370127.4563,5810547.43,-10
370132.4563,5810547.43,-10
370137.4563,5810547.43,-10
370142.4563,5810547.43,-10
370022.4563,5810542.43,-1
370027.4563,5810542.43,-1
370032.4563,5810542.43,-1
370037.4563,5810542.43,-5
370042.4563,5810542.43,-5
370047.4563,5810542.43,-5
370052.4563,5810542.43,-5
370057.4563,5810542.43,-5
370062.4563,5810542.43,-5
370067.4563,5810542.43,-10
370072.4563,5810542.43,-10
370077.4563,5810542.43,-5
370082.4563,5810542.43,-5
370087.4563,5810542.43,-10
370092.4563,5810542.43,-10
370097.4563,5810542.43,-10
370102.4563,5810542.43,-10
370107.4563,5810542.43,-10
370112.4563,5810542.43,-10
370117.4563,5810542.43,-10
370122.4563,5810542.43,-10
370127.4563,5810542.43,-10
370132.4563,5810542.43,-10
370137.4563,5810542.43,-10
370142.4563,5810542.43,-10
370147.4563,5810542.43,-10
370027.4563,5810537.43,-1
370032.4563,5810537.43,-1
370037.4563,5810537.43,-1
370042.4563,5810537.43,-5
370047.4563,5810537.43,-5
370052.4563,5810537.43,-5
370057.4563,5810537.43,-5
370062.4563,5810537.43,-5
370067.4563,5810537.43,-5
370072.4563,5810537.43,-5
370077.4563,5810537.43,-5
370082.4563,5810537.43,-5
370087.4563,5810537.43,-5
370092.4563,5810537.43,-10
370097.4563,5810537.43,-10
370102.4563,5810537.43,-10
370107.4563,5810537.43,-10
370112.4563,5810537.43,-10
370117.4563,5810537.43,-10
370122.4563,5810537.43,-10
370127.4563,5810537.43,-10
370132.4563,5810537.43,-10
370137.4563,5810537.43,-10
370142.4563,5810537.43,-10
370147.4563,5810537.43,-10
370032.4563,5810532.43,-1
370037.4563,5810532.43,-1
370042.4563,5810532.43,-1
370047.4563,5810532.43,-5
370052.4563,5810532.43,-5
370057.4563,5810532.43,-5
370062.4563,5810532.43,-5
370067.4563,5810532.43,-5
370072.4563,5810532.43,-5
370077.4563,5810532.43,-5
370082.4563,5810532.43,-5
370087.4563,5810532.43,-5
370092.4563,5810532.43,-10
370097.4563,5810532.43,-10
370102.4563,5810532.43,-10
370107.4563,5810532.43,-10
370112.4563,5810532.43,-10
370117.4563,5810532.43,-10
370122.4563,5810532.43,-10
370127.4563,5810532.43,-10
370132.4563,5810532.43,-10
370137.4563,5810532.43,-10
370142.4563,5810532.43,-10
370147.4563,5810532.43,-10
370152.4563,5810532.43,-10
370037.4563,5810527.43,-1
370042.4563,5810527.43,-1
370047.4563,5810527.43,-1
370052.4563,5810527.43,-1
370057.4563,5810527.43,-5
370062.4563,5810527.43,-5
370067.4563,5810527.43,-5
370072.4563,5810527.43,-5
370077.4563,5810527.43,-5
370082.4563,5810527.43,-5
370087.4563,5810527.43,-5
370092.4563,5810527.43,-5
370097.4563,5810527.43,-10
370102.4563,5810527.43,-10
370107.4563,5810527.43,-10
370112.4563,5810527.43,-10
370117.4563,5810527.43,-10
370122.4563,5810527.43,-10
370127.4563,5810527.43,-10
370132.4563,5810527.43,-10
370137.4563,5810527.43,-10
370142.4563,5810527.43,-10
370147.4563,5810527.43,-10
370152.4563,5810527.43,-10
370042.4563,5810522.43,-1
370047.4563,5810522.43,-1
370052.4563,5810522.43,-1
370057.4563,5810522.43,-1
370062.4563,5810522.43,-1
370067.4563,5810522.43,-5
370072.4563,5810522.43,-5
370077.4563,5810522.43,-5
370082.4563,5810522.43,-5
370087.4563,5810522.43,-5
370092.4563,5810522.43,-5
370097.4563,5810522.43,-5
370102.4563,5810522.43,-10
370107.4563,5810522.43,-10
370112.4563,5810522.43,-10
370117.4563,5810522.43,-10
370122.4563,5810522.43,-10
370127.4563,5810522.43,-10
370132.4563,5810522.43,-10
370137.4563,5810522.43,-10
370142.4563,5810522.43,-10
370147.4563,5810522.43,-10
370152.4563,5810522.43,-10
370157.4563,5810522.43,-10
370047.4563,5810517.43,-1
370052.4563,5810517.43,-1
370057.4563,5810517.43,-1
370062.4563,5810517.43,-1
370067.4563,5810517.43,-1
370072.4563,5810517.43,-1
370077.4563,5810517.43,-5
370082.4563,5810517.43,-5
370087.4563,5810517.43,-5
370092.4563,5810517.43,-5
370097.4563,5810517.43,-5
370102.4563,5810517.43,-5
370107.4563,5810517.43,-10
370112.4563,5810517.43,-10
370117.4563,5810517.43,-10
370122.4563,5810517.43,-10
370127.4563,5810517.43,-10
370132.4563,5810517.43,-10
370137.4563,5810517.43,-10
370142.4563,5810517.43,-10
370147.4563,5810517.43,-10
370152.4563,5810517.43,-10
370157.4563,5810517.43,-10
370162.4563,5810517.43,-10
370052.4563,5810512.43,-1
370057.4563,5810512.43,-1
370062.4563,5810512.43,-1
370067.4563,5810512.43,-1
370072.4563,5810512.43,-1
370077.4563,5810512.43,-1
370082.4563,5810512.43,-5
370087.4563,5810512.43,-5
370092.4563,5810512.43,-5
370097.4563,5810512.43,-5
370102.4563,5810512.43,-5
370107.4563,5810512.43,-5
370112.4563,5810512.43,-10
370117.4563,5810512.43,-10
370122.4563,5810512.43,-10
370127.4563,5810512.43,-10
370132.4563,5810512.43,-10
370137.4563,5810512.43,-10
370142.4563,5810512.43,-10
370147.4563,5810512.43,-10
370152.4563,5810512.43,-10
370157.4563,5810512.43,-10
370162.4563,5810512.43,-10
370057.4563,5810507.43,-1
370062.4563,5810507.43,-1
370067.4563,5810507.43,-1
370072.4563,5810507.43,-1
370077.4563,5810507.43,-1
370082.4563,5810507.43,-1
370087.4563,5810507.43,-5
370092.4563,5810507.43,-5
370097.4563,5810507.43,-5
370102.4563,5810507.43,-5
370107.4563,5810507.43,-5
370112.4563,5810507.43,-5
370117.4563,5810507.43,-10
370122.4563,5810507.43,-10
370127.4563,5810507.43,-10
370132.4563,5810507.43,-10
370137.4563,5810507.43,-10
370142.4563,5810507.43,-10
370147.4563,5810507.43,-10
370152.4563,5810507.43,-10
370157.4563,5810507.43,-10
370162.4563,5810507.43,-10
370167.4563,5810507.43,-10
370062.4563,5810502.43,-1
370067.4563,5810502.43,-1
370072.4563,5810502.43,-1
370077.4563,5810502.43,-1
370082.4563,5810502.43,-1
370087.4563,5810502.43,-1
370092.4563,5810502.43,-5
370097.4563,5810502.43,-5
370102.4563,5810502.43,-5
370107.4563,5810502.43,-5
370112.4563,5810502.43,-5
370117.4563,5810502.43,-5
370122.4563,5810502.43,-10
370127.4563,5810502.43,-10
370132.4563,5810502.43,-10
370137.4563,5810502.43,-10
370142.4563,5810502.43,-10
370147.4563,5810502.43,-10
370152.4563,5810502.43,-10
370157.4563,5810502.43,-10
370162.4563,5810502.43,-10
370167.4563,5810502.43,-10
370172.4563,5810502.43,-10
370072.4563,5810497.43,-1
370077.4563,5810497.43,-1
370082.4563,5810497.43,-1
370087.4563,5810497.43,-1
370092.4563,5810497.43,-5
370097.4563,5810497.43,-5
370102.4563,5810497.43,-5
370107.4563,5810497.43,-5
370112.4563,5810497.43,-5
370117.4563,5810497.43,-5
370122.4563,5810497.43,-5
370127.4563,5810497.43,-10
370132.4563,5810497.43,-10
370137.4563,5810497.43,-10
370142.4563,5810497.43,-10
370147.4563,5810497.43,-10
370152.4563,5810497.43,-10
370157.4563,5810497.43,-10
370162.4563,5810497.43,-10
370167.4563,5810497.43,-10
370172.4563,5810497.43,-10
370177.4563,5810497.43,-10
370082.4563,5810492.43,-1
370087.4563,5810492.43,-1
370092.4563,5810492.43,-1
370097.4563,5810492.43,-1
370102.4563,5810492.43,-5
370107.4563,5810492.43,-5
370112.4563,5810492.43,-5
370117.4563,5810492.43,-5
370122.4563,5810492.43,-5
370127.4563,5810492.43,-5
370132.4563,5810492.43,-10
370137.4563,5810492.43,-10
370142.4563,5810492.43,-5
370147.4563,5810492.43,-5
370152.4563,5810492.43,-5
370157.4563,5810492.43,-5
370162.4563,5810492.43,-5
370167.4563,5810492.43,-5
370172.4563,5810492.43,-5
370177.4563,5810492.43,-5
370087.4563,5810487.43,-1
370092.4563,5810487.43,-1
370097.4563,5810487.43,-1
370102.4563,5810487.43,-1
370107.4563,5810487.43,-5
370112.4563,5810487.43,-5
370117.4563,5810487.43,-5
370122.4563,5810487.43,-5
370127.4563,5810487.43,-5
370132.4563,5810487.43,-5
370137.4563,5810487.43,-5
370142.4563,5810487.43,-5
370147.4563,5810487.43,-5
370152.4563,5810487.43,-5
370157.4563,5810487.43,-5
370162.4563,5810487.43,-5
370167.4563,5810487.43,-5
370172.4563,5810487.43,-5
370177.4563,5810487.43,-5
370182.4563,5810487.43,-5
370097.4563,5810482.43,-1
370102.4563,5810482.43,-1
370107.4563,5810482.43,-1
370112.4563,5810482.43,-1
370117.4563,5810482.43,-1
370122.4563,5810482.43,-5
370127.4563,5810482.43,-5
370132.4563,5810482.43,-5
370137.4563,5810482.43,-5
370142.4563,5810482.43,-5
370147.4563,5810482.43,-5
370152.4563,5810482.43,-5
370157.4563,5810482.43,-5
370162.4563,5810482.43,-5
370167.4563,5810482.43,-5
370172.4563,5810482.43,-5
370177.4563,5810482.43,-5
370182.4563,5810482.43,-5
370107.4563,5810477.43,-1
370112.4563,5810477.43,-1
370117.4563,5810477.43,-1
370122.4563,5810477.43,-1
370127.4563,5810477.43,-1
370132.4563,5810477.43,-5
370137.4563,5810477.43,-5
370142.4563,5810477.43,-5
370147.4563,5810477.43,-5
370152.4563,5810477.43,-5
370157.4563,5810477.43,-5
370162.4563,5810477.43,-5
370167.4563,5810477.43,-5
370172.4563,5810477.43,-5
370177.4563,5810477.43,-5
370182.4563,5810477.43,-5
370127.4563,5810472.43,-1
370132.4563,5810472.43,-1
370137.4563,5810472.43,-1
370142.4563,5810472.43,-1
370147.4563,5810472.43,-1
370152.4563,5810472.43,-1
370157.4563,5810472.43,-1
370162.4563,5810472.43,-1
370167.4563,5810472.43,-1
370172.4563,5810472.43,-1
370177.4563,5810472.43,-1
370182.4563,5810472.43,-1
370142.4563,5810467.43,-1
370147.4563,5810467.43,-1
370152.4563,5810467.43,-1
370157.4563,5810467.43,-1
370162.4563,5810467.43,-1
370167.4563,5810467.43,-1
370172.4563,5810467.43,-1
370177.4563,5810467.43,-1
370182.4563,5810467.43,-1
370187.4563,5810467.43,-1
