Datum;Tagesmittelwert;"Stationsnummer: 5803500";"Stationsname: Pfaueninsel";"Gewässer: Havel";"Wasserstand in cm";"Fehlwerte: -777"
01.11.1961;151
02.11.1961;146
03.11.1961;146
04.11.1961;146
05.11.1961;145
06.11.1961;143
07.11.1961;143
08.11.1961;143
09.11.1961;143
10.11.1961;144
11.11.1961;144
12.11.1961;143
13.11.1961;145
14.11.1961;148
15.11.1961;148
16.11.1961;150
17.11.1961;153
18.11.1961;156
19.11.1961;158
20.11.1961;159
21.11.1961;160
22.11.1961;160
23.11.1961;160
24.11.1961;159
25.11.1961;157
26.11.1961;157
27.11.1961;158
28.11.1961;159
29.11.1961;160
30.11.1961;162
01.12.1961;170
02.12.1961;171
03.12.1961;174
04.12.1961;177
05.12.1961;181
06.12.1961;182
07.12.1961;182
08.12.1961;181
09.12.1961;180
10.12.1961;180
11.12.1961;181
12.12.1961;181
13.12.1961;180
14.12.1961;179
15.12.1961;178
16.12.1961;175
17.12.1961;171
18.12.1961;168
19.12.1961;166
20.12.1961;164
21.12.1961;163
22.12.1961;162
23.12.1961;160
24.12.1961;160
25.12.1961;161
26.12.1961;161
27.12.1961;161
28.12.1961;160
29.12.1961;160
30.12.1961;159
31.12.1961;160
01.01.1962;172
02.01.1962;161
03.01.1962;160
04.01.1962;159
05.01.1962;158
06.01.1962;158
07.01.1962;158
08.01.1962;158
09.01.1962;158
10.01.1962;160
11.01.1962;162
12.01.1962;165
13.01.1962;167
14.01.1962;170
15.01.1962;172
16.01.1962;172
17.01.1962;173
18.01.1962;174
19.01.1962;174
20.01.1962;174
21.01.1962;175
22.01.1962;177
23.01.1962;178
24.01.1962;179
25.01.1962;183
26.01.1962;186
27.01.1962;189
28.01.1962;191
29.01.1962;191
30.01.1962;191
31.01.1962;190
01.02.1962;189
02.02.1962;187
03.02.1962;185
04.02.1962;183
05.02.1962;184
06.02.1962;185
07.02.1962;186
08.02.1962;189
09.02.1962;191
10.02.1962;192
11.02.1962;194
12.02.1962;197
13.02.1962;200
14.02.1962;200
15.02.1962;202
16.02.1962;207
17.02.1962;211
18.02.1962;212
19.02.1962;213
20.02.1962;213
21.02.1962;213
22.02.1962;213
23.02.1962;213
24.02.1962;211
25.02.1962;209
26.02.1962;207
27.02.1962;205
28.02.1962;203
01.03.1962;186
02.03.1962;199
03.03.1962;199
04.03.1962;198
05.03.1962;198
06.03.1962;197
07.03.1962;195
08.03.1962;193
09.03.1962;190
10.03.1962;187
11.03.1962;185
12.03.1962;185
13.03.1962;186
14.03.1962;186
15.03.1962;186
16.03.1962;186
17.03.1962;185
18.03.1962;185
19.03.1962;184
20.03.1962;184
21.03.1962;183
22.03.1962;182
23.03.1962;181
24.03.1962;181
25.03.1962;180
26.03.1962;178
27.03.1962;176
28.03.1962;174
29.03.1962;173
30.03.1962;172
31.03.1962;173
01.04.1962;166
02.04.1962;175
03.04.1962;175
04.04.1962;175
05.04.1962;176
06.04.1962;176
07.04.1962;177
08.04.1962;177
09.04.1962;176
10.04.1962;175
11.04.1962;174
12.04.1962;173
13.04.1962;172
14.04.1962;171
15.04.1962;169
16.04.1962;169
17.04.1962;168
18.04.1962;166
19.04.1962;164
20.04.1962;163
21.04.1962;162
22.04.1962;161
23.04.1962;159
24.04.1962;157
25.04.1962;154
26.04.1962;152
27.04.1962;151
28.04.1962;149
29.04.1962;146
30.04.1962;144
01.05.1962;141
02.05.1962;142
03.05.1962;142
04.05.1962;141
05.05.1962;141
06.05.1962;141
07.05.1962;143
08.05.1962;143
09.05.1962;144
10.05.1962;146
11.05.1962;147
12.05.1962;146
13.05.1962;145
14.05.1962;146
15.05.1962;146
16.05.1962;145
17.05.1962;145
18.05.1962;144
19.05.1962;143
20.05.1962;141
21.05.1962;139
22.05.1962;138
23.05.1962;137
24.05.1962;135
25.05.1962;135
26.05.1962;135
27.05.1962;136
28.05.1962;136
29.05.1962;136
30.05.1962;138
31.05.1962;140
01.06.1962;128
02.06.1962;144
03.06.1962;145
04.06.1962;145
05.06.1962;144
06.06.1962;143
07.06.1962;141
08.06.1962;139
09.06.1962;136
10.06.1962;133
11.06.1962;131
12.06.1962;129
13.06.1962;126
14.06.1962;124
15.06.1962;124
16.06.1962;124
17.06.1962;124
18.06.1962;123
19.06.1962;123
20.06.1962;122
21.06.1962;120
22.06.1962;119
23.06.1962;118
24.06.1962;117
25.06.1962;116
26.06.1962;115
27.06.1962;115
28.06.1962;116
29.06.1962;116
30.06.1962;116
01.07.1962;130
02.07.1962;119
03.07.1962;122
04.07.1962;124
05.07.1962;125
06.07.1962;126
07.07.1962;129
08.07.1962;131
09.07.1962;131
10.07.1962;131
11.07.1962;131
12.07.1962;132
13.07.1962;134
14.07.1962;134
15.07.1962;134
16.07.1962;134
17.07.1962;135
18.07.1962;134
19.07.1962;134
20.07.1962;133
21.07.1962;134
22.07.1962;134
23.07.1962;133
24.07.1962;132
25.07.1962;131
26.07.1962;131
27.07.1962;130
28.07.1962;128
29.07.1962;127
30.07.1962;126
31.07.1962;125
01.08.1962;125
02.08.1962;122
03.08.1962;120
04.08.1962;119
05.08.1962;118
06.08.1962;118
07.08.1962;119
08.08.1962;120
09.08.1962;119
10.08.1962;118
11.08.1962;118
12.08.1962;118
13.08.1962;117
14.08.1962;117
15.08.1962;120
16.08.1962;121
17.08.1962;121
18.08.1962;122
19.08.1962;124
20.08.1962;124
21.08.1962;125
22.08.1962;126
23.08.1962;129
24.08.1962;134
25.08.1962;138
26.08.1962;140
27.08.1962;141
28.08.1962;141
29.08.1962;140
30.08.1962;139
31.08.1962;137
01.09.1962;135
02.09.1962;132
03.09.1962;130
04.09.1962;130
05.09.1962;132
06.09.1962;133
07.09.1962;133
08.09.1962;133
09.09.1962;132
10.09.1962;131
11.09.1962;132
12.09.1962;133
13.09.1962;133
14.09.1962;132
15.09.1962;130
16.09.1962;130
17.09.1962;130
18.09.1962;129
19.09.1962;128
20.09.1962;128
21.09.1962;128
22.09.1962;128
23.09.1962;129
24.09.1962;130
25.09.1962;131
26.09.1962;132
27.09.1962;133
28.09.1962;135
29.09.1962;136
30.09.1962;137
01.10.1962;130
02.10.1962;134
03.10.1962;132
04.10.1962;129
05.10.1962;128
06.10.1962;128
07.10.1962;128
08.10.1962;128
09.10.1962;128
10.10.1962;128
11.10.1962;129
12.10.1962;130
13.10.1962;131
14.10.1962;131
15.10.1962;132
16.10.1962;131
17.10.1962;129
18.10.1962;129
19.10.1962;129
20.10.1962;129
21.10.1962;129
22.10.1962;129
23.10.1962;129
24.10.1962;129
25.10.1962;129
26.10.1962;129
27.10.1962;130
28.10.1962;130
29.10.1962;131
30.10.1962;132
31.10.1962;134
01.11.1962;134
02.11.1962;133
03.11.1962;132
04.11.1962;131
05.11.1962;130
06.11.1962;130
07.11.1962;130
08.11.1962;129
09.11.1962;129
10.11.1962;129
11.11.1962;128
12.11.1962;127
13.11.1962;128
14.11.1962;130
15.11.1962;132
16.11.1962;132
17.11.1962;132
18.11.1962;132
19.11.1962;133
20.11.1962;135
21.11.1962;135
22.11.1962;137
23.11.1962;139
24.11.1962;138
25.11.1962;138
26.11.1962;138
27.11.1962;139
28.11.1962;141
29.11.1962;145
30.11.1962;147
01.12.1962;154
02.12.1962;147
03.12.1962;147
04.12.1962;146
05.12.1962;147
06.12.1962;148
07.12.1962;147
08.12.1962;147
09.12.1962;148
10.12.1962;149
11.12.1962;150
12.12.1962;151
13.12.1962;151
14.12.1962;152
15.12.1962;154
16.12.1962;155
17.12.1962;156
18.12.1962;158
19.12.1962;161
20.12.1962;161
21.12.1962;162
22.12.1962;164
23.12.1962;165
24.12.1962;165
25.12.1962;163
26.12.1962;161
27.12.1962;158
28.12.1962;156
29.12.1962;155
30.12.1962;153
31.12.1962;152
01.01.1963;137
02.01.1963;149
03.01.1963;148
04.01.1963;147
05.01.1963;146
06.01.1963;145
07.01.1963;144
08.01.1963;144
09.01.1963;143
10.01.1963;142
11.01.1963;142
12.01.1963;141
13.01.1963;140
14.01.1963;140
15.01.1963;139
16.01.1963;137
17.01.1963;136
18.01.1963;135
19.01.1963;134
20.01.1963;133
21.01.1963;132
22.01.1963;132
23.01.1963;131
24.01.1963;130
25.01.1963;129
26.01.1963;129
27.01.1963;128
28.01.1963;127
29.01.1963;127
30.01.1963;126
31.01.1963;126
01.02.1963;123
02.02.1963;125
03.02.1963;125
04.02.1963;124
05.02.1963;124
06.02.1963;124
07.02.1963;122
08.02.1963;121
09.02.1963;120
10.02.1963;119
11.02.1963;119
12.02.1963;118
13.02.1963;118
14.02.1963;118
15.02.1963;118
16.02.1963;118
17.02.1963;118
18.02.1963;120
19.02.1963;121
20.02.1963;121
21.02.1963;123
22.02.1963;125
23.02.1963;126
24.02.1963;128
25.02.1963;130
26.02.1963;131
27.02.1963;131
28.02.1963;132
01.03.1963;153
02.03.1963;133
03.03.1963;133
04.03.1963;134
05.03.1963;133
06.03.1963;133
07.03.1963;132
08.03.1963;132
09.03.1963;133
10.03.1963;135
11.03.1963;140
12.03.1963;146
13.03.1963;151
14.03.1963;155
15.03.1963;158
16.03.1963;160
17.03.1963;163
18.03.1963;164
19.03.1963;165
20.03.1963;166
21.03.1963;167
22.03.1963;168
23.03.1963;169
24.03.1963;169
25.03.1963;170
26.03.1963;171
27.03.1963;171
28.03.1963;171
29.03.1963;170
30.03.1963;169
31.03.1963;167
01.04.1963;154
02.04.1963;164
03.04.1963;162
04.04.1963;159
05.04.1963;156
06.04.1963;153
07.04.1963;151
08.04.1963;150
09.04.1963;147
10.04.1963;145
11.04.1963;144
12.04.1963;143
13.04.1963;142
14.04.1963;142
15.04.1963;143
16.04.1963;144
17.04.1963;146
18.04.1963;149
19.04.1963;152
20.04.1963;154
21.04.1963;156
22.04.1963;159
23.04.1963;160
24.04.1963;161
25.04.1963;161
26.04.1963;160
27.04.1963;160
28.04.1963;160
29.04.1963;162
30.04.1963;162
01.05.1963;140
02.05.1963;163
03.05.1963;162
04.05.1963;161
05.05.1963;160
06.05.1963;157
07.05.1963;154
08.05.1963;150
09.05.1963;148
10.05.1963;145
11.05.1963;143
12.05.1963;140
13.05.1963;139
14.05.1963;138
15.05.1963;137
16.05.1963;134
17.05.1963;132
18.05.1963;131
19.05.1963;130
20.05.1963;129
21.05.1963;128
22.05.1963;127
23.05.1963;127
24.05.1963;127
25.05.1963;127
26.05.1963;128
27.05.1963;129
28.05.1963;130
29.05.1963;131
30.05.1963;130
31.05.1963;129
01.06.1963;116
02.06.1963;125
03.06.1963;124
04.06.1963;123
05.06.1963;121
06.06.1963;120
07.06.1963;119
08.06.1963;118
09.06.1963;117
10.06.1963;116
11.06.1963;116
12.06.1963;115
13.06.1963;115
14.06.1963;114
15.06.1963;115
16.06.1963;114
17.06.1963;114
18.06.1963;114
19.06.1963;114
20.06.1963;114
21.06.1963;114
22.06.1963;115
23.06.1963;114
24.06.1963;114
25.06.1963;113
26.06.1963;113
27.06.1963;113
28.06.1963;113
29.06.1963;114
30.06.1963;113
01.07.1963;109
02.07.1963;112
03.07.1963;112
04.07.1963;112
05.07.1963;112
06.07.1963;112
07.07.1963;113
08.07.1963;113
09.07.1963;113
10.07.1963;113
11.07.1963;112
12.07.1963;112
13.07.1963;112
14.07.1963;111
15.07.1963;109
16.07.1963;109
17.07.1963;108
18.07.1963;107
19.07.1963;107
20.07.1963;107
21.07.1963;106
22.07.1963;106
23.07.1963;106
24.07.1963;106
25.07.1963;106
26.07.1963;106
27.07.1963;105
28.07.1963;105
29.07.1963;105
30.07.1963;104
31.07.1963;104
01.08.1963;101
02.08.1963;103
03.08.1963;102
04.08.1963;101
05.08.1963;100
06.08.1963;100
07.08.1963;99
08.08.1963;99
09.08.1963;99
10.08.1963;99
11.08.1963;100
12.08.1963;101
13.08.1963;100
14.08.1963;100
15.08.1963;100
16.08.1963;100
17.08.1963;100
18.08.1963;100
19.08.1963;100
20.08.1963;101
21.08.1963;100
22.08.1963;100
23.08.1963;101
24.08.1963;101
25.08.1963;103
26.08.1963;104
27.08.1963;104
28.08.1963;104
29.08.1963;105
30.08.1963;105
31.08.1963;107
01.09.1963;113
02.09.1963;111
03.09.1963;112
04.09.1963;112
05.09.1963;112
06.09.1963;113
07.09.1963;114
08.09.1963;115
09.09.1963;116
10.09.1963;117
11.09.1963;117
12.09.1963;117
13.09.1963;116
14.09.1963;114
15.09.1963;113
16.09.1963;112
17.09.1963;112
18.09.1963;112
19.09.1963;112
20.09.1963;111
21.09.1963;110
22.09.1963;110
23.09.1963;110
24.09.1963;111
25.09.1963;111
26.09.1963;112
27.09.1963;113
28.09.1963;113
29.09.1963;114
30.09.1963;115
01.10.1963;122
02.10.1963;116
03.10.1963;118
04.10.1963;119
05.10.1963;120
06.10.1963;120
07.10.1963;121
08.10.1963;122
09.10.1963;123
10.10.1963;124
11.10.1963;125
12.10.1963;126
13.10.1963;127
14.10.1963;128
15.10.1963;126
16.10.1963;125
17.10.1963;125
18.10.1963;125
19.10.1963;125
20.10.1963;124
21.10.1963;123
22.10.1963;123
23.10.1963;122
24.10.1963;122
25.10.1963;123
26.10.1963;124
27.10.1963;124
28.10.1963;123
29.10.1963;122
30.10.1963;120
31.10.1963;119
01.11.1963;136
02.11.1963;119
03.11.1963;119
04.11.1963;119
05.11.1963;119
06.11.1963;119
07.11.1963;120
08.11.1963;122
09.11.1963;123
10.11.1963;124
11.11.1963;126
12.11.1963;127
13.11.1963;129
14.11.1963;133
15.11.1963;135
16.11.1963;137
17.11.1963;140
18.11.1963;143
19.11.1963;145
20.11.1963;147
21.11.1963;149
22.11.1963;151
23.11.1963;152
24.11.1963;152
25.11.1963;151
26.11.1963;151
27.11.1963;151
28.11.1963;150
29.11.1963;148
30.11.1963;145
01.12.1963;129
02.12.1963;141
03.12.1963;139
04.12.1963;136
05.12.1963;135
06.12.1963;134
07.12.1963;133
08.12.1963;133
09.12.1963;132
10.12.1963;132
11.12.1963;131
12.12.1963;130
13.12.1963;128
14.12.1963;127
15.12.1963;126
16.12.1963;124
17.12.1963;123
18.12.1963;123
19.12.1963;123
20.12.1963;124
21.12.1963;125
22.12.1963;126
23.12.1963;126
24.12.1963;126
25.12.1963;126
26.12.1963;126
27.12.1963;126
28.12.1963;126
29.12.1963;127
30.12.1963;129
31.12.1963;130
01.01.1964;130
02.01.1964;131
03.01.1964;131
04.01.1964;132
05.01.1964;133
06.01.1964;133
07.01.1964;133
08.01.1964;132
09.01.1964;131
10.01.1964;130
11.01.1964;130
12.01.1964;131
13.01.1964;132
14.01.1964;131
15.01.1964;130
16.01.1964;129
17.01.1964;129
18.01.1964;128
19.01.1964;128
20.01.1964;128
21.01.1964;127
22.01.1964;127
23.01.1964;126
24.01.1964;126
25.01.1964;127
26.01.1964;129
27.01.1964;131
28.01.1964;132
29.01.1964;134
30.01.1964;136
31.01.1964;138
01.02.1964;145
02.02.1964;142
03.02.1964;143
04.02.1964;146
05.02.1964;148
06.02.1964;149
07.02.1964;150
08.02.1964;151
09.02.1964;151
10.02.1964;152
11.02.1964;152
12.02.1964;152
13.02.1964;152
14.02.1964;151
15.02.1964;149
16.02.1964;147
17.02.1964;146
18.02.1964;145
19.02.1964;145
20.02.1964;143
21.02.1964;142
22.02.1964;141
23.02.1964;141
24.02.1964;141
25.02.1964;140
26.02.1964;139
27.02.1964;138
28.02.1964;136
29.02.1964;134
01.03.1964;127
02.03.1964;131
03.03.1964;129
04.03.1964;128
05.03.1964;126
06.03.1964;125
07.03.1964;125
08.03.1964;125
09.03.1964;126
10.03.1964;126
11.03.1964;126
12.03.1964;125
13.03.1964;124
14.03.1964;123
15.03.1964;121
16.03.1964;120
17.03.1964;121
18.03.1964;122
19.03.1964;123
20.03.1964;124
21.03.1964;126
22.03.1964;127
23.03.1964;128
24.03.1964;129
25.03.1964;129
26.03.1964;128
27.03.1964;128
28.03.1964;128
29.03.1964;130
30.03.1964;134
31.03.1964;136
01.04.1964;151
02.04.1964;143
03.04.1964;145
04.04.1964;147
05.04.1964;149
06.04.1964;151
07.04.1964;152
08.04.1964;153
09.04.1964;155
10.04.1964;156
11.04.1964;157
12.04.1964;157
13.04.1964;159
14.04.1964;160
15.04.1964;160
16.04.1964;159
17.04.1964;158
18.04.1964;157
19.04.1964;156
20.04.1964;154
21.04.1964;153
22.04.1964;151
23.04.1964;149
24.04.1964;148
25.04.1964;147
26.04.1964;146
27.04.1964;145
28.04.1964;145
29.04.1964;144
30.04.1964;144
01.05.1964;137
02.05.1964;146
03.05.1964;146
04.05.1964;146
05.05.1964;147
06.05.1964;147
07.05.1964;147
08.05.1964;148
09.05.1964;148
10.05.1964;148
11.05.1964;149
12.05.1964;150
13.05.1964;150
14.05.1964;150
15.05.1964;148
16.05.1964;144
17.05.1964;140
18.05.1964;136
19.05.1964;132
20.05.1964;131
21.05.1964;131
22.05.1964;130
23.05.1964;128
24.05.1964;125
25.05.1964;123
26.05.1964;121
27.05.1964;120
28.05.1964;119
29.05.1964;119
30.05.1964;118
31.05.1964;117
01.06.1964;117
02.06.1964;118
03.06.1964;118
04.06.1964;118
05.06.1964;118
06.06.1964;119
07.06.1964;120
08.06.1964;121
09.06.1964;120
10.06.1964;119
11.06.1964;118
12.06.1964;117
13.06.1964;116
14.06.1964;118
15.06.1964;121
16.06.1964;122
17.06.1964;121
18.06.1964;120
19.06.1964;118
20.06.1964;117
21.06.1964;116
22.06.1964;116
23.06.1964;115
24.06.1964;113
25.06.1964;113
26.06.1964;112
27.06.1964;113
28.06.1964;113
29.06.1964;113
30.06.1964;113
01.07.1964;102
02.07.1964;111
03.07.1964;110
04.07.1964;110
05.07.1964;109
06.07.1964;108
07.07.1964;107
08.07.1964;107
09.07.1964;106
10.07.1964;106
11.07.1964;105
12.07.1964;104
13.07.1964;103
14.07.1964;102
15.07.1964;101
16.07.1964;101
17.07.1964;100
18.07.1964;99
19.07.1964;98
20.07.1964;97
21.07.1964;97
22.07.1964;98
23.07.1964;97
24.07.1964;97
25.07.1964;96
26.07.1964;96
27.07.1964;97
28.07.1964;97
29.07.1964;98
30.07.1964;98
31.07.1964;99
01.08.1964;117
02.08.1964;100
03.08.1964;101
04.08.1964;101
05.08.1964;99
06.08.1964;98
07.08.1964;97
08.08.1964;97
09.08.1964;97
10.08.1964;99
11.08.1964;102
12.08.1964;107
13.08.1964;111
14.08.1964;114
15.08.1964;118
16.08.1964;122
17.08.1964;126
18.08.1964;131
19.08.1964;135
20.08.1964;138
21.08.1964;138
22.08.1964;137
23.08.1964;135
24.08.1964;132
25.08.1964;131
26.08.1964;130
27.08.1964;129
28.08.1964;128
29.08.1964;127
30.08.1964;126
31.08.1964;124
01.09.1964;114
02.09.1964;120
03.09.1964;118
04.09.1964;116
05.09.1964;114
06.09.1964;114
07.09.1964;113
08.09.1964;113
09.09.1964;113
10.09.1964;113
11.09.1964;113
12.09.1964;113
13.09.1964;111
14.09.1964;109
15.09.1964;109
16.09.1964;111
17.09.1964;113
18.09.1964;113
19.09.1964;112
20.09.1964;113
21.09.1964;114
22.09.1964;113
23.09.1964;113
24.09.1964;112
25.09.1964;112
26.09.1964;113
27.09.1964;114
28.09.1964;116
29.09.1964;118
30.09.1964;118
01.10.1964;126
02.10.1964;117
03.10.1964;116
04.10.1964;115
05.10.1964;115
06.10.1964;115
07.10.1964;115
08.10.1964;117
09.10.1964;118
10.10.1964;120
11.10.1964;122
12.10.1964;124
13.10.1964;126
14.10.1964;127
15.10.1964;127
16.10.1964;127
17.10.1964;128
18.10.1964;129
19.10.1964;130
20.10.1964;129
21.10.1964;129
22.10.1964;131
23.10.1964;134
24.10.1964;135
25.10.1964;137
26.10.1964;137
27.10.1964;136
28.10.1964;135
29.10.1964;134
30.10.1964;134
31.10.1964;134
01.11.1964;140
02.11.1964;136
03.11.1964;136
04.11.1964;136
05.11.1964;136
06.11.1964;136
07.11.1964;135
08.11.1964;133
09.11.1964;132
10.11.1964;131
11.11.1964;131
12.11.1964;131
13.11.1964;131
14.11.1964;133
15.11.1964;136
16.11.1964;140
17.11.1964;144
18.11.1964;144
19.11.1964;144
20.11.1964;145
21.11.1964;145
22.11.1964;143
23.11.1964;144
24.11.1964;146
25.11.1964;148
26.11.1964;148
27.11.1964;147
28.11.1964;147
29.11.1964;147
30.11.1964;147
01.12.1964;144
02.12.1964;144
03.12.1964;144
04.12.1964;145
05.12.1964;145
06.12.1964;145
07.12.1964;144
08.12.1964;144
09.12.1964;144
10.12.1964;144
11.12.1964;143
12.12.1964;143
13.12.1964;144
14.12.1964;144
15.12.1964;143
16.12.1964;144
17.12.1964;146
18.12.1964;147
19.12.1964;147
20.12.1964;147
21.12.1964;147
22.12.1964;145
23.12.1964;143
24.12.1964;142
25.12.1964;143
26.12.1964;143
27.12.1964;142
28.12.1964;140
29.12.1964;139
30.12.1964;140
31.12.1964;143
01.01.1965;162
02.01.1965;143
03.01.1965;141
04.01.1965;140
05.01.1965;141
06.01.1965;142
07.01.1965;143
08.01.1965;144
09.01.1965;148
10.01.1965;152
11.01.1965;155
12.01.1965;157
13.01.1965;160
14.01.1965;163
15.01.1965;167
16.01.1965;170
17.01.1965;174
18.01.1965;176
19.01.1965;176
20.01.1965;176
21.01.1965;176
22.01.1965;176
23.01.1965;176
24.01.1965;176
25.01.1965;175
26.01.1965;174
27.01.1965;173
28.01.1965;173
29.01.1965;173
30.01.1965;173
31.01.1965;173
01.02.1965;161
02.02.1965;171
03.02.1965;169
04.02.1965;168
05.02.1965;167
06.02.1965;167
07.02.1965;167
08.02.1965;166
09.02.1965;165
10.02.1965;165
11.02.1965;164
12.02.1965;163
13.02.1965;164
14.02.1965;164
15.02.1965;162
16.02.1965;161
17.02.1965;159
18.02.1965;156
19.02.1965;155
20.02.1965;154
21.02.1965;153
22.02.1965;152
23.02.1965;152
24.02.1965;151
25.02.1965;152
26.02.1965;153
27.02.1965;153
28.02.1965;153
01.03.1965;163
02.03.1965;151
03.03.1965;152
04.03.1965;152
05.03.1965;151
06.03.1965;151
07.03.1965;151
08.03.1965;151
09.03.1965;151
10.03.1965;151
11.03.1965;150
12.03.1965;149
13.03.1965;149
14.03.1965;150
15.03.1965;152
16.03.1965;153
17.03.1965;154
18.03.1965;157
19.03.1965;161
20.03.1965;167
21.03.1965;173
22.03.1965;177
23.03.1965;179
24.03.1965;181
25.03.1965;183
26.03.1965;184
27.03.1965;185
28.03.1965;187
29.03.1965;186
30.03.1965;186
31.03.1965;186
01.04.1965;178
02.04.1965;187
03.04.1965;185
04.04.1965;183
05.04.1965;182
06.04.1965;181
07.04.1965;179
08.04.1965;177
09.04.1965;176
10.04.1965;176
11.04.1965;176
12.04.1965;177
13.04.1965;176
14.04.1965;175
15.04.1965;175
16.04.1965;175
17.04.1965;176
18.04.1965;177
19.04.1965;176
20.04.1965;175
21.04.1965;174
22.04.1965;175
23.04.1965;175
24.04.1965;177
25.04.1965;178
26.04.1965;178
27.04.1965;179
28.04.1965;181
29.04.1965;182
30.04.1965;183
01.05.1965;182
02.05.1965;183
03.05.1965;181
04.05.1965;180
05.05.1965;180
06.05.1965;179
07.05.1965;178
08.05.1965;179
09.05.1965;181
10.05.1965;184
11.05.1965;184
12.05.1965;184
13.05.1965;185
14.05.1965;187
15.05.1965;188
16.05.1965;188
17.05.1965;188
18.05.1965;188
19.05.1965;188
20.05.1965;187
21.05.1965;186
22.05.1965;183
23.05.1965;181
24.05.1965;179
25.05.1965;178
26.05.1965;177
27.05.1965;176
28.05.1965;175
29.05.1965;174
30.05.1965;173
31.05.1965;170
01.06.1965;156
02.06.1965;168
03.06.1965;166
04.06.1965;164
05.06.1965;162
06.06.1965;160
07.06.1965;159
08.06.1965;156
09.06.1965;155
10.06.1965;155
11.06.1965;155
12.06.1965;155
13.06.1965;155
14.06.1965;155
15.06.1965;155
16.06.1965;155
17.06.1965;156
18.06.1965;157
19.06.1965;158
20.06.1965;157
21.06.1965;156
22.06.1965;156
23.06.1965;155
24.06.1965;154
25.06.1965;153
26.06.1965;151
27.06.1965;150
28.06.1965;149
29.06.1965;148
30.06.1965;147
01.07.1965;142
02.07.1965;146
03.07.1965;146
04.07.1965;145
05.07.1965;144
06.07.1965;142
07.07.1965;140
08.07.1965;138
09.07.1965;136
10.07.1965;133
11.07.1965;132
12.07.1965;132
13.07.1965;132
14.07.1965;133
15.07.1965;134
16.07.1965;133
17.07.1965;135
18.07.1965;137
19.07.1965;138
20.07.1965;139
21.07.1965;141
22.07.1965;144
23.07.1965;147
24.07.1965;149
25.07.1965;150
26.07.1965;151
27.07.1965;151
28.07.1965;151
29.07.1965;152
30.07.1965;152
31.07.1965;152
01.08.1965;134
02.08.1965;152
03.08.1965;152
04.08.1965;151
05.08.1965;150
06.08.1965;149
07.08.1965;149
08.08.1965;149
09.08.1965;148
10.08.1965;146
11.08.1965;143
12.08.1965;140
13.08.1965;137
14.08.1965;134
15.08.1965;132
16.08.1965;129
17.08.1965;127
18.08.1965;125
19.08.1965;124
20.08.1965;124
21.08.1965;125
22.08.1965;124
23.08.1965;123
24.08.1965;124
25.08.1965;124
26.08.1965;124
27.08.1965;123
28.08.1965;122
29.08.1965;123
30.08.1965;123
31.08.1965;123
01.09.1965;135
02.09.1965;123
03.09.1965;123
04.09.1965;122
05.09.1965;123
06.09.1965;125
07.09.1965;127
08.09.1965;127
09.09.1965;128
10.09.1965;130
11.09.1965;132
12.09.1965;134
13.09.1965;136
14.09.1965;139
15.09.1965;142
16.09.1965;145
17.09.1965;147
18.09.1965;148
19.09.1965;147
20.09.1965;145
21.09.1965;144
22.09.1965;143
23.09.1965;142
24.09.1965;140
25.09.1965;137
26.09.1965;136
27.09.1965;136
28.09.1965;134
29.09.1965;131
30.09.1965;129
01.10.1965;128
02.10.1965;128
03.10.1965;128
04.10.1965;127
05.10.1965;125
06.10.1965;125
07.10.1965;125
08.10.1965;125
09.10.1965;125
10.10.1965;125
11.10.1965;125
12.10.1965;125
13.10.1965;127
14.10.1965;129
15.10.1965;131
16.10.1965;132
17.10.1965;132
18.10.1965;132
19.10.1965;131
20.10.1965;130
21.10.1965;130
22.10.1965;129
23.10.1965;128
24.10.1965;127
25.10.1965;127
26.10.1965;127
27.10.1965;127
28.10.1965;127
29.10.1965;128
30.10.1965;130
31.10.1965;132
01.11.1965;135
02.11.1965;138
03.11.1965;138
04.11.1965;137
05.11.1965;137
06.11.1965;138
07.11.1965;137
08.11.1965;136
09.11.1965;135
10.11.1965;135
11.11.1965;134
12.11.1965;133
13.11.1965;132
14.11.1965;131
15.11.1965;131
16.11.1965;131
17.11.1965;130
18.11.1965;129
19.11.1965;128
20.11.1965;127
21.11.1965;129
22.11.1965;130
23.11.1965;131
24.11.1965;133
25.11.1965;135
26.11.1965;137
27.11.1965;140
28.11.1965;144
29.11.1965;148
30.11.1965;153
01.12.1965;194
02.12.1965;166
03.12.1965;170
04.12.1965;174
05.12.1965;178
06.12.1965;182
07.12.1965;183
08.12.1965;185
09.12.1965;189
10.12.1965;194
11.12.1965;197
12.12.1965;198
13.12.1965;199
14.12.1965;199
15.12.1965;199
16.12.1965;198
17.12.1965;198
18.12.1965;200
19.12.1965;201
20.12.1965;202
21.12.1965;202
22.12.1965;202
23.12.1965;202
24.12.1965;203
25.12.1965;204
26.12.1965;206
27.12.1965;206
28.12.1965;206
29.12.1965;206
30.12.1965;205
31.12.1965;204
01.01.1966;198
02.01.1966;207
03.01.1966;209
04.01.1966;210
05.01.1966;210
06.01.1966;212
07.01.1966;212
08.01.1966;212
09.01.1966;211
10.01.1966;208
11.01.1966;205
12.01.1966;203
13.01.1966;201
14.01.1966;200
15.01.1966;199
16.01.1966;199
17.01.1966;199
18.01.1966;199
19.01.1966;198
20.01.1966;196
21.01.1966;194
22.01.1966;193
23.01.1966;191
24.01.1966;188
25.01.1966;186
26.01.1966;185
27.01.1966;183
28.01.1966;181
29.01.1966;180
30.01.1966;180
31.01.1966;181
01.02.1966;221
02.02.1966;185
03.02.1966;188
04.02.1966;191
05.02.1966;195
06.02.1966;200
07.02.1966;206
08.02.1966;213
09.02.1966;217
10.02.1966;217
11.02.1966;218
12.02.1966;221
13.02.1966;225
14.02.1966;228
15.02.1966;231
16.02.1966;233
17.02.1966;235
18.02.1966;235
19.02.1966;235
20.02.1966;234
21.02.1966;234
22.02.1966;235
23.02.1966;237
24.02.1966;238
25.02.1966;239
26.02.1966;239
27.02.1966;240
28.02.1966;241
01.03.1966;219
02.03.1966;241
03.03.1966;240
04.03.1966;240
05.03.1966;239
06.03.1966;237
07.03.1966;235
08.03.1966;232
09.03.1966;230
10.03.1966;229
11.03.1966;227
12.03.1966;225
13.03.1966;223
14.03.1966;222
15.03.1966;221
16.03.1966;219
17.03.1966;217
18.03.1966;215
19.03.1966;213
20.03.1966;211
21.03.1966;209
22.03.1966;208
23.03.1966;207
24.03.1966;205
25.03.1966;204
26.03.1966;203
27.03.1966;203
28.03.1966;202
29.03.1966;201
30.03.1966;201
31.03.1966;201
01.04.1966;190
02.04.1966;199
03.04.1966;199
04.04.1966;198
05.04.1966;197
06.04.1966;196
07.04.1966;194
08.04.1966;192
09.04.1966;191
10.04.1966;189
11.04.1966;188
12.04.1966;186
13.04.1966;186
14.04.1966;186
15.04.1966;186
16.04.1966;186
17.04.1966;186
18.04.1966;186
19.04.1966;187
20.04.1966;188
21.04.1966;190
22.04.1966;191
23.04.1966;190
24.04.1966;190
25.04.1966;189
26.04.1966;189
27.04.1966;189
28.04.1966;188
29.04.1966;187
30.04.1966;186
01.05.1966;152
02.05.1966;182
03.05.1966;181
04.05.1966;180
05.05.1966;178
06.05.1966;176
07.05.1966;174
08.05.1966;170
09.05.1966;167
10.05.1966;166
11.05.1966;164
12.05.1966;161
13.05.1966;159
14.05.1966;157
15.05.1966;155
16.05.1966;151
17.05.1966;147
18.05.1966;145
19.05.1966;143
20.05.1966;140
21.05.1966;137
22.05.1966;135
23.05.1966;133
24.05.1966;130
25.05.1966;128
26.05.1966;128
27.05.1966;130
28.05.1966;130
29.05.1966;131
30.05.1966;130
31.05.1966;130
01.06.1966;132
02.06.1966;132
03.06.1966;132
04.06.1966;132
05.06.1966;131
06.06.1966;131
07.06.1966;131
08.06.1966;132
09.06.1966;132
10.06.1966;132
11.06.1966;132
12.06.1966;133
13.06.1966;132
14.06.1966;132
15.06.1966;131
16.06.1966;130
17.06.1966;130
18.06.1966;129
19.06.1966;128
20.06.1966;128
21.06.1966;130
22.06.1966;131
23.06.1966;132
24.06.1966;132
25.06.1966;132
26.06.1966;131
27.06.1966;132
28.06.1966;136
29.06.1966;141
30.06.1966;147
01.07.1966;160
02.07.1966;156
03.07.1966;159
04.07.1966;162
05.07.1966;164
06.07.1966;165
07.07.1966;165
08.07.1966;165
09.07.1966;164
10.07.1966;162
11.07.1966;162
12.07.1966;162
13.07.1966;161
14.07.1966;160
15.07.1966;158
16.07.1966;156
17.07.1966;154
18.07.1966;151
19.07.1966;150
20.07.1966;151
21.07.1966;155
22.07.1966;158
23.07.1966;160
24.07.1966;162
25.07.1966;163
26.07.1966;164
27.07.1966;164
28.07.1966;164
29.07.1966;163
30.07.1966;162
31.07.1966;159
01.08.1966;134
02.08.1966;151
03.08.1966;149
04.08.1966;148
05.08.1966;145
06.08.1966;143
07.08.1966;143
08.08.1966;143
09.08.1966;143
10.08.1966;142
11.08.1966;140
12.08.1966;138
13.08.1966;137
14.08.1966;136
15.08.1966;133
16.08.1966;129
17.08.1966;126
18.08.1966;123
19.08.1966;120
20.08.1966;120
21.08.1966;121
22.08.1966;123
23.08.1966;125
24.08.1966;125
25.08.1966;126
26.08.1966;127
27.08.1966;128
28.08.1966;128
29.08.1966;129
30.08.1966;130
31.08.1966;133
01.09.1966;142
02.09.1966;146
03.09.1966;150
04.09.1966;152
05.09.1966;153
06.09.1966;153
07.09.1966;152
08.09.1966;148
09.09.1966;144
10.09.1966;143
11.09.1966;142
12.09.1966;142
13.09.1966;143
14.09.1966;143
15.09.1966;143
16.09.1966;142
17.09.1966;142
18.09.1966;141
19.09.1966;141
20.09.1966;141
21.09.1966;140
22.09.1966;138
23.09.1966;136
24.09.1966;135
25.09.1966;134
26.09.1966;134
27.09.1966;134
28.09.1966;135
29.09.1966;135
30.09.1966;135
01.10.1966;136
02.10.1966;133
03.10.1966;133
04.10.1966;133
05.10.1966;132
06.10.1966;132
07.10.1966;133
08.10.1966;134
09.10.1966;134
10.10.1966;133
11.10.1966;133
12.10.1966;132
13.10.1966;131
14.10.1966;130
15.10.1966;131
16.10.1966;132
17.10.1966;133
18.10.1966;133
19.10.1966;133
20.10.1966;135
21.10.1966;137
22.10.1966;140
23.10.1966;142
24.10.1966;144
25.10.1966;144
26.10.1966;144
27.10.1966;145
28.10.1966;145
29.10.1966;146
30.10.1966;146
31.10.1966;145
01.11.1966;152
02.11.1966;145
03.11.1966;146
04.11.1966;146
05.11.1966;148
06.11.1966;149
07.11.1966;150
08.11.1966;150
09.11.1966;150
10.11.1966;149
11.11.1966;149
12.11.1966;149
13.11.1966;149
14.11.1966;149
15.11.1966;149
16.11.1966;150
17.11.1966;150
18.11.1966;150
19.11.1966;152
20.11.1966;153
21.11.1966;154
22.11.1966;155
23.11.1966;156
24.11.1966;157
25.11.1966;159
26.11.1966;160
27.11.1966;161
28.11.1966;162
29.11.1966;163
30.11.1966;164
01.12.1966;176
02.12.1966;167
03.12.1966;167
04.12.1966;168
05.12.1966;168
06.12.1966;168
07.12.1966;167
08.12.1966;166
09.12.1966;166
10.12.1966;165
11.12.1966;164
12.12.1966;164
13.12.1966;166
14.12.1966;167
15.12.1966;169
16.12.1966;171
17.12.1966;173
18.12.1966;176
19.12.1966;177
20.12.1966;180
21.12.1966;183
22.12.1966;184
23.12.1966;186
24.12.1966;189
25.12.1966;191
26.12.1966;192
27.12.1966;192
28.12.1966;192
29.12.1966;193
30.12.1966;195
31.12.1966;197
01.01.1967;209
02.01.1967;203
03.01.1967;205
04.01.1967;207
05.01.1967;209
06.01.1967;211
07.01.1967;211
08.01.1967;210
09.01.1967;209
10.01.1967;208
11.01.1967;208
12.01.1967;207
13.01.1967;207
14.01.1967;206
15.01.1967;205
16.01.1967;206
17.01.1967;207
18.01.1967;209
19.01.1967;210
20.01.1967;211
21.01.1967;212
22.01.1967;212
23.01.1967;212
24.01.1967;212
25.01.1967;212
26.01.1967;212
27.01.1967;212
28.01.1967;213
29.01.1967;215
30.01.1967;216
31.01.1967;218
01.02.1967;221
02.02.1967;223
03.02.1967;227
04.02.1967;230
05.02.1967;231
06.02.1967;231
07.02.1967;231
08.02.1967;229
09.02.1967;228
10.02.1967;226
11.02.1967;225
12.02.1967;224
13.02.1967;222
14.02.1967;219
15.02.1967;217
16.02.1967;215
17.02.1967;213
18.02.1967;210
19.02.1967;208
20.02.1967;211
21.02.1967;215
22.02.1967;217
23.02.1967;219
24.02.1967;220
25.02.1967;218
26.02.1967;217
27.02.1967;217
28.02.1967;220
01.03.1967;218
02.03.1967;225
03.03.1967;228
04.03.1967;227
05.03.1967;226
06.03.1967;225
07.03.1967;225
08.03.1967;224
09.03.1967;223
10.03.1967;222
11.03.1967;221
12.03.1967;220
13.03.1967;218
14.03.1967;217
15.03.1967;217
16.03.1967;216
17.03.1967;215
18.03.1967;216
19.03.1967;215
20.03.1967;215
21.03.1967;214
22.03.1967;214
23.03.1967;214
24.03.1967;214
25.03.1967;213
26.03.1967;212
27.03.1967;212
28.03.1967;212
29.03.1967;211
30.03.1967;210
31.03.1967;207
01.04.1967;180
02.04.1967;201
03.04.1967;199
04.04.1967;197
05.04.1967;194
06.04.1967;191
07.04.1967;190
08.04.1967;188
09.04.1967;186
10.04.1967;184
11.04.1967;184
12.04.1967;184
13.04.1967;183
14.04.1967;182
15.04.1967;182
16.04.1967;181
17.04.1967;181
18.04.1967;182
19.04.1967;181
20.04.1967;180
21.04.1967;178
22.04.1967;176
23.04.1967;173
24.04.1967;170
25.04.1967;166
26.04.1967;163
27.04.1967;160
28.04.1967;158
29.04.1967;156
30.04.1967;156
01.05.1967;139
02.05.1967;155
03.05.1967;154
04.05.1967;152
05.05.1967;149
06.05.1967;147
07.05.1967;146
08.05.1967;143
09.05.1967;142
10.05.1967;140
11.05.1967;137
12.05.1967;135
13.05.1967;135
14.05.1967;135
15.05.1967;136
16.05.1967;137
17.05.1967;138
18.05.1967;138
19.05.1967;136
20.05.1967;135
21.05.1967;133
22.05.1967;132
23.05.1967;131
24.05.1967;130
25.05.1967;131
26.05.1967;134
27.05.1967;135
28.05.1967;135
29.05.1967;135
30.05.1967;135
31.05.1967;134
01.06.1967;139
02.06.1967;131
03.06.1967;130
04.06.1967;130
05.06.1967;130
06.06.1967;129
07.06.1967;129
08.06.1967;129
09.06.1967;129
10.06.1967;129
11.06.1967;130
12.06.1967;131
13.06.1967;132
14.06.1967;133
15.06.1967;135
16.06.1967;137
17.06.1967;138
18.06.1967;141
19.06.1967;144
20.06.1967;147
21.06.1967;150
22.06.1967;151
23.06.1967;153
24.06.1967;153
25.06.1967;154
26.06.1967;153
27.06.1967;151
28.06.1967;148
29.06.1967;144
30.06.1967;139
01.07.1967;126
02.07.1967;133
03.07.1967;133
04.07.1967;133
05.07.1967;132
06.07.1967;133
07.07.1967;132
08.07.1967;132
09.07.1967;133
10.07.1967;131
11.07.1967;129
12.07.1967;128
13.07.1967;126
14.07.1967;126
15.07.1967;127
16.07.1967;125
17.07.1967;124
18.07.1967;122
19.07.1967;122
20.07.1967;122
21.07.1967;122
22.07.1967;122
23.07.1967;123
24.07.1967;122
25.07.1967;121
26.07.1967;121
27.07.1967;120
28.07.1967;119
29.07.1967;117
30.07.1967;116
31.07.1967;114
01.08.1967;125
02.08.1967;114
03.08.1967;116
04.08.1967;118
05.08.1967;118
06.08.1967;118
07.08.1967;117
08.08.1967;116
09.08.1967;117
10.08.1967;119
11.08.1967;121
12.08.1967;122
13.08.1967;124
14.08.1967;125
15.08.1967;125
16.08.1967;126
17.08.1967;128
18.08.1967;129
19.08.1967;130
20.08.1967;131
21.08.1967;132
22.08.1967;132
23.08.1967;132
24.08.1967;132
25.08.1967;132
26.08.1967;134
27.08.1967;134
28.08.1967;133
29.08.1967;131
30.08.1967;129
31.08.1967;127
01.09.1967;146
02.09.1967;123
03.09.1967;123
04.09.1967;123
05.09.1967;124
06.09.1967;125
07.09.1967;126
08.09.1967;127
09.09.1967;129
10.09.1967;130
11.09.1967;133
12.09.1967;136
13.09.1967;141
14.09.1967;146
15.09.1967;151
16.09.1967;156
17.09.1967;159
18.09.1967;161
19.09.1967;163
20.09.1967;163
21.09.1967;164
22.09.1967;165
23.09.1967;164
24.09.1967;163
25.09.1967;162
26.09.1967;160
27.09.1967;159
28.09.1967;159
29.09.1967;159
30.09.1967;160
01.10.1967;159
02.10.1967;159
03.10.1967;158
04.10.1967;158
05.10.1967;159
06.10.1967;159
07.10.1967;159
08.10.1967;161
09.10.1967;162
10.10.1967;164
11.10.1967;166
12.10.1967;168
13.10.1967;168
14.10.1967;169
15.10.1967;169
16.10.1967;169
17.10.1967;170
18.10.1967;169
19.10.1967;166
20.10.1967;163
21.10.1967;159
22.10.1967;156
23.10.1967;153
24.10.1967;151
25.10.1967;149
26.10.1967;148
27.10.1967;148
28.10.1967;149
29.10.1967;148
30.10.1967;147
31.10.1967;146
01.11.1967;143
02.11.1967;144
03.11.1967;144
04.11.1967;144
05.11.1967;144
06.11.1967;144
07.11.1967;144
08.11.1967;142
09.11.1967;139
10.11.1967;138
11.11.1967;139
12.11.1967;140
13.11.1967;140
14.11.1967;140
15.11.1967;141
16.11.1967;141
17.11.1967;141
18.11.1967;142
19.11.1967;142
20.11.1967;141
21.11.1967;141
22.11.1967;141
23.11.1967;141
24.11.1967;143
25.11.1967;145
26.11.1967;147
27.11.1967;148
28.11.1967;149
29.11.1967;150
30.11.1967;150
01.12.1967;165
02.12.1967;152
03.12.1967;154
04.12.1967;157
05.12.1967;160
06.12.1967;161
07.12.1967;161
08.12.1967;161
09.12.1967;162
10.12.1967;161
11.12.1967;158
12.12.1967;156
13.12.1967;157
14.12.1967;158
15.12.1967;159
16.12.1967;161
17.12.1967;163
18.12.1967;163
19.12.1967;163
20.12.1967;162
21.12.1967;161
22.12.1967;164
23.12.1967;168
24.12.1967;172
25.12.1967;174
26.12.1967;177
27.12.1967;180
28.12.1967;182
29.12.1967;185
30.12.1967;186
31.12.1967;188
01.01.1968;199
02.01.1968;188
03.01.1968;188
04.01.1968;188
05.01.1968;188
06.01.1968;188
07.01.1968;187
08.01.1968;186
09.01.1968;186
10.01.1968;186
11.01.1968;187
12.01.1968;188
13.01.1968;186
14.01.1968;188
15.01.1968;193
16.01.1968;196
17.01.1968;199
18.01.1968;201
19.01.1968;203
20.01.1968;205
21.01.1968;207
22.01.1968;207
23.01.1968;208
24.01.1968;211
25.01.1968;214
26.01.1968;217
27.01.1968;218
28.01.1968;219
29.01.1968;221
30.01.1968;221
31.01.1968;221
01.02.1968;211
02.02.1968;222
03.02.1968;221
04.02.1968;220
05.02.1968;219
06.02.1968;218
07.02.1968;217
08.02.1968;215
09.02.1968;215
10.02.1968;215
11.02.1968;215
12.02.1968;215
13.02.1968;215
14.02.1968;215
15.02.1968;215
16.02.1968;214
17.02.1968;214
18.02.1968;213
19.02.1968;212
20.02.1968;210
21.02.1968;207
22.02.1968;206
23.02.1968;205
24.02.1968;203
25.02.1968;201
26.02.1968;199
27.02.1968;197
28.02.1968;195
29.02.1968;192
01.03.1968;192
02.03.1968;187
03.03.1968;187
04.03.1968;187
05.03.1968;187
06.03.1968;187
07.03.1968;187
08.03.1968;189
09.03.1968;190
10.03.1968;191
11.03.1968;192
12.03.1968;194
13.03.1968;196
14.03.1968;197
15.03.1968;197
16.03.1968;198
17.03.1968;199
18.03.1968;200
19.03.1968;199
20.03.1968;196
21.03.1968;195
22.03.1968;194
23.03.1968;193
24.03.1968;191
25.03.1968;191
26.03.1968;191
27.03.1968;190
28.03.1968;189
29.03.1968;188
30.03.1968;187
31.03.1968;187
01.04.1968;151
02.04.1968;183
03.04.1968;182
04.04.1968;179
05.04.1968;176
06.04.1968;172
07.04.1968;169
08.04.1968;165
09.04.1968;162
10.04.1968;159
11.04.1968;156
12.04.1968;153
13.04.1968;151
14.04.1968;149
15.04.1968;147
16.04.1968;144
17.04.1968;142
18.04.1968;142
19.04.1968;141
20.04.1968;140
21.04.1968;138
22.04.1968;136
23.04.1968;134
24.04.1968;134
25.04.1968;133
26.04.1968;133
27.04.1968;132
28.04.1968;132
29.04.1968;132
30.04.1968;132
01.05.1968;149
02.05.1968;133
03.05.1968;134
04.05.1968;134
05.05.1968;137
06.05.1968;143
07.05.1968;149
08.05.1968;151
09.05.1968;152
10.05.1968;153
11.05.1968;153
12.05.1968;155
13.05.1968;155
14.05.1968;155
15.05.1968;154
16.05.1968;155
17.05.1968;155
18.05.1968;155
19.05.1968;156
20.05.1968;157
21.05.1968;157
22.05.1968;156
23.05.1968;155
24.05.1968;153
25.05.1968;152
26.05.1968;151
27.05.1968;149
28.05.1968;148
29.05.1968;145
30.05.1968;141
31.05.1968;138
01.06.1968;132
02.06.1968;135
03.06.1968;136
04.06.1968;136
05.06.1968;136
06.06.1968;136
07.06.1968;137
08.06.1968;137
09.06.1968;135
10.06.1968;133
11.06.1968;131
12.06.1968;130
13.06.1968;130
14.06.1968;129
15.06.1968;129
16.06.1968;130
17.06.1968;130
18.06.1968;129
19.06.1968;129
20.06.1968;129
21.06.1968;129
22.06.1968;128
23.06.1968;128
24.06.1968;129
25.06.1968;129
26.06.1968;129
27.06.1968;132
28.06.1968;135
29.06.1968;136
30.06.1968;134
01.07.1968;124
02.07.1968;129
03.07.1968;125
04.07.1968;122
05.07.1968;121
06.07.1968;122
07.07.1968;122
08.07.1968;121
09.07.1968;121
10.07.1968;121
11.07.1968;123
12.07.1968;122
13.07.1968;120
14.07.1968;122
15.07.1968;123
16.07.1968;123
17.07.1968;123
18.07.1968;123
19.07.1968;123
20.07.1968;124
21.07.1968;125
22.07.1968;125
23.07.1968;125
24.07.1968;125
25.07.1968;125
26.07.1968;126
27.07.1968;126
28.07.1968;127
29.07.1968;128
30.07.1968;130
31.07.1968;130
01.08.1968;121
02.08.1968;130
03.08.1968;130
04.08.1968;130
05.08.1968;129
06.08.1968;127
07.08.1968;125
08.08.1968;122
09.08.1968;119
10.08.1968;117
11.08.1968;117
12.08.1968;116
13.08.1968;116
14.08.1968;117
15.08.1968;118
16.08.1968;117
17.08.1968;118
18.08.1968;118
19.08.1968;118
20.08.1968;117
21.08.1968;117
22.08.1968;118
23.08.1968;118
24.08.1968;119
25.08.1968;120
26.08.1968;121
27.08.1968;122
28.08.1968;122
29.08.1968;122
30.08.1968;123
31.08.1968;126
01.09.1968;141
02.09.1968;131
03.09.1968;132
04.09.1968;134
05.09.1968;137
06.09.1968;142
07.09.1968;144
08.09.1968;142
09.09.1968;142
10.09.1968;142
11.09.1968;141
12.09.1968;142
13.09.1968;142
14.09.1968;141
15.09.1968;143
16.09.1968;145
17.09.1968;146
18.09.1968;147
19.09.1968;148
20.09.1968;146
21.09.1968;146
22.09.1968;146
23.09.1968;146
24.09.1968;144
25.09.1968;142
26.09.1968;139
27.09.1968;138
28.09.1968;139
29.09.1968;140
30.09.1968;141
01.10.1968;149
02.10.1968;143
03.10.1968;144
04.10.1968;145
05.10.1968;145
06.10.1968;145
07.10.1968;146
08.10.1968;146
09.10.1968;145
10.10.1968;145
11.10.1968;147
12.10.1968;150
13.10.1968;152
14.10.1968;152
15.10.1968;153
16.10.1968;153
17.10.1968;155
18.10.1968;157
19.10.1968;156
20.10.1968;155
21.10.1968;155
22.10.1968;155
23.10.1968;153
24.10.1968;151
25.10.1968;150
26.10.1968;149
27.10.1968;147
28.10.1968;145
29.10.1968;144
30.10.1968;142
31.10.1968;142
01.11.1968;164
02.11.1968;142
03.11.1968;143
04.11.1968;144
05.11.1968;144
06.11.1968;148
07.11.1968;153
08.11.1968;157
09.11.1968;162
10.11.1968;166
11.11.1968;168
12.11.1968;171
13.11.1968;173
14.11.1968;175
15.11.1968;176
16.11.1968;176
17.11.1968;173
18.11.1968;171
19.11.1968;172
20.11.1968;172
21.11.1968;170
22.11.1968;168
23.11.1968;169
24.11.1968;170
25.11.1968;170
26.11.1968;170
27.11.1968;171
28.11.1968;172
29.11.1968;173
30.11.1968;174
01.12.1968;161
02.12.1968;173
03.12.1968;172
04.12.1968;170
05.12.1968;168
06.12.1968;167
07.12.1968;167
08.12.1968;166
09.12.1968;165
10.12.1968;164
11.12.1968;163
12.12.1968;161
13.12.1968;159
14.12.1968;157
15.12.1968;156
16.12.1968;154
17.12.1968;153
18.12.1968;151
19.12.1968;151
20.12.1968;151
21.12.1968;151
22.12.1968;153
23.12.1968;157
24.12.1968;160
25.12.1968;162
26.12.1968;163
27.12.1968;163
28.12.1968;163
29.12.1968;163
30.12.1968;162
31.12.1968;162
01.01.1969;167
02.01.1969;162
03.01.1969;163
04.01.1969;163
05.01.1969;162
06.01.1969;162
07.01.1969;165
08.01.1969;168
09.01.1969;170
10.01.1969;171
11.01.1969;172
12.01.1969;172
13.01.1969;171
14.01.1969;169
15.01.1969;166
16.01.1969;163
17.01.1969;162
18.01.1969;161
19.01.1969;161
20.01.1969;161
21.01.1969;161
22.01.1969;163
23.01.1969;166
24.01.1969;169
25.01.1969;171
26.01.1969;171
27.01.1969;171
28.01.1969;171
29.01.1969;175
30.01.1969;178
31.01.1969;182
01.02.1969;186
02.02.1969;187
03.02.1969;188
04.02.1969;189
05.02.1969;188
06.02.1969;187
07.02.1969;187
08.02.1969;186
09.02.1969;185
10.02.1969;183
11.02.1969;181
12.02.1969;179
13.02.1969;179
14.02.1969;181
15.02.1969;184
16.02.1969;187
17.02.1969;188
18.02.1969;188
19.02.1969;187
20.02.1969;187
21.02.1969;188
22.02.1969;190
23.02.1969;191
24.02.1969;191
25.02.1969;190
26.02.1969;189
27.02.1969;187
28.02.1969;184
01.03.1969;171
02.03.1969;180
03.03.1969;179
04.03.1969;178
05.03.1969;177
06.03.1969;175
07.03.1969;173
08.03.1969;171
09.03.1969;170
10.03.1969;169
11.03.1969;168
12.03.1969;169
13.03.1969;169
14.03.1969;170
15.03.1969;170
16.03.1969;169
17.03.1969;168
18.03.1969;165
19.03.1969;163
20.03.1969;162
21.03.1969;162
22.03.1969;162
23.03.1969;164
24.03.1969;167
25.03.1969;168
26.03.1969;171
27.03.1969;173
28.03.1969;176
29.03.1969;177
30.03.1969;180
31.03.1969;184
01.04.1969;192
02.04.1969;191
03.04.1969;194
04.04.1969;195
05.04.1969;196
06.04.1969;197
07.04.1969;196
08.04.1969;194
09.04.1969;193
10.04.1969;193
11.04.1969;194
12.04.1969;194
13.04.1969;193
14.04.1969;190
15.04.1969;190
16.04.1969;191
17.04.1969;190
18.04.1969;189
19.04.1969;188
20.04.1969;187
21.04.1969;186
22.04.1969;188
23.04.1969;191
24.04.1969;192
25.04.1969;193
26.04.1969;194
27.04.1969;195
28.04.1969;195
29.04.1969;196
30.04.1969;197
01.05.1969;188
02.05.1969;196
03.05.1969;197
04.05.1969;199
05.05.1969;200
06.05.1969;201
07.05.1969;202
08.05.1969;203
09.05.1969;203
10.05.1969;202
11.05.1969;201
12.05.1969;199
13.05.1969;197
14.05.1969;197
15.05.1969;196
16.05.1969;195
17.05.1969;193
18.05.1969;190
19.05.1969;188
20.05.1969;187
21.05.1969;184
22.05.1969;181
23.05.1969;176
24.05.1969;172
25.05.1969;171
26.05.1969;171
27.05.1969;171
28.05.1969;168
29.05.1969;166
30.05.1969;164
31.05.1969;162
01.06.1969;149
02.06.1969;157
03.06.1969;154
04.06.1969;153
05.06.1969;152
06.06.1969;153
07.06.1969;154
08.06.1969;154
09.06.1969;155
10.06.1969;155
11.06.1969;155
12.06.1969;153
13.06.1969;151
14.06.1969;150
15.06.1969;150
16.06.1969;148
17.06.1969;146
18.06.1969;145
19.06.1969;144
20.06.1969;143
21.06.1969;141
22.06.1969;140
23.06.1969;140
24.06.1969;139
25.06.1969;140
26.06.1969;143
27.06.1969;146
28.06.1969;147
29.06.1969;148
30.06.1969;149
01.07.1969;133
02.07.1969;151
03.07.1969;153
04.07.1969;153
05.07.1969;153
06.07.1969;152
07.07.1969;151
08.07.1969;149
09.07.1969;147
10.07.1969;146
11.07.1969;144
12.07.1969;141
13.07.1969;139
14.07.1969;136
15.07.1969;133
16.07.1969;130
17.07.1969;129
18.07.1969;128
19.07.1969;126
20.07.1969;125
21.07.1969;123
22.07.1969;121
23.07.1969;119
24.07.1969;118
25.07.1969;116
26.07.1969;115
27.07.1969;115
28.07.1969;115
29.07.1969;114
30.07.1969;113
31.07.1969;111
01.08.1969;114
02.08.1969;109
03.08.1969;107
04.08.1969;105
05.08.1969;104
06.08.1969;104
07.08.1969;104
08.08.1969;104
09.08.1969;104
10.08.1969;104
11.08.1969;104
12.08.1969;104
13.08.1969;104
14.08.1969;104
15.08.1969;104
16.08.1969;105
17.08.1969;107
18.08.1969;108
19.08.1969;109
20.08.1969;110
21.08.1969;111
22.08.1969;112
23.08.1969;114
24.08.1969;117
25.08.1969;121
26.08.1969;124
27.08.1969;127
28.08.1969;131
29.08.1969;144
30.08.1969;157
31.08.1969;161
01.09.1969;140
02.09.1969;165
03.09.1969;164
04.09.1969;163
05.09.1969;161
06.09.1969;159
07.09.1969;157
08.09.1969;153
09.09.1969;150
10.09.1969;147
11.09.1969;144
12.09.1969;141
13.09.1969;138
14.09.1969;136
15.09.1969;135
16.09.1969;132
17.09.1969;128
18.09.1969;126
19.09.1969;126
20.09.1969;127
21.09.1969;128
22.09.1969;127
23.09.1969;126
24.09.1969;125
25.09.1969;125
26.09.1969;126
27.09.1969;127
28.09.1969;128
29.09.1969;129
30.09.1969;129
01.10.1969;129
02.10.1969;128
03.10.1969;126
04.10.1969;125
05.10.1969;124
06.10.1969;124
07.10.1969;127
08.10.1969;128
09.10.1969;128
10.10.1969;127
11.10.1969;126
12.10.1969;126
13.10.1969;126
14.10.1969;126
15.10.1969;126
16.10.1969;126
17.10.1969;127
18.10.1969;128
19.10.1969;128
20.10.1969;128
21.10.1969;128
22.10.1969;128
23.10.1969;128
24.10.1969;129
25.10.1969;129
26.10.1969;130
27.10.1969;132
28.10.1969;133
29.10.1969;135
30.10.1969;137
31.10.1969;138
01.11.1969;148
02.11.1969;142
03.11.1969;145
04.11.1969;147
05.11.1969;148
06.11.1969;147
07.11.1969;147
08.11.1969;147
09.11.1969;148
10.11.1969;149
11.11.1969;149
12.11.1969;149
13.11.1969;149
14.11.1969;149
15.11.1969;148
16.11.1969;148
17.11.1969;149
18.11.1969;151
19.11.1969;152
20.11.1969;151
21.11.1969;151
22.11.1969;151
23.11.1969;152
24.11.1969;154
25.11.1969;153
26.11.1969;152
27.11.1969;149
28.11.1969;147
29.11.1969;145
30.11.1969;143
01.12.1969;143
02.12.1969;141
03.12.1969;142
04.12.1969;144
05.12.1969;144
06.12.1969;145
07.12.1969;145
08.12.1969;146
09.12.1969;146
10.12.1969;145
11.12.1969;144
12.12.1969;143
13.12.1969;142
14.12.1969;141
15.12.1969;140
16.12.1969;139
17.12.1969;139
18.12.1969;140
19.12.1969;141
20.12.1969;143
21.12.1969;145
22.12.1969;145
23.12.1969;145
24.12.1969;145
25.12.1969;144
26.12.1969;143
27.12.1969;143
28.12.1969;143
29.12.1969;143
30.12.1969;142
31.12.1969;143
01.01.1970;139
02.01.1970;144
03.01.1970;144
04.01.1970;144
05.01.1970;144
06.01.1970;143
07.01.1970;141
08.01.1970;139
09.01.1970;137
10.01.1970;136
11.01.1970;134
12.01.1970;133
13.01.1970;133
14.01.1970;133
15.01.1970;133
16.01.1970;134
17.01.1970;135
18.01.1970;136
19.01.1970;136
20.01.1970;136
21.01.1970;136
22.01.1970;136
23.01.1970;135
24.01.1970;135
25.01.1970;136
26.01.1970;139
27.01.1970;144
28.01.1970;146
29.01.1970;146
30.01.1970;147
31.01.1970;147
01.02.1970;147
02.02.1970;147
03.02.1970;147
04.02.1970;147
05.02.1970;150
06.02.1970;154
07.02.1970;157
08.02.1970;159
09.02.1970;161
10.02.1970;162
11.02.1970;162
12.02.1970;162
13.02.1970;163
14.02.1970;163
15.02.1970;163
16.02.1970;163
17.02.1970;163
18.02.1970;163
19.02.1970;161
20.02.1970;161
21.02.1970;162
22.02.1970;162
23.02.1970;163
24.02.1970;164
25.02.1970;165
26.02.1970;165
27.02.1970;165
28.02.1970;165
01.03.1970;186
02.03.1970;165
03.03.1970;164
04.03.1970;164
05.03.1970;165
06.03.1970;166
07.03.1970;165
08.03.1970;164
09.03.1970;163
10.03.1970;162
11.03.1970;161
12.03.1970;161
13.03.1970;162
14.03.1970;163
15.03.1970;164
16.03.1970;166
17.03.1970;168
18.03.1970;173
19.03.1970;183
20.03.1970;193
21.03.1970;201
22.03.1970;207
23.03.1970;212
24.03.1970;218
25.03.1970;223
26.03.1970;226
27.03.1970;228
28.03.1970;231
29.03.1970;232
30.03.1970;231
31.03.1970;231
01.04.1970;243
02.04.1970;235
03.04.1970;235
04.04.1970;235
05.04.1970;235
06.04.1970;236
07.04.1970;235
08.04.1970;235
09.04.1970;239
10.04.1970;243
11.04.1970;246
12.04.1970;246
13.04.1970;246
14.04.1970;245
15.04.1970;245
16.04.1970;246
17.04.1970;247
18.04.1970;247
19.04.1970;247
20.04.1970;248
21.04.1970;249
22.04.1970;250
23.04.1970;250
24.04.1970;250
25.04.1970;249
26.04.1970;247
27.04.1970;246
28.04.1970;244
29.04.1970;243
30.04.1970;243
01.05.1970;197
02.05.1970;241
03.05.1970;239
04.05.1970;237
05.05.1970;235
06.05.1970;232
07.05.1970;228
08.05.1970;223
09.05.1970;219
10.05.1970;214
11.05.1970;210
12.05.1970;206
13.05.1970;203
14.05.1970;200
15.05.1970;198
16.05.1970;196
17.05.1970;194
18.05.1970;191
19.05.1970;187
20.05.1970;184
21.05.1970;181
22.05.1970;179
23.05.1970;175
24.05.1970;171
25.05.1970;168
26.05.1970;166
27.05.1970;164
28.05.1970;162
29.05.1970;160
30.05.1970;159
31.05.1970;158
01.06.1970;142
02.06.1970;159
03.06.1970;159
04.06.1970;159
05.06.1970;159
06.06.1970;159
07.06.1970;157
08.06.1970;154
09.06.1970;151
10.06.1970;149
11.06.1970;148
12.06.1970;147
13.06.1970;146
14.06.1970;145
15.06.1970;145
16.06.1970;144
17.06.1970;142
18.06.1970;139
19.06.1970;137
20.06.1970;135
21.06.1970;133
22.06.1970;131
23.06.1970;129
24.06.1970;127
25.06.1970;126
26.06.1970;124
27.06.1970;123
28.06.1970;124
29.06.1970;126
30.06.1970;126
01.07.1970;127
02.07.1970;131
03.07.1970;133
04.07.1970;134
05.07.1970;135
06.07.1970;136
07.07.1970;135
08.07.1970;134
09.07.1970;133
10.07.1970;131
11.07.1970;130
12.07.1970;130
13.07.1970;128
14.07.1970;127
15.07.1970;126
16.07.1970;124
17.07.1970;122
18.07.1970;122
19.07.1970;123
20.07.1970;125
21.07.1970;125
22.07.1970;123
23.07.1970;122
24.07.1970;122
25.07.1970;122
26.07.1970;123
27.07.1970;123
28.07.1970;123
29.07.1970;124
30.07.1970;124
31.07.1970;123
01.08.1970;119
02.08.1970;123
03.08.1970;123
04.08.1970;123
05.08.1970;124
06.08.1970;124
07.08.1970;123
08.08.1970;123
09.08.1970;123
10.08.1970;124
11.08.1970;124
12.08.1970;123
13.08.1970;121
14.08.1970;121
15.08.1970;121
16.08.1970;120
17.08.1970;120
18.08.1970;119
19.08.1970;117
20.08.1970;116
21.08.1970;116
22.08.1970;115
23.08.1970;115
24.08.1970;114
25.08.1970;113
26.08.1970;112
27.08.1970;112
28.08.1970;113
29.08.1970;114
30.08.1970;116
31.08.1970;118
01.09.1970;124
02.09.1970;123
03.09.1970;124
04.09.1970;124
05.09.1970;124
06.09.1970;123
07.09.1970;120
08.09.1970;119
09.09.1970;119
10.09.1970;120
11.09.1970;121
12.09.1970;122
13.09.1970;123
14.09.1970;124
15.09.1970;125
16.09.1970;127
17.09.1970;129
18.09.1970;130
19.09.1970;131
20.09.1970;132
21.09.1970;132
22.09.1970;130
23.09.1970;128
24.09.1970;127
25.09.1970;125
26.09.1970;124
27.09.1970;122
28.09.1970;121
29.09.1970;121
30.09.1970;122
01.10.1970;136
02.10.1970;122
03.10.1970;124
04.10.1970;127
05.10.1970;131
06.10.1970;134
07.10.1970;137
08.10.1970;139
09.10.1970;139
10.10.1970;139
11.10.1970;139
12.10.1970;139
13.10.1970;138
14.10.1970;136
15.10.1970;135
16.10.1970;134
17.10.1970;133
18.10.1970;134
19.10.1970;135
20.10.1970;135
21.10.1970;135
22.10.1970;135
23.10.1970;135
24.10.1970;136
25.10.1970;139
26.10.1970;142
27.10.1970;143
28.10.1970;144
29.10.1970;145
30.10.1970;148
31.10.1970;151
01.11.1970;163
02.11.1970;156
03.11.1970;162
04.11.1970;167
05.11.1970;169
06.11.1970;169
07.11.1970;169
08.11.1970;170
09.11.1970;170
10.11.1970;168
11.11.1970;167
12.11.1970;167
13.11.1970;167
14.11.1970;167
15.11.1970;167
16.11.1970;166
17.11.1970;165
18.11.1970;164
19.11.1970;162
20.11.1970;161
21.11.1970;161
22.11.1970;162
23.11.1970;162
24.11.1970;161
25.11.1970;160
26.11.1970;159
27.11.1970;158
28.11.1970;157
29.11.1970;158
30.11.1970;159
01.12.1970;167
02.12.1970;162
03.12.1970;165
04.12.1970;168
05.12.1970;171
06.12.1970;173
07.12.1970;175
08.12.1970;176
09.12.1970;176
10.12.1970;176
11.12.1970;176
12.12.1970;176
13.12.1970;175
14.12.1970;174
15.12.1970;171
16.12.1970;168
17.12.1970;168
18.12.1970;167
19.12.1970;166
20.12.1970;166
21.12.1970;166
22.12.1970;166
23.12.1970;165
24.12.1970;164
25.12.1970;163
26.12.1970;162
27.12.1970;161
28.12.1970;160
29.12.1970;159
30.12.1970;158
31.12.1970;157
01.01.1971;157
02.01.1971;157
03.01.1971;157
04.01.1971;157
05.01.1971;156
06.01.1971;154
07.01.1971;152
08.01.1971;149
09.01.1971;148
10.01.1971;149
11.01.1971;151
12.01.1971;153
13.01.1971;155
14.01.1971;156
15.01.1971;155
16.01.1971;154
17.01.1971;154
18.01.1971;155
19.01.1971;155
20.01.1971;155
21.01.1971;155
22.01.1971;154
23.01.1971;152
24.01.1971;153
25.01.1971;156
26.01.1971;160
27.01.1971;166
28.01.1971;173
29.01.1971;177
30.01.1971;180
31.01.1971;181
01.02.1971;173
02.02.1971;183
03.02.1971;183
04.02.1971;182
05.02.1971;183
06.02.1971;183
07.02.1971;181
08.02.1971;180
09.02.1971;179
10.02.1971;177
11.02.1971;176
12.02.1971;176
13.02.1971;176
14.02.1971;176
15.02.1971;175
16.02.1971;173
17.02.1971;171
18.02.1971;169
19.02.1971;169
20.02.1971;168
21.02.1971;167
22.02.1971;167
23.02.1971;167
24.02.1971;166
25.02.1971;165
26.02.1971;162
27.02.1971;161
28.02.1971;160
01.03.1971;164
02.03.1971;158
03.03.1971;157
04.03.1971;157
05.03.1971;158
06.03.1971;158
07.03.1971;158
08.03.1971;159
09.03.1971;160
10.03.1971;163
11.03.1971;164
12.03.1971;164
13.03.1971;165
14.03.1971;165
15.03.1971;165
16.03.1971;167
17.03.1971;168
18.03.1971;169
19.03.1971;170
20.03.1971;170
21.03.1971;169
22.03.1971;169
23.03.1971;168
24.03.1971;168
25.03.1971;168
26.03.1971;167
27.03.1971;166
28.03.1971;164
29.03.1971;162
30.03.1971;161
31.03.1971;162
01.04.1971;163
02.04.1971;164
03.04.1971;165
04.04.1971;164
05.04.1971;164
06.04.1971;164
07.04.1971;163
08.04.1971;163
09.04.1971;163
10.04.1971;163
11.04.1971;162
12.04.1971;161
13.04.1971;160
14.04.1971;159
15.04.1971;159
16.04.1971;159
17.04.1971;158
18.04.1971;157
19.04.1971;156
20.04.1971;153
21.04.1971;149
22.04.1971;145
23.04.1971;142
24.04.1971;140
25.04.1971;138
26.04.1971;135
27.04.1971;133
28.04.1971;133
29.04.1971;133
30.04.1971;132
01.05.1971;125
02.05.1971;131
03.05.1971;130
04.05.1971;129
05.05.1971;126
06.05.1971;123
07.05.1971;121
08.05.1971;118
09.05.1971;117
10.05.1971;117
11.05.1971;117
12.05.1971;118
13.05.1971;119
14.05.1971;120
15.05.1971;121
16.05.1971;121
17.05.1971;121
18.05.1971;122
19.05.1971;122
20.05.1971;123
21.05.1971;125
22.05.1971;125
23.05.1971;126
24.05.1971;128
25.05.1971;130
26.05.1971;131
27.05.1971;131
28.05.1971;134
29.05.1971;137
30.05.1971;138
31.05.1971;139
01.06.1971;136
02.06.1971;138
03.06.1971;137
04.06.1971;137
05.06.1971;137
06.06.1971;137
07.06.1971;137
08.06.1971;136
09.06.1971;135
10.06.1971;134
11.06.1971;133
12.06.1971;132
13.06.1971;131
14.06.1971;129
15.06.1971;129
16.06.1971;129
17.06.1971;129
18.06.1971;129
19.06.1971;129
20.06.1971;131
21.06.1971;132
22.06.1971;134
23.06.1971;135
24.06.1971;135
25.06.1971;135
26.06.1971;138
27.06.1971;141
28.06.1971;147
29.06.1971;153
30.06.1971;157
01.07.1971;131
02.07.1971;163
03.07.1971;165
04.07.1971;165
05.07.1971;164
06.07.1971;162
07.07.1971;158
08.07.1971;155
09.07.1971;151
10.07.1971;148
11.07.1971;143
12.07.1971;139
13.07.1971;134
14.07.1971;129
15.07.1971;124
16.07.1971;121
17.07.1971;117
18.07.1971;114
19.07.1971;112
20.07.1971;112
21.07.1971;112
22.07.1971;112
23.07.1971;112
24.07.1971;113
25.07.1971;113
26.07.1971;113
27.07.1971;113
28.07.1971;113
29.07.1971;113
30.07.1971;112
31.07.1971;112
01.08.1971;109
02.08.1971;111
03.08.1971;111
04.08.1971;110
05.08.1971;110
06.08.1971;110
07.08.1971;110
08.08.1971;110
09.08.1971;110
10.08.1971;109
11.08.1971;109
12.08.1971;108
13.08.1971;108
14.08.1971;108
15.08.1971;109
16.08.1971;109
17.08.1971;108
18.08.1971;107
19.08.1971;106
20.08.1971;106
21.08.1971;107
22.08.1971;107
23.08.1971;107
24.08.1971;106
25.08.1971;105
26.08.1971;106
27.08.1971;108
28.08.1971;109
29.08.1971;110
30.08.1971;110
31.08.1971;111
01.09.1971;120
02.09.1971;113
03.09.1971;113
04.09.1971;113
05.09.1971;114
06.09.1971;113
07.09.1971;113
08.09.1971;114
09.09.1971;117
10.09.1971;118
11.09.1971;120
12.09.1971;122
13.09.1971;124
14.09.1971;125
15.09.1971;125
16.09.1971;124
17.09.1971;122
18.09.1971;122
19.09.1971;122
20.09.1971;122
21.09.1971;122
22.09.1971;122
23.09.1971;123
24.09.1971;124
25.09.1971;125
26.09.1971;126
27.09.1971;125
28.09.1971;124
29.09.1971;124
30.09.1971;123
01.10.1971;124
02.10.1971;121
03.10.1971;120
04.10.1971;119
05.10.1971;117
06.10.1971;116
07.10.1971;117
08.10.1971;117
09.10.1971;119
10.10.1971;122
11.10.1971;124
12.10.1971;124
13.10.1971;126
14.10.1971;128
15.10.1971;128
16.10.1971;128
17.10.1971;127
18.10.1971;127
19.10.1971;127
20.10.1971;127
21.10.1971;127
22.10.1971;128
23.10.1971;128
24.10.1971;128
25.10.1971;129
26.10.1971;128
27.10.1971;127
28.10.1971;126
29.10.1971;126
30.10.1971;125
31.10.1971;126
01.11.1971;128
02.11.1971;128
03.11.1971;128
04.11.1971;128
05.11.1971;128
06.11.1971;128
07.11.1971;128
08.11.1971;128
09.11.1971;128
10.11.1971;127
11.11.1971;126
12.11.1971;125
13.11.1971;125
14.11.1971;126
15.11.1971;128
16.11.1971;132
17.11.1971;134
18.11.1971;136
19.11.1971;137
20.11.1971;138
21.11.1971;139
22.11.1971;139
23.11.1971;138
24.11.1971;136
25.11.1971;135
26.11.1971;134
27.11.1971;134
28.11.1971;135
29.11.1971;136
30.11.1971;135
01.12.1971;134
02.12.1971;133
03.12.1971;133
04.12.1971;133
05.12.1971;134
06.12.1971;135
07.12.1971;136
08.12.1971;137
09.12.1971;138
10.12.1971;141
11.12.1971;144
12.12.1971;146
13.12.1971;147
14.12.1971;149
15.12.1971;152
16.12.1971;154
17.12.1971;157
18.12.1971;159
19.12.1971;161
20.12.1971;163
21.12.1971;164
22.12.1971;164
23.12.1971;164
24.12.1971;164
25.12.1971;164
26.12.1971;162
27.12.1971;161
28.12.1971;160
29.12.1971;158
30.12.1971;155
31.12.1971;153
01.01.1972;155
02.01.1972;151
03.01.1972;151
04.01.1972;151
05.01.1972;152
06.01.1972;153
07.01.1972;154
08.01.1972;154
09.01.1972;155
10.01.1972;155
11.01.1972;154
12.01.1972;154
13.01.1972;153
14.01.1972;153
15.01.1972;155
16.01.1972;157
17.01.1972;159
18.01.1972;159
19.01.1972;159
20.01.1972;158
21.01.1972;158
22.01.1972;157
23.01.1972;159
24.01.1972;159
25.01.1972;158
26.01.1972;157
27.01.1972;156
28.01.1972;154
29.01.1972;153
30.01.1972;152
31.01.1972;151
01.02.1972;145
02.02.1972;151
03.02.1972;150
04.02.1972;149
05.02.1972;148
06.02.1972;147
07.02.1972;145
08.02.1972;145
09.02.1972;144
10.02.1972;143
11.02.1972;142
12.02.1972;140
13.02.1972;140
14.02.1972;140
15.02.1972;141
16.02.1972;141
17.02.1972;141
18.02.1972;142
19.02.1972;143
20.02.1972;144
21.02.1972;145
22.02.1972;146
23.02.1972;147
24.02.1972;145
25.02.1972;144
26.02.1972;144
27.02.1972;145
28.02.1972;145
29.02.1972;146
01.03.1972;147
02.03.1972;145
03.03.1972;144
04.03.1972;144
05.03.1972;144
06.03.1972;144
07.03.1972;145
08.03.1972;146
09.03.1972;147
10.03.1972;146
11.03.1972;146
12.03.1972;145
13.03.1972;145
14.03.1972;146
15.03.1972;147
16.03.1972;147
17.03.1972;146
18.03.1972;146
19.03.1972;147
20.03.1972;147
21.03.1972;146
22.03.1972;147
23.03.1972;147
24.03.1972;146
25.03.1972;145
26.03.1972;146
27.03.1972;149
28.03.1972;151
29.03.1972;152
30.03.1972;153
31.03.1972;155
01.04.1972;149
02.04.1972;155
03.04.1972;156
04.04.1972;155
05.04.1972;156
06.04.1972;158
07.04.1972;160
08.04.1972;161
09.04.1972;161
10.04.1972;160
11.04.1972;159
12.04.1972;157
13.04.1972;154
14.04.1972;151
15.04.1972;148
16.04.1972;147
17.04.1972;147
18.04.1972;145
19.04.1972;144
20.04.1972;143
21.04.1972;142
22.04.1972;141
23.04.1972;139
24.04.1972;137
25.04.1972;137
26.04.1972;138
27.04.1972;140
28.04.1972;141
29.04.1972;142
30.04.1972;143
01.05.1972;155
02.05.1972;144
03.05.1972;142
04.05.1972;139
05.05.1972;137
06.05.1972;136
07.05.1972;135
08.05.1972;133
09.05.1972;132
10.05.1972;134
11.05.1972;136
12.05.1972;137
13.05.1972;139
14.05.1972;140
15.05.1972;141
16.05.1972;142
17.05.1972;143
18.05.1972;142
19.05.1972;146
20.05.1972;154
21.05.1972;162
22.05.1972;168
23.05.1972;176
24.05.1972;182
25.05.1972;186
26.05.1972;188
27.05.1972;189
28.05.1972;189
29.05.1972;187
30.05.1972;186
31.05.1972;183
01.06.1972;152
02.06.1972;176
03.06.1972;172
04.06.1972;169
05.06.1972;167
06.06.1972;164
07.06.1972;162
08.06.1972;159
09.06.1972;154
10.06.1972;150
11.06.1972;148
12.06.1972;148
13.06.1972;150
14.06.1972;150
15.06.1972;151
16.06.1972;152
17.06.1972;152
18.06.1972;152
19.06.1972;151
20.06.1972;150
21.06.1972;149
22.06.1972;148
23.06.1972;147
24.06.1972;146
25.06.1972;144
26.06.1972;141
27.06.1972;138
28.06.1972;136
29.06.1972;134
30.06.1972;135
01.07.1972;124
02.07.1972;133
03.07.1972;132
04.07.1972;130
05.07.1972;128
06.07.1972;127
07.07.1972;127
08.07.1972;126
09.07.1972;126
10.07.1972;127
11.07.1972;127
12.07.1972;126
13.07.1972;125
14.07.1972;124
15.07.1972;123
16.07.1972;123
17.07.1972;123
18.07.1972;123
19.07.1972;123
20.07.1972;122
21.07.1972;120
22.07.1972;119
23.07.1972;119
24.07.1972;120
25.07.1972;120
26.07.1972;120
27.07.1972;119
28.07.1972;118
29.07.1972;120
30.07.1972;123
31.07.1972;125
01.08.1972;130
02.08.1972;130
03.08.1972;132
04.08.1972;132
05.08.1972;130
06.08.1972;129
07.08.1972;126
08.08.1972;122
09.08.1972;122
10.08.1972;123
11.08.1972;126
12.08.1972;127
13.08.1972;128
14.08.1972;128
15.08.1972;129
16.08.1972;130
17.08.1972;132
18.08.1972;134
19.08.1972;135
20.08.1972;135
21.08.1972;135
22.08.1972;135
23.08.1972;136
24.08.1972;136
25.08.1972;135
26.08.1972;134
27.08.1972;133
28.08.1972;132
29.08.1972;130
30.08.1972;128
31.08.1972;126
01.09.1972;127
02.09.1972;122
03.09.1972;121
04.09.1972;120
05.09.1972;119
06.09.1972;120
07.09.1972;121
08.09.1972;122
09.09.1972;122
10.09.1972;126
11.09.1972;128
12.09.1972;128
13.09.1972;128
14.09.1972;129
15.09.1972;129
16.09.1972;130
17.09.1972;130
18.09.1972;130
19.09.1972;129
20.09.1972;128
21.09.1972;128
22.09.1972;129
23.09.1972;129
24.09.1972;130
25.09.1972;130
26.09.1972;129
27.09.1972;130
28.09.1972;130
29.09.1972;130
30.09.1972;130
01.10.1972;132
02.10.1972;129
03.10.1972;127
04.10.1972;127
05.10.1972;127
06.10.1972;128
07.10.1972;128
08.10.1972;128
09.10.1972;128
10.10.1972;128
11.10.1972;128
12.10.1972;128
13.10.1972;128
14.10.1972;129
15.10.1972;130
16.10.1972;131
17.10.1972;132
18.10.1972;132
19.10.1972;132
20.10.1972;133
21.10.1972;133
22.10.1972;134
23.10.1972;136
24.10.1972;138
25.10.1972;139
26.10.1972;140
27.10.1972;140
28.10.1972;141
29.10.1972;141
30.10.1972;141
31.10.1972;142
01.11.1972;146
02.11.1972;143
03.11.1972;143
04.11.1972;143
05.11.1972;144
06.11.1972;145
07.11.1972;144
08.11.1972;144
09.11.1972;143
10.11.1972;144
11.11.1972;145
12.11.1972;148
13.11.1972;151
14.11.1972;150
15.11.1972;149
16.11.1972;149
17.11.1972;149
18.11.1972;148
19.11.1972;147
20.11.1972;146
21.11.1972;147
22.11.1972;148
23.11.1972;147
24.11.1972;146
25.11.1972;145
26.11.1972;144
27.11.1972;144
28.11.1972;145
29.11.1972;146
30.11.1972;146
01.12.1972;136
02.12.1972;147
03.12.1972;146
04.12.1972;144
05.12.1972;143
06.12.1972;142
07.12.1972;141
08.12.1972;139
09.12.1972;137
10.12.1972;138
11.12.1972;138
12.12.1972;137
13.12.1972;137
14.12.1972;136
15.12.1972;135
16.12.1972;134
17.12.1972;134
18.12.1972;133
19.12.1972;132
20.12.1972;131
21.12.1972;131
22.12.1972;131
23.12.1972;131
24.12.1972;132
25.12.1972;132
26.12.1972;131
27.12.1972;131
28.12.1972;131
29.12.1972;131
30.12.1972;133
31.12.1972;136
01.01.1973;139
02.01.1973;139
03.01.1973;139
04.01.1973;139
05.01.1973;139
06.01.1973;139
07.01.1973;141
08.01.1973;141
09.01.1973;140
10.01.1973;140
11.01.1973;139
12.01.1973;138
13.01.1973;138
14.01.1973;138
15.01.1973;139
16.01.1973;138
17.01.1973;135
18.01.1973;133
19.01.1973;131
20.01.1973;131
21.01.1973;132
22.01.1973;134
23.01.1973;135
24.01.1973;137
25.01.1973;139
26.01.1973;140
27.01.1973;143
28.01.1973;146
29.01.1973;148
30.01.1973;148
31.01.1973;148
01.02.1973;154
02.02.1973;147
03.02.1973;148
04.02.1973;148
05.02.1973;149
06.02.1973;151
07.02.1973;153
08.02.1973;156
09.02.1973;157
10.02.1973;158
11.02.1973;158
12.02.1973;159
13.02.1973;159
14.02.1973;158
15.02.1973;157
16.02.1973;157
17.02.1973;157
18.02.1973;157
19.02.1973;156
20.02.1973;155
21.02.1973;155
22.02.1973;156
23.02.1973;156
24.02.1973;155
25.02.1973;154
26.02.1973;153
27.02.1973;153
28.02.1973;153
01.03.1973;149
02.03.1973;152
03.03.1973;151
04.03.1973;150
05.03.1973;150
06.03.1973;151
07.03.1973;151
08.03.1973;151
09.03.1973;150
10.03.1973;150
11.03.1973;151
12.03.1973;150
13.03.1973;150
14.03.1973;150
15.03.1973;149
16.03.1973;149
17.03.1973;150
18.03.1973;150
19.03.1973;151
20.03.1973;151
21.03.1973;151
22.03.1973;150
23.03.1973;150
24.03.1973;151
25.03.1973;151
26.03.1973;150
27.03.1973;148
28.03.1973;146
29.03.1973;142
30.03.1973;139
31.03.1973;138
01.04.1973;156
02.04.1973;141
03.04.1973;143
04.04.1973;143
05.04.1973;144
06.04.1973;146
07.04.1973;149
08.04.1973;150
09.04.1973;149
10.04.1973;150
11.04.1973;152
12.04.1973;153
13.04.1973;153
14.04.1973;154
15.04.1973;154
16.04.1973;155
17.04.1973;156
18.04.1973;159
19.04.1973;162
20.04.1973;165
21.04.1973;166
22.04.1973;168
23.04.1973;167
24.04.1973;165
25.04.1973;166
26.04.1973;166
27.04.1973;166
28.04.1973;166
29.04.1973;165
30.04.1973;164
01.05.1973;148
02.05.1973;161
03.05.1973;160
04.05.1973;159
05.05.1973;158
06.05.1973;157
07.05.1973;155
08.05.1973;154
09.05.1973;154
10.05.1973;154
11.05.1973;154
12.05.1973;153
13.05.1973;152
14.05.1973;151
15.05.1973;149
16.05.1973;146
17.05.1973;143
18.05.1973;141
19.05.1973;138
20.05.1973;136
21.05.1973;136
22.05.1973;136
23.05.1973;137
24.05.1973;139
25.05.1973;141
26.05.1973;143
27.05.1973;144
28.05.1973;144
29.05.1973;144
30.05.1973;144
31.05.1973;143
01.06.1973;130
02.06.1973;141
03.06.1973;139
04.06.1973;135
05.06.1973;132
06.06.1973;131
07.06.1973;130
08.06.1973;130
09.06.1973;130
10.06.1973;131
11.06.1973;132
12.06.1973;132
13.06.1973;132
14.06.1973;131
15.06.1973;130
16.06.1973;130
17.06.1973;130
18.06.1973;130
19.06.1973;129
20.06.1973;129
21.06.1973;129
22.06.1973;128
23.06.1973;127
24.06.1973;127
25.06.1973;126
26.06.1973;125
27.06.1973;125
28.06.1973;124
29.06.1973;124
30.06.1973;121
01.07.1973;128
02.07.1973;120
03.07.1973;120
04.07.1973;121
05.07.1973;121
06.07.1973;123
07.07.1973;124
08.07.1973;125
09.07.1973;124
10.07.1973;124
11.07.1973;124
12.07.1973;124
13.07.1973;125
14.07.1973;124
15.07.1973;127
16.07.1973;130
17.07.1973;129
18.07.1973;129
19.07.1973;129
20.07.1973;129
21.07.1973;129
22.07.1973;128
23.07.1973;128
24.07.1973;129
25.07.1973;132
26.07.1973;135
27.07.1973;140
28.07.1973;143
29.07.1973;143
30.07.1973;142
31.07.1973;138
01.08.1973;124
02.08.1973;134
03.08.1973;133
04.08.1973;132
05.08.1973;132
06.08.1973;131
07.08.1973;130
08.08.1973;128
09.08.1973;126
10.08.1973;126
11.08.1973;125
12.08.1973;124
13.08.1973;122
14.08.1973;120
15.08.1973;119
16.08.1973;118
17.08.1973;118
18.08.1973;117
19.08.1973;118
20.08.1973;119
21.08.1973;119
22.08.1973;119
23.08.1973;119
24.08.1973;119
25.08.1973;120
26.08.1973;121
27.08.1973;122
28.08.1973;123
29.08.1973;123
30.08.1973;123
31.08.1973;123
01.09.1973;124
02.09.1973;122
03.09.1973;121
04.09.1973;121
05.09.1973;122
06.09.1973;121
07.09.1973;122
08.09.1973;123
09.09.1973;124
10.09.1973;124
11.09.1973;124
12.09.1973;124
13.09.1973;123
14.09.1973;123
15.09.1973;122
16.09.1973;122
17.09.1973;121
18.09.1973;120
19.09.1973;124
20.09.1973;127
21.09.1973;127
22.09.1973;127
23.09.1973;127
24.09.1973;127
25.09.1973;128
26.09.1973;128
27.09.1973;128
28.09.1973;128
29.09.1973;128
30.09.1973;129
01.10.1973;135
02.10.1973;129
03.10.1973;128
04.10.1973;127
05.10.1973;126
06.10.1973;126
07.10.1973;127
08.10.1973;128
09.10.1973;129
10.10.1973;128
11.10.1973;128
12.10.1973;128
13.10.1973;127
14.10.1973;127
15.10.1973;129
16.10.1973;131
17.10.1973;134
18.10.1973;139
19.10.1973;142
20.10.1973;145
21.10.1973;146
22.10.1973;148
23.10.1973;148
24.10.1973;147
25.10.1973;145
26.10.1973;143
27.10.1973;141
28.10.1973;140
29.10.1973;139
30.10.1973;140
31.10.1973;140
01.11.1973;148
02.11.1973;142
03.11.1973;142
04.11.1973;144
05.11.1973;145
06.11.1973;145
07.11.1973;146
08.11.1973;144
09.11.1973;143
10.11.1973;143
11.11.1973;144
12.11.1973;145
13.11.1973;149
14.11.1973;150
15.11.1973;149
16.11.1973;151
17.11.1973;151
18.11.1973;151
19.11.1973;152
20.11.1973;154
21.11.1973;151
22.11.1973;149
23.11.1973;149
24.11.1973;150
25.11.1973;152
26.11.1973;150
27.11.1973;149
28.11.1973;149
29.11.1973;149
30.11.1973;151
01.12.1973;167
02.12.1973;150
03.12.1973;152
04.12.1973;155
05.12.1973;157
06.12.1973;159
07.12.1973;167
08.12.1973;167
09.12.1973;169
10.12.1973;168
11.12.1973;166
12.12.1973;167
13.12.1973;169
14.12.1973;172
15.12.1973;174
16.12.1973;176
17.12.1973;180
18.12.1973;181
19.12.1973;180
20.12.1973;178
21.12.1973;176
22.12.1973;174
23.12.1973;172
24.12.1973;169
25.12.1973;166
26.12.1973;165
27.12.1973;163
28.12.1973;162
29.12.1973;161
30.12.1973;161
31.12.1973;161
01.01.1974;160
02.01.1974;159
03.01.1974;160
04.01.1974;159
05.01.1974;158
06.01.1974;156
07.01.1974;154
08.01.1974;154
09.01.1974;153
10.01.1974;152
11.01.1974;152
12.01.1974;154
13.01.1974;153
14.01.1974;152
15.01.1974;154
16.01.1974;156
17.01.1974;160
18.01.1974;162
19.01.1974;166
20.01.1974;169
21.01.1974;170
22.01.1974;171
23.01.1974;171
24.01.1974;172
25.01.1974;173
26.01.1974;173
27.01.1974;173
28.01.1974;173
29.01.1974;171
30.01.1974;171
31.01.1974;169
01.02.1974;163
02.02.1974;165
03.02.1974;163
04.02.1974;162
05.02.1974;160
06.02.1974;160
07.02.1974;163
08.02.1974;165
09.02.1974;167
10.02.1974;170
11.02.1974;171
12.02.1974;172
13.02.1974;172
14.02.1974;170
15.02.1974;169
16.02.1974;166
17.02.1974;165
18.02.1974;163
19.02.1974;159
20.02.1974;157
21.02.1974;156
22.02.1974;156
23.02.1974;158
24.02.1974;160
25.02.1974;159
26.02.1974;160
27.02.1974;161
28.02.1974;160
01.03.1974;151
02.03.1974;161
03.03.1974;161
04.03.1974;160
05.03.1974;159
06.03.1974;160
07.03.1974;160
08.03.1974;159
09.03.1974;158
10.03.1974;157
11.03.1974;154
12.03.1974;152
13.03.1974;151
14.03.1974;150
15.03.1974;147
16.03.1974;144
17.03.1974;145
18.03.1974;145
19.03.1974;146
20.03.1974;145
21.03.1974;147
22.03.1974;149
23.03.1974;150
24.03.1974;150
25.03.1974;151
26.03.1974;150
27.03.1974;148
28.03.1974;146
29.03.1974;144
30.03.1974;142
31.03.1974;141
01.04.1974;132
02.04.1974;140
03.04.1974;140
04.04.1974;139
05.04.1974;138
06.04.1974;138
07.04.1974;138
08.04.1974;136
09.04.1974;135
10.04.1974;134
11.04.1974;132
12.04.1974;130
13.04.1974;127
14.04.1974;127
15.04.1974;127
16.04.1974;127
17.04.1974;126
18.04.1974;128
19.04.1974;128
20.04.1974;130
21.04.1974;132
22.04.1974;134
23.04.1974;134
24.04.1974;133
25.04.1974;132
26.04.1974;130
27.04.1974;129
28.04.1974;129
29.04.1974;129
30.04.1974;130
01.05.1974;137
02.05.1974;132
03.05.1974;132
04.05.1974;131
05.05.1974;131
06.05.1974;132
07.05.1974;134
08.05.1974;135
09.05.1974;135
10.05.1974;135
11.05.1974;135
12.05.1974;135
13.05.1974;135
14.05.1974;135
15.05.1974;136
16.05.1974;134
17.05.1974;133
18.05.1974;133
19.05.1974;133
20.05.1974;134
21.05.1974;135
22.05.1974;136
23.05.1974;139
24.05.1974;140
25.05.1974;141
26.05.1974;145
27.05.1974;146
28.05.1974;147
29.05.1974;148
30.05.1974;148
31.05.1974;147
01.06.1974;139
02.06.1974;144
03.06.1974;142
04.06.1974;140
05.06.1974;138
06.06.1974;135
07.06.1974;136
08.06.1974;134
09.06.1974;137
10.06.1974;139
11.06.1974;140
12.06.1974;141
13.06.1974;140
14.06.1974;140
15.06.1974;140
16.06.1974;141
17.06.1974;140
18.06.1974;139
19.06.1974;137
20.06.1974;135
21.06.1974;133
22.06.1974;135
23.06.1974;137
24.06.1974;138
25.06.1974;140
26.06.1974;141
27.06.1974;141
28.06.1974;141
29.06.1974;140
30.06.1974;140
01.07.1974;140
02.07.1974;142
03.07.1974;139
04.07.1974;141
05.07.1974;142
06.07.1974;143
07.07.1974;145
08.07.1974;147
09.07.1974;148
10.07.1974;149
11.07.1974;149
12.07.1974;149
13.07.1974;148
14.07.1974;148
15.07.1974;147
16.07.1974;144
17.07.1974;140
18.07.1974;136
19.07.1974;133
20.07.1974;131
21.07.1974;130
22.07.1974;129
23.07.1974;129
24.07.1974;130
25.07.1974;134
26.07.1974;137
27.07.1974;137
28.07.1974;138
29.07.1974;138
30.07.1974;137
31.07.1974;137
01.08.1974;133
02.08.1974;133
03.08.1974;131
04.08.1974;130
05.08.1974;132
06.08.1974;130
07.08.1974;130
08.08.1974;130
09.08.1974;131
10.08.1974;131
11.08.1974;132
12.08.1974;133
13.08.1974;133
14.08.1974;133
15.08.1974;133
16.08.1974;132
17.08.1974;131
18.08.1974;131
19.08.1974;130
20.08.1974;130
21.08.1974;133
22.08.1974;133
23.08.1974;134
24.08.1974;135
25.08.1974;136
26.08.1974;136
27.08.1974;137
28.08.1974;138
29.08.1974;137
30.08.1974;136
31.08.1974;136
01.09.1974;131
02.09.1974;135
03.09.1974;134
04.09.1974;134
05.09.1974;132
06.09.1974;130
07.09.1974;128
08.09.1974;128
09.09.1974;127
10.09.1974;129
11.09.1974;128
12.09.1974;128
13.09.1974;128
14.09.1974;128
15.09.1974;127
16.09.1974;127
17.09.1974;129
18.09.1974;131
19.09.1974;132
20.09.1974;132
21.09.1974;132
22.09.1974;133
23.09.1974;133
24.09.1974;133
25.09.1974;133
26.09.1974;131
27.09.1974;131
28.09.1974;131
29.09.1974;133
30.09.1974;134
01.10.1974;151
02.10.1974;134
03.10.1974;133
04.10.1974;134
05.10.1974;134
06.10.1974;133
07.10.1974;133
08.10.1974;133
09.10.1974;135
10.10.1974;138
11.10.1974;139
12.10.1974;139
13.10.1974;140
14.10.1974;141
15.10.1974;140
16.10.1974;143
17.10.1974;147
18.10.1974;147
19.10.1974;148
20.10.1974;150
21.10.1974;152
22.10.1974;157
23.10.1974;162
24.10.1974;166
25.10.1974;170
26.10.1974;174
27.10.1974;176
28.10.1974;180
29.10.1974;182
30.10.1974;186
31.10.1974;189
01.11.1974;191
02.11.1974;202
03.11.1974;203
04.11.1974;204
05.11.1974;205
06.11.1974;204
07.11.1974;203
08.11.1974;201
09.11.1974;201
10.11.1974;201
11.11.1974;200
12.11.1974;198
13.11.1974;197
14.11.1974;196
15.11.1974;194
16.11.1974;191
17.11.1974;190
18.11.1974;189
19.11.1974;186
20.11.1974;183
21.11.1974;182
22.11.1974;180
23.11.1974;178
24.11.1974;177
25.11.1974;177
26.11.1974;177
27.11.1974;176
28.11.1974;176
29.11.1974;177
30.11.1974;177
01.12.1974;206
02.12.1974;177
03.12.1974;176
04.12.1974;175
05.12.1974;177
06.12.1974;178
07.12.1974;181
08.12.1974;186
09.12.1974;190
10.12.1974;194
11.12.1974;197
12.12.1974;202
13.12.1974;207
14.12.1974;207
15.12.1974;211
16.12.1974;212
17.12.1974;215
18.12.1974;219
19.12.1974;220
20.12.1974;221
21.12.1974;222
22.12.1974;220
23.12.1974;218
24.12.1974;216
25.12.1974;216
26.12.1974;220
27.12.1974;223
28.12.1974;226
29.12.1974;230
30.12.1974;235
31.12.1974;236
01.01.1975;244
02.01.1975;239
03.01.1975;241
04.01.1975;245
05.01.1975;247
06.01.1975;250
07.01.1975;254
08.01.1975;254
09.01.1975;254
10.01.1975;254
11.01.1975;253
12.01.1975;253
13.01.1975;251
14.01.1975;249
15.01.1975;249
16.01.1975;246
17.01.1975;246
18.01.1975;245
19.01.1975;243
20.01.1975;242
21.01.1975;240
22.01.1975;239
23.01.1975;240
24.01.1975;240
25.01.1975;239
26.01.1975;238
27.01.1975;236
28.01.1975;234
29.01.1975;234
30.01.1975;232
31.01.1975;230
01.02.1975;193
02.02.1975;228
03.02.1975;225
04.02.1975;222
05.02.1975;219
06.02.1975;215
07.02.1975;213
08.02.1975;208
09.02.1975;202
10.02.1975;200
11.02.1975;198
12.02.1975;197
13.02.1975;195
14.02.1975;195
15.02.1975;193
16.02.1975;190
17.02.1975;187
18.02.1975;184
19.02.1975;182
20.02.1975;180
21.02.1975;176
22.02.1975;173
23.02.1975;170
24.02.1975;166
25.02.1975;165
26.02.1975;162
27.02.1975;161
28.02.1975;161
01.03.1975;154
02.03.1975;159
03.03.1975;159
04.03.1975;158
05.03.1975;158
06.03.1975;157
07.03.1975;155
08.03.1975;155
09.03.1975;153
10.03.1975;153
11.03.1975;154
12.03.1975;155
13.03.1975;157
14.03.1975;157
15.03.1975;159
16.03.1975;159
17.03.1975;158
18.03.1975;156
19.03.1975;154
20.03.1975;150
21.03.1975;149
22.03.1975;146
23.03.1975;145
24.03.1975;145
25.03.1975;145
26.03.1975;145
27.03.1975;148
28.03.1975;151
29.03.1975;156
30.03.1975;156
31.03.1975;157
01.04.1975;163
02.04.1975;157
03.04.1975;157
04.04.1975;156
05.04.1975;154
06.04.1975;155
07.04.1975;159
08.04.1975;159
09.04.1975;162
10.04.1975;165
11.04.1975;169
12.04.1975;169
13.04.1975;172
14.04.1975;172
15.04.1975;173
16.04.1975;173
17.04.1975;173
18.04.1975;172
19.04.1975;171
20.04.1975;169
21.04.1975;168
22.04.1975;168
23.04.1975;165
24.04.1975;164
25.04.1975;162
26.04.1975;160
27.04.1975;158
28.04.1975;157
29.04.1975;155
30.04.1975;154
01.05.1975;141
02.05.1975;152
03.05.1975;152
04.05.1975;151
05.05.1975;149
06.05.1975;147
07.05.1975;145
08.05.1975;144
09.05.1975;144
10.05.1975;143
11.05.1975;142
12.05.1975;144
13.05.1975;144
14.05.1975;144
15.05.1975;143
16.05.1975;143
17.05.1975;142
18.05.1975;141
19.05.1975;141
20.05.1975;140
21.05.1975;139
22.05.1975;139
23.05.1975;137
24.05.1975;135
25.05.1975;134
26.05.1975;134
27.05.1975;132
28.05.1975;130
29.05.1975;129
30.05.1975;128
31.05.1975;128
01.06.1975;130
02.06.1975;129
03.06.1975;130
04.06.1975;131
05.06.1975;131
06.06.1975;131
07.06.1975;131
08.06.1975;131
09.06.1975;130
10.06.1975;130
11.06.1975;130
12.06.1975;130
13.06.1975;130
14.06.1975;129
15.06.1975;129
16.06.1975;130
17.06.1975;130
18.06.1975;128
19.06.1975;127
20.06.1975;127
21.06.1975;128
22.06.1975;131
23.06.1975;132
24.06.1975;132
25.06.1975;132
26.06.1975;131
27.06.1975;131
28.06.1975;129
29.06.1975;129
30.06.1975;130
01.07.1975;130
02.07.1975;127
03.07.1975;126
04.07.1975;126
05.07.1975;126
06.07.1975;126
07.07.1975;126
08.07.1975;125
09.07.1975;125
10.07.1975;125
11.07.1975;126
12.07.1975;127
13.07.1975;127
14.07.1975;128
15.07.1975;127
16.07.1975;127
17.07.1975;126
18.07.1975;126
19.07.1975;129
20.07.1975;132
21.07.1975;137
22.07.1975;139
23.07.1975;141
24.07.1975;140
25.07.1975;138
26.07.1975;136
27.07.1975;134
28.07.1975;132
29.07.1975;129
30.07.1975;126
31.07.1975;126
01.08.1975;125
02.08.1975;125
03.08.1975;126
04.08.1975;126
05.08.1975;125
06.08.1975;124
07.08.1975;123
08.08.1975;122
09.08.1975;121
10.08.1975;121
11.08.1975;121
12.08.1975;120
13.08.1975;119
14.08.1975;118
15.08.1975;118
16.08.1975;120
17.08.1975;121
18.08.1975;122
19.08.1975;122
20.08.1975;122
21.08.1975;122
22.08.1975;123
23.08.1975;133
24.08.1975;136
25.08.1975;137
26.08.1975;138
27.08.1975;137
28.08.1975;134
29.08.1975;130
30.08.1975;128
31.08.1975;127
01.09.1975;133
02.09.1975;126
03.09.1975;126
04.09.1975;127
05.09.1975;126
06.09.1975;127
07.09.1975;129
08.09.1975;129
09.09.1975;129
10.09.1975;130
11.09.1975;130
12.09.1975;134
13.09.1975;136
14.09.1975;138
15.09.1975;140
16.09.1975;141
17.09.1975;141
18.09.1975;141
19.09.1975;140
20.09.1975;140
21.09.1975;140
22.09.1975;138
23.09.1975;135
24.09.1975;133
25.09.1975;132
26.09.1975;130
27.09.1975;128
28.09.1975;129
29.09.1975;130
30.09.1975;130
01.10.1975;135
02.10.1975;130
03.10.1975;131
04.10.1975;133
05.10.1975;132
06.10.1975;134
07.10.1975;136
08.10.1975;137
09.10.1975;136
10.10.1975;135
11.10.1975;134
12.10.1975;133
13.10.1975;130
14.10.1975;130
15.10.1975;130
16.10.1975;129
17.10.1975;130
18.10.1975;131
19.10.1975;131
20.10.1975;132
21.10.1975;134
22.10.1975;137
23.10.1975;139
24.10.1975;140
25.10.1975;141
26.10.1975;142
27.10.1975;143
28.10.1975;142
29.10.1975;142
30.10.1975;141
31.10.1975;139
01.11.1975;139
02.11.1975;139
03.11.1975;138
04.11.1975;136
05.11.1975;135
06.11.1975;135
07.11.1975;135
08.11.1975;135
09.11.1975;135
10.11.1975;135
11.11.1975;136
12.11.1975;135
13.11.1975;133
14.11.1975;132
15.11.1975;132
16.11.1975;133
17.11.1975;134
18.11.1975;136
19.11.1975;137
20.11.1975;143
21.11.1975;145
22.11.1975;147
23.11.1975;147
24.11.1975;146
25.11.1975;146
26.11.1975;145
27.11.1975;144
28.11.1975;145
29.11.1975;147
30.11.1975;148
01.12.1975;153
02.12.1975;149
03.12.1975;150
04.12.1975;151
05.12.1975;153
06.12.1975;156
07.12.1975;155
08.12.1975;157
09.12.1975;157
10.12.1975;158
11.12.1975;157
12.12.1975;155
13.12.1975;154
14.12.1975;152
15.12.1975;151
16.12.1975;150
17.12.1975;148
18.12.1975;147
19.12.1975;148
20.12.1975;149
21.12.1975;149
22.12.1975;150
23.12.1975;149
24.12.1975;150
25.12.1975;152
26.12.1975;154
27.12.1975;157
28.12.1975;156
29.12.1975;156
30.12.1975;155
31.12.1975;154
01.01.1976;186
02.01.1976;155
03.01.1976;164
04.01.1976;167
05.01.1976;168
06.01.1976;172
07.01.1976;171
08.01.1976;172
09.01.1976;173
10.01.1976;172
11.01.1976;176
12.01.1976;178
13.01.1976;180
14.01.1976;184
15.01.1976;188
16.01.1976;187
17.01.1976;190
18.01.1976;194
19.01.1976;193
20.01.1976;193
21.01.1976;195
22.01.1976;198
23.01.1976;201
24.01.1976;205
25.01.1976;209
26.01.1976;209
27.01.1976;208
28.01.1976;206
29.01.1976;206
30.01.1976;204
31.01.1976;200
01.02.1976;177
02.02.1976;196
03.02.1976;196
04.02.1976;195
05.02.1976;196
06.02.1976;196
07.02.1976;196
08.02.1976;195
09.02.1976;194
10.02.1976;194
11.02.1976;193
12.02.1976;190
13.02.1976;187
14.02.1976;183
15.02.1976;180
16.02.1976;177
17.02.1976;174
18.02.1976;166
19.02.1976;161
20.02.1976;159
21.02.1976;158
22.02.1976;157
23.02.1976;156
24.02.1976;155
25.02.1976;155
26.02.1976;156
27.02.1976;158
28.02.1976;158
29.02.1976;158
01.03.1976;153
02.03.1976;164
03.03.1976;162
04.03.1976;161
05.03.1976;159
06.03.1976;156
07.03.1976;155
08.03.1976;154
09.03.1976;154
10.03.1976;153
11.03.1976;152
12.03.1976;152
13.03.1976;152
14.03.1976;154
15.03.1976;154
16.03.1976;154
17.03.1976;153
18.03.1976;153
19.03.1976;152
20.03.1976;150
21.03.1976;149
22.03.1976;148
23.03.1976;146
24.03.1976;145
25.03.1976;145
26.03.1976;147
27.03.1976;148
28.03.1976;150
29.03.1976;150
30.03.1976;152
31.03.1976;152
01.04.1976;141
02.04.1976;152
03.04.1976;153
04.04.1976;152
05.04.1976;151
06.04.1976;151
07.04.1976;150
08.04.1976;149
09.04.1976;148
10.04.1976;147
11.04.1976;146
12.04.1976;146
13.04.1976;145
14.04.1976;144
15.04.1976;142
16.04.1976;141
17.04.1976;139
18.04.1976;138
19.04.1976;136
20.04.1976;133
21.04.1976;132
22.04.1976;132
23.04.1976;131
24.04.1976;130
25.04.1976;130
26.04.1976;131
27.04.1976;132
28.04.1976;132
29.04.1976;131
30.04.1976;133
01.05.1976;131
02.05.1976;135
03.05.1976;137
04.05.1976;140
05.05.1976;140
06.05.1976;139
07.05.1976;138
08.05.1976;137
09.05.1976;136
10.05.1976;134
11.05.1976;132
12.05.1976;131
13.05.1976;129
14.05.1976;126
15.05.1976;124
16.05.1976;124
17.05.1976;123
18.05.1976;122
19.05.1976;121
20.05.1976;122
21.05.1976;124
22.05.1976;126
23.05.1976;127
24.05.1976;129
25.05.1976;130
26.05.1976;131
27.05.1976;132
28.05.1976;132
29.05.1976;131
30.05.1976;133
31.05.1976;135
01.06.1976;129
02.06.1976;134
03.06.1976;133
04.06.1976;132
05.06.1976;131
06.06.1976;131
07.06.1976;130
08.06.1976;130
09.06.1976;129
10.06.1976;128
11.06.1976;128
12.06.1976;128
13.06.1976;130
14.06.1976;130
15.06.1976;130
16.06.1976;131
17.06.1976;131
18.06.1976;131
19.06.1976;132
20.06.1976;133
21.06.1976;134
22.06.1976;132
23.06.1976;130
24.06.1976;128
25.06.1976;125
26.06.1976;123
27.06.1976;122
28.06.1976;122
29.06.1976;120
30.06.1976;119
01.07.1976;114
02.07.1976;115
03.07.1976;115
04.07.1976;115
05.07.1976;114
06.07.1976;113
07.07.1976;112
08.07.1976;111
09.07.1976;111
10.07.1976;111
11.07.1976;111
12.07.1976;112
13.07.1976;111
14.07.1976;111
15.07.1976;111
16.07.1976;111
17.07.1976;111
18.07.1976;112
19.07.1976;112
20.07.1976;113
21.07.1976;113
22.07.1976;115
23.07.1976;115
24.07.1976;116
25.07.1976;116
26.07.1976;117
27.07.1976;118
28.07.1976;119
29.07.1976;118
30.07.1976;117
31.07.1976;117
01.08.1976;117
02.08.1976;118
03.08.1976;119
04.08.1976;120
05.08.1976;120
06.08.1976;119
07.08.1976;119
08.08.1976;119
09.08.1976;119
10.08.1976;119
11.08.1976;118
12.08.1976;117
13.08.1976;116
14.08.1976;116
15.08.1976;117
16.08.1976;117
17.08.1976;116
18.08.1976;116
19.08.1976;116
20.08.1976;117
21.08.1976;116
22.08.1976;116
23.08.1976;116
24.08.1976;116
25.08.1976;115
26.08.1976;115
27.08.1976;115
28.08.1976;115
29.08.1976;115
30.08.1976;116
31.08.1976;116
01.09.1976;119
02.09.1976;114
03.09.1976;114
04.09.1976;114
05.09.1976;114
06.09.1976;114
07.09.1976;114
08.09.1976;113
09.09.1976;113
10.09.1976;115
11.09.1976;114
12.09.1976;114
13.09.1976;115
14.09.1976;115
15.09.1976;115
16.09.1976;116
17.09.1976;117
18.09.1976;118
19.09.1976;118
20.09.1976;120
21.09.1976;120
22.09.1976;120
23.09.1976;120
24.09.1976;122
25.09.1976;124
26.09.1976;125
27.09.1976;128
28.09.1976;131
29.09.1976;133
30.09.1976;134
01.10.1976;125
02.10.1976;130
03.10.1976;127
04.10.1976;125
05.10.1976;124
06.10.1976;123
07.10.1976;122
08.10.1976;123
09.10.1976;122
10.10.1976;124
11.10.1976;125
12.10.1976;126
13.10.1976;126
14.10.1976;126
15.10.1976;125
16.10.1976;124
17.10.1976;124
18.10.1976;124
19.10.1976;124
20.10.1976;124
21.10.1976;123
22.10.1976;122
23.10.1976;123
24.10.1976;123
25.10.1976;125
26.10.1976;125
27.10.1976;124
28.10.1976;124
29.10.1976;124
30.10.1976;126
31.10.1976;126
01.11.1976;134
02.11.1976;126
03.11.1976;125
04.11.1976;124
05.11.1976;124
06.11.1976;123
07.11.1976;124
08.11.1976;128
09.11.1976;130
10.11.1976;131
11.11.1976;134
12.11.1976;135
13.11.1976;137
14.11.1976;139
15.11.1976;141
16.11.1976;142
17.11.1976;142
18.11.1976;140
19.11.1976;139
20.11.1976;137
21.11.1976;135
22.11.1976;135
23.11.1976;135
24.11.1976;135
25.11.1976;135
26.11.1976;138
27.11.1976;139
28.11.1976;140
29.11.1976;139
30.11.1976;139
01.12.1976;139
02.12.1976;139
03.12.1976;138
04.12.1976;137
05.12.1976;135
06.12.1976;134
07.12.1976;134
08.12.1976;134
09.12.1976;138
10.12.1976;138
11.12.1976;137
12.12.1976;138
13.12.1976;139
14.12.1976;140
15.12.1976;141
16.12.1976;141
17.12.1976;141
18.12.1976;141
19.12.1976;142
20.12.1976;142
21.12.1976;142
22.12.1976;143
23.12.1976;141
24.12.1976;140
25.12.1976;139
26.12.1976;140
27.12.1976;139
28.12.1976;140
29.12.1976;139
30.12.1976;139
31.12.1976;138
01.01.1977;144
02.01.1977;139
03.01.1977;140
04.01.1977;139
05.01.1977;139
06.01.1977;139
07.01.1977;139
08.01.1977;140
09.01.1977;140
10.01.1977;141
11.01.1977;143
12.01.1977;146
13.01.1977;147
14.01.1977;147
15.01.1977;148
16.01.1977;148
17.01.1977;149
18.01.1977;148
19.01.1977;148
20.01.1977;147
21.01.1977;146
22.01.1977;146
23.01.1977;147
24.01.1977;147
25.01.1977;147
26.01.1977;148
27.01.1977;147
28.01.1977;147
29.01.1977;146
30.01.1977;145
31.01.1977;146
01.02.1977;150
02.02.1977;143
03.02.1977;141
04.02.1977;141
05.02.1977;139
06.02.1977;140
07.02.1977;141
08.02.1977;146
09.02.1977;147
10.02.1977;150
11.02.1977;154
12.02.1977;154
13.02.1977;155
14.02.1977;155
15.02.1977;155
16.02.1977;153
17.02.1977;151
18.02.1977;150
19.02.1977;150
20.02.1977;151
21.02.1977;153
22.02.1977;155
23.02.1977;155
24.02.1977;155
25.02.1977;156
26.02.1977;156
27.02.1977;157
28.02.1977;157
01.03.1977;152
02.03.1977;153
03.03.1977;154
04.03.1977;156
05.03.1977;157
06.03.1977;155
07.03.1977;153
08.03.1977;152
09.03.1977;151
10.03.1977;150
11.03.1977;150
12.03.1977;149
13.03.1977;149
14.03.1977;150
15.03.1977;150
16.03.1977;149
17.03.1977;149
18.03.1977;149
19.03.1977;150
20.03.1977;153
21.03.1977;154
22.03.1977;154
23.03.1977;152
24.03.1977;149
25.03.1977;148
26.03.1977;149
27.03.1977;150
28.03.1977;152
29.03.1977;153
30.03.1977;153
31.03.1977;152
01.04.1977;154
02.04.1977;153
03.04.1977;151
04.04.1977;154
05.04.1977;154
06.04.1977;156
07.04.1977;158
08.04.1977;158
09.04.1977;156
10.04.1977;156
11.04.1977;156
12.04.1977;153
13.04.1977;153
14.04.1977;152
15.04.1977;152
16.04.1977;152
17.04.1977;152
18.04.1977;152
19.04.1977;151
20.04.1977;150
21.04.1977;150
22.04.1977;151
23.04.1977;152
24.04.1977;155
25.04.1977;158
26.04.1977;158
27.04.1977;158
28.04.1977;157
29.04.1977;157
30.04.1977;156
01.05.1977;147
02.05.1977;157
03.05.1977;156
04.05.1977;157
05.05.1977;157
06.05.1977;159
07.05.1977;157
08.05.1977;156
09.05.1977;155
10.05.1977;153
11.05.1977;150
12.05.1977;147
13.05.1977;144
14.05.1977;142
15.05.1977;142
16.05.1977;141
17.05.1977;140
18.05.1977;139
19.05.1977;136
20.05.1977;138
21.05.1977;141
22.05.1977;142
23.05.1977;143
24.05.1977;145
25.05.1977;147
26.05.1977;147
27.05.1977;146
28.05.1977;145
29.05.1977;145
30.05.1977;142
31.05.1977;140
01.06.1977;142
02.06.1977;137
03.06.1977;135
04.06.1977;135
05.06.1977;133
06.06.1977;133
07.06.1977;132
08.06.1977;133
09.06.1977;135
10.06.1977;137
11.06.1977;140
12.06.1977;140
13.06.1977;141
14.06.1977;139
15.06.1977;141
16.06.1977;141
17.06.1977;141
18.06.1977;140
19.06.1977;146
20.06.1977;152
21.06.1977;150
22.06.1977;150
23.06.1977;149
24.06.1977;148
25.06.1977;148
26.06.1977;149
27.06.1977;149
28.06.1977;148
29.06.1977;149
30.06.1977;148
01.07.1977;137
02.07.1977;142
03.07.1977;138
04.07.1977;135
05.07.1977;133
06.07.1977;132
07.07.1977;132
08.07.1977;134
09.07.1977;135
10.07.1977;135
11.07.1977;139
12.07.1977;138
13.07.1977;137
14.07.1977;137
15.07.1977;135
16.07.1977;136
17.07.1977;136
18.07.1977;136
19.07.1977;137
20.07.1977;137
21.07.1977;136
22.07.1977;135
23.07.1977;135
24.07.1977;136
25.07.1977;136
26.07.1977;138
27.07.1977;140
28.07.1977;141
29.07.1977;140
30.07.1977;139
31.07.1977;138
01.08.1977;146
02.08.1977;136
03.08.1977;135
04.08.1977;134
05.08.1977;133
06.08.1977;134
07.08.1977;138
08.08.1977;142
09.08.1977;145
10.08.1977;149
11.08.1977;152
12.08.1977;154
13.08.1977;155
14.08.1977;156
15.08.1977;155
16.08.1977;156
17.08.1977;156
18.08.1977;154
19.08.1977;153
20.08.1977;151
21.08.1977;149
22.08.1977;148
23.08.1977;147
24.08.1977;145
25.08.1977;143
26.08.1977;142
27.08.1977;141
28.08.1977;142
29.08.1977;142
30.08.1977;142
31.08.1977;142
01.09.1977;145
02.09.1977;154
03.09.1977;153
04.09.1977;153
05.09.1977;154
06.09.1977;153
07.09.1977;154
08.09.1977;152
09.09.1977;152
10.09.1977;152
11.09.1977;154
12.09.1977;155
13.09.1977;154
14.09.1977;157
15.09.1977;155
16.09.1977;151
17.09.1977;148
18.09.1977;146
19.09.1977;143
20.09.1977;141
21.09.1977;136
22.09.1977;137
23.09.1977;135
24.09.1977;133
25.09.1977;134
26.09.1977;132
27.09.1977;129
28.09.1977;129
29.09.1977;131
30.09.1977;134
01.10.1977;146
02.10.1977;141
03.10.1977;145
04.10.1977;148
05.10.1977;151
06.10.1977;152
07.10.1977;152
08.10.1977;152
09.10.1977;151
10.10.1977;152
11.10.1977;151
12.10.1977;148
13.10.1977;148
14.10.1977;147
15.10.1977;146
16.10.1977;146
17.10.1977;145
18.10.1977;144
19.10.1977;144
20.10.1977;142
21.10.1977;143
22.10.1977;143
23.10.1977;143
24.10.1977;144
25.10.1977;142
26.10.1977;143
27.10.1977;143
28.10.1977;143
29.10.1977;143
30.10.1977;143
31.10.1977;144
01.11.1977;158
02.11.1977;146
03.11.1977;148
04.11.1977;150
05.11.1977;151
06.11.1977;151
07.11.1977;151
08.11.1977;150
09.11.1977;153
10.11.1977;155
11.11.1977;155
12.11.1977;156
13.11.1977;159
14.11.1977;160
15.11.1977;165
16.11.1977;165
17.11.1977;165
18.11.1977;164
19.11.1977;165
20.11.1977;165
21.11.1977;163
22.11.1977;163
23.11.1977;163
24.11.1977;163
25.11.1977;163
26.11.1977;162
27.11.1977;161
28.11.1977;161
29.11.1977;160
30.11.1977;158
01.12.1977;153
02.12.1977;155
03.12.1977;153
04.12.1977;154
05.12.1977;153
06.12.1977;152
07.12.1977;151
08.12.1977;149
09.12.1977;148
10.12.1977;147
11.12.1977;145
12.12.1977;146
13.12.1977;148
14.12.1977;147
15.12.1977;150
16.12.1977;150
17.12.1977;151
18.12.1977;152
19.12.1977;151
20.12.1977;153
21.12.1977;153
22.12.1977;152
23.12.1977;152
24.12.1977;155
25.12.1977;158
26.12.1977;157
27.12.1977;158
28.12.1977;160
29.12.1977;160
30.12.1977;164
31.12.1977;166
01.01.1978;164
02.01.1978;166
03.01.1978;167
04.01.1978;170
05.01.1978;168
06.01.1978;169
07.01.1978;171
08.01.1978;171
09.01.1978;171
10.01.1978;172
11.01.1978;172
12.01.1978;170
13.01.1978;170
14.01.1978;168
15.01.1978;166
16.01.1978;164
17.01.1978;163
18.01.1978;161
19.01.1978;161
20.01.1978;159
21.01.1978;159
22.01.1978;158
23.01.1978;157
24.01.1978;157
25.01.1978;159
26.01.1978;160
27.01.1978;160
28.01.1978;160
29.01.1978;159
30.01.1978;158
31.01.1978;158
01.02.1978;152
02.02.1978;158
03.02.1978;159
04.02.1978;158
05.02.1978;157
06.02.1978;155
07.02.1978;151
08.02.1978;151
09.02.1978;148
10.02.1978;146
11.02.1978;147
12.02.1978;148
13.02.1978;149
14.02.1978;151
15.02.1978;152
16.02.1978;153
17.02.1978;153
18.02.1978;152
19.02.1978;153
20.02.1978;152
21.02.1978;153
22.02.1978;152
23.02.1978;151
24.02.1978;151
25.02.1978;152
26.02.1978;151
27.02.1978;151
28.02.1978;154
01.03.1978;155
02.03.1978;153
03.03.1978;154
04.03.1978;154
05.03.1978;154
06.03.1978;155
07.03.1978;155
08.03.1978;153
09.03.1978;154
10.03.1978;152
11.03.1978;152
12.03.1978;150
13.03.1978;149
14.03.1978;149
15.03.1978;150
16.03.1978;150
17.03.1978;153
18.03.1978;153
19.03.1978;154
20.03.1978;155
21.03.1978;155
22.03.1978;157
23.03.1978;158
24.03.1978;159
25.03.1978;159
26.03.1978;163
27.03.1978;163
28.03.1978;161
29.03.1978;160
30.03.1978;160
31.03.1978;160
01.04.1978;148
02.04.1978;159
03.04.1978;157
04.04.1978;155
05.04.1978;153
06.04.1978;151
07.04.1978;150
08.04.1978;148
09.04.1978;148
10.04.1978;148
11.04.1978;148
12.04.1978;149
13.04.1978;149
14.04.1978;149
15.04.1978;150
16.04.1978;151
17.04.1978;151
18.04.1978;150
19.04.1978;150
20.04.1978;149
21.04.1978;147
22.04.1978;147
23.04.1978;146
24.04.1978;145
25.04.1978;143
26.04.1978;138
27.04.1978;135
28.04.1978;135
29.04.1978;136
30.04.1978;138
01.05.1978;146
02.05.1978;137
03.05.1978;137
04.05.1978;136
05.05.1978;136
06.05.1978;137
07.05.1978;141
08.05.1978;143
09.05.1978;144
10.05.1978;144
11.05.1978;144
12.05.1978;146
13.05.1978;147
14.05.1978;149
15.05.1978;149
16.05.1978;150
17.05.1978;149
18.05.1978;152
19.05.1978;153
20.05.1978;151
21.05.1978;150
22.05.1978;150
23.05.1978;152
24.05.1978;152
25.05.1978;153
26.05.1978;153
27.05.1978;153
28.05.1978;151
29.05.1978;150
30.05.1978;147
31.05.1978;145
01.06.1978;134
02.06.1978;137
03.06.1978;135
04.06.1978;135
05.06.1978;135
06.06.1978;134
07.06.1978;134
08.06.1978;134
09.06.1978;132
10.06.1978;132
11.06.1978;132
12.06.1978;132
13.06.1978;132
14.06.1978;134
15.06.1978;136
16.06.1978;137
17.06.1978;136
18.06.1978;134
19.06.1978;134
20.06.1978;132
21.06.1978;130
22.06.1978;129
23.06.1978;130
24.06.1978;132
25.06.1978;133
26.06.1978;135
27.06.1978;137
28.06.1978;138
29.06.1978;138
30.06.1978;137
01.07.1978;134
02.07.1978;135
03.07.1978;134
04.07.1978;133
05.07.1978;131
06.07.1978;132
07.07.1978;133
08.07.1978;134
09.07.1978;137
10.07.1978;139
11.07.1978;138
12.07.1978;136
13.07.1978;135
14.07.1978;135
15.07.1978;135
16.07.1978;134
17.07.1978;134
18.07.1978;134
19.07.1978;135
20.07.1978;136
21.07.1978;139
22.07.1978;139
23.07.1978;138
24.07.1978;138
25.07.1978;136
26.07.1978;133
27.07.1978;131
28.07.1978;129
29.07.1978;129
30.07.1978;130
31.07.1978;130
01.08.1978;158
02.08.1978;129
03.08.1978;128
04.08.1978;127
05.08.1978;127
06.08.1978;127
07.08.1978;127
08.08.1978;137
09.08.1978;161
10.08.1978;169
11.08.1978;171
12.08.1978;174
13.08.1978;177
14.08.1978;179
15.08.1978;179
16.08.1978;179
17.08.1978;178
18.08.1978;177
19.08.1978;174
20.08.1978;171
21.08.1978;170
22.08.1978;169
23.08.1978;167
24.08.1978;163
25.08.1978;162
26.08.1978;160
27.08.1978;158
28.08.1978;157
29.08.1978;154
30.08.1978;153
31.08.1978;153
01.09.1978;168
02.09.1978;155
03.09.1978;155
04.09.1978;155
05.09.1978;153
06.09.1978;153
07.09.1978;154
08.09.1978;156
09.09.1978;156
10.09.1978;159
11.09.1978;167
12.09.1978;172
13.09.1978;173
14.09.1978;174
15.09.1978;176
16.09.1978;176
17.09.1978;176
18.09.1978;175
19.09.1978;174
20.09.1978;172
21.09.1978;172
22.09.1978;172
23.09.1978;173
24.09.1978;174
25.09.1978;175
26.09.1978;175
27.09.1978;175
28.09.1978;176
29.09.1978;175
30.09.1978;176
01.10.1978;181
02.10.1978;178
03.10.1978;178
04.10.1978;179
05.10.1978;181
06.10.1978;185
07.10.1978;183
08.10.1978;183
09.10.1978;184
10.10.1978;181
11.10.1978;181
12.10.1978;183
13.10.1978;178
14.10.1978;181
15.10.1978;184
16.10.1978;183
17.10.1978;184
18.10.1978;185
19.10.1978;182
20.10.1978;183
21.10.1978;182
22.10.1978;184
23.10.1978;183
24.10.1978;180
25.10.1978;180
26.10.1978;179
27.10.1978;180
28.10.1978;181
29.10.1978;181
30.10.1978;180
31.10.1978;179
01.11.1978;158
02.11.1978;177
03.11.1978;176
04.11.1978;175
05.11.1978;172
06.11.1978;172
07.11.1978;169
08.11.1978;167
09.11.1978;164
10.11.1978;163
11.11.1978;163
12.11.1978;161
13.11.1978;158
14.11.1978;156
15.11.1978;157
16.11.1978;156
17.11.1978;154
18.11.1978;150
19.11.1978;148
20.11.1978;145
21.11.1978;144
22.11.1978;146
23.11.1978;148
24.11.1978;148
25.11.1978;148
26.11.1978;148
27.11.1978;148
28.11.1978;148
29.11.1978;148
30.11.1978;149
01.12.1978;164
02.12.1978;155
03.12.1978;155
04.12.1978;156
05.12.1978;160
06.12.1978;159
07.12.1978;160
08.12.1978;159
09.12.1978;158
10.12.1978;157
11.12.1978;156
12.12.1978;157
13.12.1978;160
14.12.1978;163
15.12.1978;168
16.12.1978;171
17.12.1978;172
18.12.1978;173
19.12.1978;171
20.12.1978;168
21.12.1978;166
22.12.1978;165
23.12.1978;165
24.12.1978;163
25.12.1978;163
26.12.1978;164
27.12.1978;165
28.12.1978;168
29.12.1978;173
30.12.1978;177
31.12.1978;180
01.01.1979;196
02.01.1979;186
03.01.1979;189
04.01.1979;194
05.01.1979;193
06.01.1979;193
07.01.1979;194
08.01.1979;195
09.01.1979;196
10.01.1979;198
11.01.1979;200
12.01.1979;201
13.01.1979;201
14.01.1979;199
15.01.1979;198
16.01.1979;200
17.01.1979;201
18.01.1979;201
19.01.1979;201
20.01.1979;201
21.01.1979;199
22.01.1979;197
23.01.1979;197
24.01.1979;198
25.01.1979;199
26.01.1979;200
27.01.1979;198
28.01.1979;196
29.01.1979;195
30.01.1979;193
31.01.1979;193
01.02.1979;183
02.02.1979;193
03.02.1979;193
04.02.1979;193
05.02.1979;192
06.02.1979;190
07.02.1979;189
08.02.1979;189
09.02.1979;187
10.02.1979;185
11.02.1979;182
12.02.1979;179
13.02.1979;173
14.02.1979;170
15.02.1979;172
16.02.1979;178
17.02.1979;181
18.02.1979;182
19.02.1979;183
20.02.1979;185
21.02.1979;187
22.02.1979;187
23.02.1979;184
24.02.1979;180
25.02.1979;177
26.02.1979;175
27.02.1979;176
28.02.1979;175
01.03.1979;221
02.03.1979;167
03.03.1979;169
04.03.1979;174
05.03.1979;180
06.03.1979;185
07.03.1979;194
08.03.1979;201
09.03.1979;206
10.03.1979;214
11.03.1979;219
12.03.1979;225
13.03.1979;230
14.03.1979;233
15.03.1979;234
16.03.1979;236
17.03.1979;239
18.03.1979;239
19.03.1979;240
20.03.1979;240
21.03.1979;241
22.03.1979;241
23.03.1979;242
24.03.1979;243
25.03.1979;242
26.03.1979;242
27.03.1979;243
28.03.1979;242
29.03.1979;243
30.03.1979;243
31.03.1979;244
01.04.1979;223
02.04.1979;243
03.04.1979;243
04.04.1979;241
05.04.1979;240
06.04.1979;239
07.04.1979;238
08.04.1979;238
09.04.1979;237
10.04.1979;235
11.04.1979;234
12.04.1979;232
13.04.1979;231
14.04.1979;227
15.04.1979;226
16.04.1979;224
17.04.1979;221
18.04.1979;219
19.04.1979;218
20.04.1979;216
21.04.1979;214
22.04.1979;210
23.04.1979;208
24.04.1979;205
25.04.1979;202
26.04.1979;201
27.04.1979;201
28.04.1979;201
29.04.1979;198
30.04.1979;197
01.05.1979;166
02.05.1979;199
03.05.1979;200
04.05.1979;196
05.05.1979;193
06.05.1979;191
07.05.1979;189
08.05.1979;182
09.05.1979;178
10.05.1979;175
11.05.1979;170
12.05.1979;167
13.05.1979;164
14.05.1979;161
15.05.1979;158
16.05.1979;154
17.05.1979;153
18.05.1979;152
19.05.1979;152
20.05.1979;152
21.05.1979;155
22.05.1979;154
23.05.1979;155
24.05.1979;155
25.05.1979;154
26.05.1979;152
27.05.1979;150
28.05.1979;153
29.05.1979;150
30.05.1979;148
31.05.1979;145
01.06.1979;146
02.06.1979;141
03.06.1979;139
04.06.1979;136
05.06.1979;134
06.06.1979;134
07.06.1979;136
08.06.1979;137
09.06.1979;141
10.06.1979;143
11.06.1979;145
12.06.1979;145
13.06.1979;143
14.06.1979;147
15.06.1979;147
16.06.1979;157
17.06.1979;157
18.06.1979;156
19.06.1979;158
20.06.1979;160
21.06.1979;161
22.06.1979;158
23.06.1979;155
24.06.1979;154
25.06.1979;151
26.06.1979;147
27.06.1979;144
28.06.1979;140
29.06.1979;138
30.06.1979;137
01.07.1979;141
02.07.1979;134
03.07.1979;133
04.07.1979;132
05.07.1979;132
06.07.1979;133
07.07.1979;133
08.07.1979;137
09.07.1979;139
10.07.1979;141
11.07.1979;139
12.07.1979;137
13.07.1979;139
14.07.1979;138
15.07.1979;137
16.07.1979;138
17.07.1979;138
18.07.1979;138
19.07.1979;141
20.07.1979;142
21.07.1979;141
22.07.1979;143
23.07.1979;143
24.07.1979;144
25.07.1979;146
26.07.1979;148
27.07.1979;150
28.07.1979;150
29.07.1979;150
30.07.1979;153
31.07.1979;152
01.08.1979;143
02.08.1979;152
03.08.1979;153
04.08.1979;153
05.08.1979;153
06.08.1979;152
07.08.1979;151
08.08.1979;151
09.08.1979;148
10.08.1979;150
11.08.1979;150
12.08.1979;149
13.08.1979;148
14.08.1979;147
15.08.1979;145
16.08.1979;142
17.08.1979;141
18.08.1979;137
19.08.1979;136
20.08.1979;134
21.08.1979;134
22.08.1979;134
23.08.1979;134
24.08.1979;134
25.08.1979;135
26.08.1979;135
27.08.1979;138
28.08.1979;138
29.08.1979;137
30.08.1979;138
31.08.1979;138
01.09.1979;139
02.09.1979;136
03.09.1979;135
04.09.1979;134
05.09.1979;135
06.09.1979;135
07.09.1979;134
08.09.1979;134
09.09.1979;136
10.09.1979;139
11.09.1979;138
12.09.1979;139
13.09.1979;139
14.09.1979;137
15.09.1979;138
16.09.1979;137
17.09.1979;138
18.09.1979;138
19.09.1979;139
20.09.1979;138
21.09.1979;139
22.09.1979;138
23.09.1979;140
24.09.1979;140
25.09.1979;141
26.09.1979;143
27.09.1979;146
28.09.1979;146
29.09.1979;146
30.09.1979;145
01.10.1979;140
02.10.1979;144
03.10.1979;142
04.10.1979;142
05.10.1979;141
06.10.1979;138
07.10.1979;136
08.10.1979;136
09.10.1979;135
10.10.1979;135
11.10.1979;135
12.10.1979;135
13.10.1979;135
14.10.1979;135
15.10.1979;136
16.10.1979;138
17.10.1979;139
18.10.1979;142
19.10.1979;144
20.10.1979;144
21.10.1979;145
22.10.1979;146
23.10.1979;147
24.10.1979;146
25.10.1979;145
26.10.1979;143
27.10.1979;140
28.10.1979;140
29.10.1979;140
30.10.1979;140
31.10.1979;139
01.11.1979;158
02.11.1979;140
03.11.1979;142
04.11.1979;142
05.11.1979;146
06.11.1979;151
07.11.1979;155
08.11.1979;159
09.11.1979;162
10.11.1979;163
11.11.1979;164
12.11.1979;163
13.11.1979;163
14.11.1979;161
15.11.1979;161
16.11.1979;164
17.11.1979;163
18.11.1979;164
19.11.1979;165
20.11.1979;164
21.11.1979;163
22.11.1979;162
23.11.1979;160
24.11.1979;160
25.11.1979;160
26.11.1979;161
27.11.1979;161
28.11.1979;161
29.11.1979;161
30.11.1979;161
01.12.1979;178
02.12.1979;166
03.12.1979;165
04.12.1979;165
05.12.1979;163
06.12.1979;164
07.12.1979;163
08.12.1979;164
09.12.1979;164
10.12.1979;165
11.12.1979;168
12.12.1979;170
13.12.1979;171
14.12.1979;173
15.12.1979;176
16.12.1979;180
17.12.1979;183
18.12.1979;187
19.12.1979;189
20.12.1979;191
21.12.1979;192
22.12.1979;193
23.12.1979;193
24.12.1979;193
25.12.1979;192
26.12.1979;191
27.12.1979;188
28.12.1979;186
29.12.1979;185
30.12.1979;182
31.12.1979;183
01.01.1980;163
02.01.1980;180
03.01.1980;179
04.01.1980;178
05.01.1980;175
06.01.1980;174
07.01.1980;172
08.01.1980;170
09.01.1980;168
10.01.1980;166
11.01.1980;165
12.01.1980;164
13.01.1980;164
14.01.1980;165
15.01.1980;164
16.01.1980;163
17.01.1980;162
18.01.1980;161
19.01.1980;159
20.01.1980;158
21.01.1980;156
22.01.1980;155
23.01.1980;154
24.01.1980;153
25.01.1980;152
26.01.1980;153
27.01.1980;154
28.01.1980;153
29.01.1980;152
30.01.1980;152
31.01.1980;154
01.02.1980;184
02.02.1980;164
03.02.1980;168
04.02.1980;171
05.02.1980;174
06.02.1980;175
07.02.1980;175
08.02.1980;178
09.02.1980;182
10.02.1980;186
11.02.1980;187
12.02.1980;190
13.02.1980;193
14.02.1980;194
15.02.1980;196
16.02.1980;197
17.02.1980;197
18.02.1980;197
19.02.1980;196
20.02.1980;195
21.02.1980;193
22.02.1980;190
23.02.1980;188
24.02.1980;186
25.02.1980;184
26.02.1980;183
27.02.1980;182
28.02.1980;181
29.02.1980;181
01.03.1980;171
02.03.1980;181
03.03.1980;182
04.03.1980;179
05.03.1980;178
06.03.1980;177
07.03.1980;176
08.03.1980;177
09.03.1980;177
10.03.1980;176
11.03.1980;175
12.03.1980;175
13.03.1980;174
14.03.1980;173
15.03.1980;172
16.03.1980;171
17.03.1980;170
18.03.1980;170
19.03.1980;168
20.03.1980;167
21.03.1980;166
22.03.1980;165
23.03.1980;164
24.03.1980;162
25.03.1980;162
26.03.1980;161
27.03.1980;159
28.03.1980;160
29.03.1980;161
30.03.1980;163
31.03.1980;163
01.04.1980;170
02.04.1980;165
03.04.1980;171
04.04.1980;171
05.04.1980;172
06.04.1980;173
07.04.1980;172
08.04.1980;172
09.04.1980;174
10.04.1980;173
11.04.1980;172
12.04.1980;171
13.04.1980;170
14.04.1980;168
15.04.1980;166
16.04.1980;164
17.04.1980;163
18.04.1980;162
19.04.1980;164
20.04.1980;163
21.04.1980;160
22.04.1980;159
23.04.1980;158
24.04.1980;163
25.04.1980;171
26.04.1980;175
27.04.1980;179
28.04.1980;186
29.04.1980;190
30.04.1980;192
01.05.1980;163
02.05.1980;194
03.05.1980;191
04.05.1980;190
05.05.1980;189
06.05.1980;188
07.05.1980;186
08.05.1980;184
09.05.1980;183
10.05.1980;180
11.05.1980;177
12.05.1980;175
13.05.1980;172
14.05.1980;168
15.05.1980;161
16.05.1980;157
17.05.1980;155
18.05.1980;153
19.05.1980;152
20.05.1980;151
21.05.1980;150
22.05.1980;145
23.05.1980;142
24.05.1980;142
25.05.1980;142
26.05.1980;142
27.05.1980;141
28.05.1980;139
29.05.1980;139
30.05.1980;139
31.05.1980;139
01.06.1980;151
02.06.1980;143
03.06.1980;143
04.06.1980;143
05.06.1980;145
06.06.1980;146
07.06.1980;146
08.06.1980;144
09.06.1980;144
10.06.1980;142
11.06.1980;144
12.06.1980;149
13.06.1980;147
14.06.1980;146
15.06.1980;148
16.06.1980;148
17.06.1980;148
18.06.1980;150
19.06.1980;152
20.06.1980;156
21.06.1980;160
22.06.1980;162
23.06.1980;162
24.06.1980;162
25.06.1980;162
26.06.1980;162
27.06.1980;161
28.06.1980;161
29.06.1980;161
30.06.1980;162
01.07.1980;168
02.07.1980;161
03.07.1980;161
04.07.1980;160
05.07.1980;160
06.07.1980;160
07.07.1980;160
08.07.1980;161
09.07.1980;163
10.07.1980;162
11.07.1980;163
12.07.1980;167
13.07.1980;170
14.07.1980;170
15.07.1980;172
16.07.1980;175
17.07.1980;176
18.07.1980;174
19.07.1980;175
20.07.1980;176
21.07.1980;176
22.07.1980;178
23.07.1980;176
24.07.1980;175
25.07.1980;174
26.07.1980;171
27.07.1980;169
28.07.1980;168
29.07.1980;166
30.07.1980;164
31.07.1980;164
01.08.1980;154
02.08.1980;161
03.08.1980;159
04.08.1980;158
05.08.1980;156
06.08.1980;155
07.08.1980;156
08.08.1980;155
09.08.1980;157
10.08.1980;157
11.08.1980;156
12.08.1980;156
13.08.1980;156
14.08.1980;154
15.08.1980;153
16.08.1980;152
17.08.1980;151
18.08.1980;150
19.08.1980;150
20.08.1980;149
21.08.1980;151
22.08.1980;155
23.08.1980;155
24.08.1980;155
25.08.1980;156
26.08.1980;154
27.08.1980;153
28.08.1980;151
29.08.1980;149
30.08.1980;148
31.08.1980;146
01.09.1980;149
02.09.1980;146
03.09.1980;146
04.09.1980;147
05.09.1980;146
06.09.1980;146
07.09.1980;145
08.09.1980;146
09.09.1980;146
10.09.1980;145
11.09.1980;146
12.09.1980;145
13.09.1980;147
14.09.1980;150
15.09.1980;152
16.09.1980;152
17.09.1980;153
18.09.1980;154
19.09.1980;153
20.09.1980;152
21.09.1980;152
22.09.1980;152
23.09.1980;152
24.09.1980;152
25.09.1980;152
26.09.1980;152
27.09.1980;150
28.09.1980;150
29.09.1980;150
30.09.1980;151
01.10.1980;160
02.10.1980;152
03.10.1980;152
04.10.1980;151
05.10.1980;153
06.10.1980;153
07.10.1980;152
08.10.1980;152
09.10.1980;152
10.10.1980;151
11.10.1980;151
12.10.1980;151
13.10.1980;153
14.10.1980;156
15.10.1980;157
16.10.1980;158
17.10.1980;160
18.10.1980;163
19.10.1980;167
20.10.1980;168
21.10.1980;168
22.10.1980;169
23.10.1980;169
24.10.1980;170
25.10.1980;169
26.10.1980;169
27.10.1980;169
28.10.1980;170
29.10.1980;172
30.10.1980;173
31.10.1980;171
01.11.1980;168
02.11.1980;165
03.11.1980;163
04.11.1980;161
05.11.1980;159
06.11.1980;157
07.11.1980;156
08.11.1980;155
09.11.1980;155
10.11.1980;155
11.11.1980;153
12.11.1980;152
13.11.1980;152
14.11.1980;155
15.11.1980;158
16.11.1980;163
17.11.1980;166
18.11.1980;168
19.11.1980;170
20.11.1980;169
21.11.1980;169
22.11.1980;168
23.11.1980;168
24.11.1980;168
25.11.1980;168
26.11.1980;167
27.11.1980;166
28.11.1980;167
29.11.1980;167
30.11.1980;166
01.12.1980;171
02.12.1980;166
03.12.1980;168
04.12.1980;169
05.12.1980;168
06.12.1980;168
07.12.1980;168
08.12.1980;166
09.12.1980;165
10.12.1980;164
11.12.1980;166
12.12.1980;167
13.12.1980;168
14.12.1980;170
15.12.1980;173
16.12.1980;176
17.12.1980;174
18.12.1980;174
19.12.1980;173
20.12.1980;172
21.12.1980;171
22.12.1980;170
23.12.1980;171
24.12.1980;174
25.12.1980;175
26.12.1980;175
27.12.1980;176
28.12.1980;175
29.12.1980;175
30.12.1980;175
31.12.1980;175
01.01.1981;181
02.01.1981;178
03.01.1981;180
04.01.1981;185
05.01.1981;185
06.01.1981;188
07.01.1981;188
08.01.1981;187
09.01.1981;187
10.01.1981;186
11.01.1981;185
12.01.1981;184
13.01.1981;186
14.01.1981;185
15.01.1981;186
16.01.1981;187
17.01.1981;184
18.01.1981;182
19.01.1981;180
20.01.1981;180
21.01.1981;178
22.01.1981;177
23.01.1981;176
24.01.1981;174
25.01.1981;174
26.01.1981;173
27.01.1981;172
28.01.1981;173
29.01.1981;173
30.01.1981;174
31.01.1981;174
01.02.1981;187
02.02.1981;175
03.02.1981;177
04.02.1981;179
05.02.1981;182
06.02.1981;182
07.02.1981;187
08.02.1981;190
09.02.1981;191
10.02.1981;193
11.02.1981;197
12.02.1981;197
13.02.1981;197
14.02.1981;197
15.02.1981;197
16.02.1981;195
17.02.1981;194
18.02.1981;193
19.02.1981;191
20.02.1981;190
21.02.1981;188
22.02.1981;186
23.02.1981;184
24.02.1981;184
25.02.1981;181
26.02.1981;179
27.02.1981;175
28.02.1981;172
01.03.1981;205
02.03.1981;169
03.03.1981;171
04.03.1981;170
05.03.1981;169
06.03.1981;169
07.03.1981;169
08.03.1981;170
09.03.1981;173
10.03.1981;177
11.03.1981;185
12.03.1981;200
13.03.1981;207
14.03.1981;214
15.03.1981;219
16.03.1981;222
17.03.1981;224
18.03.1981;225
19.03.1981;225
20.03.1981;226
21.03.1981;227
22.03.1981;225
23.03.1981;223
24.03.1981;225
25.03.1981;225
26.03.1981;226
27.03.1981;229
28.03.1981;229
29.03.1981;228
30.03.1981;228
31.03.1981;228
01.04.1981;194
02.04.1981;226
03.04.1981;224
04.04.1981;223
05.04.1981;222
06.04.1981;221
07.04.1981;220
08.04.1981;219
09.04.1981;216
10.04.1981;212
11.04.1981;208
12.04.1981;205
13.04.1981;203
14.04.1981;202
15.04.1981;199
16.04.1981;197
17.04.1981;193
18.04.1981;188
19.04.1981;185
20.04.1981;182
21.04.1981;179
22.04.1981;176
23.04.1981;173
24.04.1981;170
25.04.1981;163
26.04.1981;158
27.04.1981;155
28.04.1981;156
29.04.1981;159
30.04.1981;162
01.05.1981;158
02.05.1981;168
03.05.1981;170
04.05.1981;171
05.05.1981;172
06.05.1981;172
07.05.1981;172
08.05.1981;170
09.05.1981;168
10.05.1981;165
11.05.1981;161
12.05.1981;159
13.05.1981;157
14.05.1981;156
15.05.1981;154
16.05.1981;152
17.05.1981;151
18.05.1981;151
19.05.1981;151
20.05.1981;152
21.05.1981;154
22.05.1981;155
23.05.1981;154
24.05.1981;152
25.05.1981;152
26.05.1981;150
27.05.1981;149
28.05.1981;149
29.05.1981;149
30.05.1981;150
31.05.1981;150
01.06.1981;147
02.06.1981;149
03.06.1981;146
04.06.1981;148
05.06.1981;147
06.06.1981;144
07.06.1981;142
08.06.1981;141
09.06.1981;142
10.06.1981;143
11.06.1981;143
12.06.1981;143
13.06.1981;145
14.06.1981;147
15.06.1981;148
16.06.1981;148
17.06.1981;146
18.06.1981;147
19.06.1981;151
20.06.1981;154
21.06.1981;154
22.06.1981;154
23.06.1981;152
24.06.1981;151
25.06.1981;150
26.06.1981;149
27.06.1981;147
28.06.1981;146
29.06.1981;146
30.06.1981;148
01.07.1981;144
02.07.1981;144
03.07.1981;144
04.07.1981;144
05.07.1981;142
06.07.1981;140
07.07.1981;139
08.07.1981;138
09.07.1981;138
10.07.1981;137
11.07.1981;137
12.07.1981;137
13.07.1981;135
14.07.1981;132
15.07.1981;131
16.07.1981;131
17.07.1981;131
18.07.1981;132
19.07.1981;133
20.07.1981;134
21.07.1981;137
22.07.1981;141
23.07.1981;143
24.07.1981;147
25.07.1981;151
26.07.1981;156
27.07.1981;167
28.07.1981;170
29.07.1981;171
30.07.1981;172
31.07.1981;172
01.08.1981;173
02.08.1981;172
03.08.1981;172
04.08.1981;172
05.08.1981;171
06.08.1981;171
07.08.1981;168
08.08.1981;167
09.08.1981;168
10.08.1981;167
11.08.1981;168
12.08.1981;166
13.08.1981;166
14.08.1981;167
15.08.1981;167
16.08.1981;170
17.08.1981;169
18.08.1981;170
19.08.1981;171
20.08.1981;171
21.08.1981;175
22.08.1981;180
23.08.1981;182
24.08.1981;183
25.08.1981;183
26.08.1981;183
27.08.1981;182
28.08.1981;178
29.08.1981;176
30.08.1981;173
31.08.1981;171
01.09.1981;152
02.09.1981;165
03.09.1981;163
04.09.1981;161
05.09.1981;157
06.09.1981;156
07.09.1981;154
08.09.1981;152
09.09.1981;152
10.09.1981;150
11.09.1981;150
12.09.1981;148
13.09.1981;147
14.09.1981;144
15.09.1981;144
16.09.1981;145
17.09.1981;146
18.09.1981;145
19.09.1981;147
20.09.1981;148
21.09.1981;150
22.09.1981;149
23.09.1981;150
24.09.1981;150
25.09.1981;148
26.09.1981;148
27.09.1981;147
28.09.1981;149
29.09.1981;157
30.09.1981;160
01.10.1981;168
02.10.1981;162
03.10.1981;162
04.10.1981;162
05.10.1981;161
06.10.1981;160
07.10.1981;158
08.10.1981;160
09.10.1981;159
10.10.1981;160
11.10.1981;162
12.10.1981;163
13.10.1981;164
14.10.1981;166
15.10.1981;165
16.10.1981;164
17.10.1981;164
18.10.1981;165
19.10.1981;166
20.10.1981;169
21.10.1981;171
22.10.1981;172
23.10.1981;173
24.10.1981;174
25.10.1981;174
26.10.1981;174
27.10.1981;175
28.10.1981;178
29.10.1981;181
30.10.1981;187
31.10.1981;192
01.11.1981;188
02.11.1981;196
03.11.1981;196
04.11.1981;195
05.11.1981;195
06.11.1981;195
07.11.1981;193
08.11.1981;192
09.11.1981;191
10.11.1981;189
11.11.1981;187
12.11.1981;187
13.11.1981;187
14.11.1981;187
15.11.1981;187
16.11.1981;185
17.11.1981;185
18.11.1981;184
19.11.1981;185
20.11.1981;183
21.11.1981;185
22.11.1981;184
23.11.1981;183
24.11.1981;184
25.11.1981;186
26.11.1981;185
27.11.1981;184
28.11.1981;186
29.11.1981;186
30.11.1981;187
01.12.1981;200
02.12.1981;188
03.12.1981;188
04.12.1981;193
05.12.1981;196
06.12.1981;197
07.12.1981;200
08.12.1981;202
09.12.1981;204
10.12.1981;206
11.12.1981;206
12.12.1981;207
13.12.1981;207
14.12.1981;206
15.12.1981;205
16.12.1981;202
17.12.1981;198
18.12.1981;194
19.12.1981;192
20.12.1981;193
21.12.1981;195
22.12.1981;196
23.12.1981;198
24.12.1981;199
25.12.1981;201
26.12.1981;202
27.12.1981;202
28.12.1981;204
29.12.1981;207
30.12.1981;209
31.12.1981;210
01.01.1982;224
02.01.1982;216
03.01.1982;219
04.01.1982;221
05.01.1982;223
06.01.1982;228
07.01.1982;232
08.01.1982;233
09.01.1982;232
10.01.1982;234
11.01.1982;236
12.01.1982;236
13.01.1982;235
14.01.1982;235
15.01.1982;232
16.01.1982;229
17.01.1982;227
18.01.1982;226
19.01.1982;225
20.01.1982;224
21.01.1982;222
22.01.1982;219
23.01.1982;216
24.01.1982;216
25.01.1982;214
26.01.1982;214
27.01.1982;214
28.01.1982;213
29.01.1982;213
30.01.1982;214
31.01.1982;215
01.02.1982;204
02.02.1982;214
03.02.1982;214
04.02.1982;212
05.02.1982;210
06.02.1982;209
07.02.1982;210
08.02.1982;209
09.02.1982;209
10.02.1982;210
11.02.1982;210
12.02.1982;210
13.02.1982;210
14.02.1982;209
15.02.1982;208
16.02.1982;206
17.02.1982;205
18.02.1982;203
19.02.1982;200
20.02.1982;199
21.02.1982;198
22.02.1982;196
23.02.1982;194
24.02.1982;193
25.02.1982;192
26.02.1982;192
27.02.1982;189
28.02.1982;187
01.03.1982;196
02.03.1982;189
03.03.1982;189
04.03.1982;192
05.03.1982;194
06.03.1982;195
07.03.1982;196
08.03.1982;196
09.03.1982;196
10.03.1982;195
11.03.1982;195
12.03.1982;195
13.03.1982;196
14.03.1982;197
15.03.1982;198
16.03.1982;199
17.03.1982;201
18.03.1982;202
19.03.1982;202
20.03.1982;202
21.03.1982;202
22.03.1982;201
23.03.1982;200
24.03.1982;198
25.03.1982;195
26.03.1982;194
27.03.1982;193
28.03.1982;192
29.03.1982;191
30.03.1982;191
31.03.1982;190
01.04.1982;171
02.04.1982;186
03.04.1982;185
04.04.1982;183
05.04.1982;181
06.04.1982;179
07.04.1982;177
08.04.1982;177
09.04.1982;178
10.04.1982;176
11.04.1982;176
12.04.1982;175
13.04.1982;174
14.04.1982;174
15.04.1982;173
16.04.1982;170
17.04.1982;169
18.04.1982;168
19.04.1982;166
20.04.1982;164
21.04.1982;164
22.04.1982;164
23.04.1982;164
24.04.1982;163
25.04.1982;162
26.04.1982;161
27.04.1982;158
28.04.1982;156
29.04.1982;155
30.04.1982;155
01.05.1982;158
02.05.1982;158
03.05.1982;158
04.05.1982;158
05.05.1982;158
06.05.1982;158
07.05.1982;159
08.05.1982;160
09.05.1982;160
10.05.1982;161
11.05.1982;164
12.05.1982;165
13.05.1982;163
14.05.1982;161
15.05.1982;160
16.05.1982;160
17.05.1982;161
18.05.1982;160
19.05.1982;157
20.05.1982;156
21.05.1982;154
22.05.1982;152
23.05.1982;152
24.05.1982;154
25.05.1982;156
26.05.1982;156
27.05.1982;156
28.05.1982;156
29.05.1982;155
30.05.1982;153
31.05.1982;151
01.06.1982;139
02.06.1982;144
03.06.1982;140
04.06.1982;137
05.06.1982;136
06.06.1982;136
07.06.1982;137
08.06.1982;137
09.06.1982;137
10.06.1982;136
11.06.1982;134
12.06.1982;134
13.06.1982;135
14.06.1982;137
15.06.1982;136
16.06.1982;137
17.06.1982;137
18.06.1982;136
19.06.1982;136
20.06.1982;137
21.06.1982;138
22.06.1982;138
23.06.1982;139
24.06.1982;142
25.06.1982;143
26.06.1982;145
27.06.1982;146
28.06.1982;146
29.06.1982;142
30.06.1982;142
01.07.1982;136
02.07.1982;141
03.07.1982;143
04.07.1982;149
05.07.1982;151
06.07.1982;149
07.07.1982;147
08.07.1982;145
09.07.1982;143
10.07.1982;141
11.07.1982;142
12.07.1982;142
13.07.1982;142
14.07.1982;139
15.07.1982;136
16.07.1982;133
17.07.1982;133
18.07.1982;132
19.07.1982;131
20.07.1982;131
21.07.1982;131
22.07.1982;130
23.07.1982;129
24.07.1982;127
25.07.1982;127
26.07.1982;127
27.07.1982;127
28.07.1982;127
29.07.1982;129
30.07.1982;129
31.07.1982;129
01.08.1982;125
02.08.1982;127
03.08.1982;125
04.08.1982;124
05.08.1982;122
06.08.1982;121
07.08.1982;121
08.08.1982;122
09.08.1982;124
10.08.1982;125
11.08.1982;125
12.08.1982;124
13.08.1982;124
14.08.1982;124
15.08.1982;124
16.08.1982;126
17.08.1982;126
18.08.1982;125
19.08.1982;126
20.08.1982;125
21.08.1982;125
22.08.1982;124
23.08.1982;124
24.08.1982;124
25.08.1982;124
26.08.1982;124
27.08.1982;125
28.08.1982;125
29.08.1982;126
30.08.1982;126
31.08.1982;128
01.09.1982;133
02.09.1982;131
03.09.1982;132
04.09.1982;132
05.09.1982;131
06.09.1982;133
07.09.1982;134
08.09.1982;134
09.09.1982;133
10.09.1982;132
11.09.1982;133
12.09.1982;134
13.09.1982;135
14.09.1982;136
15.09.1982;137
16.09.1982;136
17.09.1982;136
18.09.1982;136
19.09.1982;135
20.09.1982;134
21.09.1982;135
22.09.1982;134
23.09.1982;132
24.09.1982;131
25.09.1982;130
26.09.1982;130
27.09.1982;132
28.09.1982;132
29.09.1982;132
30.09.1982;132
01.10.1982;138
02.10.1982;133
03.10.1982;132
04.10.1982;132
05.10.1982;132
06.10.1982;133
07.10.1982;134
08.10.1982;136
09.10.1982;137
10.10.1982;136
11.10.1982;137
12.10.1982;137
13.10.1982;138
14.10.1982;139
15.10.1982;141
16.10.1982;144
17.10.1982;143
18.10.1982;145
19.10.1982;147
20.10.1982;149
21.10.1982;147
22.10.1982;146
23.10.1982;143
24.10.1982;141
25.10.1982;140
26.10.1982;137
27.10.1982;136
28.10.1982;135
29.10.1982;135
30.10.1982;135
31.10.1982;137
01.11.1982;139
02.11.1982;143
03.11.1982;145
04.11.1982;145
05.11.1982;144
06.11.1982;144
07.11.1982;141
08.11.1982;140
09.11.1982;139
10.11.1982;139
11.11.1982;139
12.11.1982;139
13.11.1982;141
14.11.1982;141
15.11.1982;142
16.11.1982;142
17.11.1982;144
18.11.1982;145
19.11.1982;145
20.11.1982;143
21.11.1982;140
22.11.1982;138
23.11.1982;134
24.11.1982;133
25.11.1982;132
26.11.1982;131
27.11.1982;131
28.11.1982;132
29.11.1982;132
30.11.1982;133
01.12.1982;142
02.12.1982;132
03.12.1982;133
04.12.1982;132
05.12.1982;133
06.12.1982;136
07.12.1982;138
08.12.1982;138
09.12.1982;140
10.12.1982;142
11.12.1982;143
12.12.1982;143
13.12.1982;142
14.12.1982;142
15.12.1982;142
16.12.1982;147
17.12.1982;147
18.12.1982;147
19.12.1982;147
20.12.1982;148
21.12.1982;150
22.12.1982;149
23.12.1982;148
24.12.1982;146
25.12.1982;146
26.12.1982;145
27.12.1982;146
28.12.1982;146
29.12.1982;143
30.12.1982;140
31.12.1982;140
01.01.1983;156
02.01.1983;141
03.01.1983;142
04.01.1983;146
05.01.1983;150
06.01.1983;150
07.01.1983;151
08.01.1983;152
09.01.1983;153
10.01.1983;154
11.01.1983;154
12.01.1983;153
13.01.1983;152
14.01.1983;152
15.01.1983;152
16.01.1983;152
17.01.1983;157
18.01.1983;162
19.01.1983;163
20.01.1983;163
21.01.1983;165
22.01.1983;165
23.01.1983;163
24.01.1983;163
25.01.1983;161
26.01.1983;161
27.01.1983;161
28.01.1983;162
29.01.1983;163
30.01.1983;164
31.01.1983;164
01.02.1983;158
02.02.1983;172
03.02.1983;170
04.02.1983;170
05.02.1983;170
06.02.1983;170
07.02.1983;169
08.02.1983;169
09.02.1983;168
10.02.1983;166
11.02.1983;165
12.02.1983;163
13.02.1983;160
14.02.1983;158
15.02.1983;156
16.02.1983;154
17.02.1983;151
18.02.1983;150
19.02.1983;149
20.02.1983;150
21.02.1983;151
22.02.1983;150
23.02.1983;149
24.02.1983;149
25.02.1983;148
26.02.1983;147
27.02.1983;146
28.02.1983;146
01.03.1983;153
02.03.1983;148
03.03.1983;147
04.03.1983;146
05.03.1983;145
06.03.1983;145
07.03.1983;148
08.03.1983;147
09.03.1983;146
10.03.1983;147
11.03.1983;154
12.03.1983;153
13.03.1983;153
14.03.1983;154
15.03.1983;154
16.03.1983;152
17.03.1983;151
18.03.1983;150
19.03.1983;150
20.03.1983;150
21.03.1983;153
22.03.1983;158
23.03.1983;160
24.03.1983;161
25.03.1983;161
26.03.1983;160
27.03.1983;160
28.03.1983;159
29.03.1983;159
30.03.1983;158
31.03.1983;156
01.04.1983;170
02.04.1983;153
03.04.1983;153
04.04.1983;153
05.04.1983;152
06.04.1983;151
07.04.1983;151
08.04.1983;152
09.04.1983;155
10.04.1983;157
11.04.1983;162
12.04.1983;171
13.04.1983;175
14.04.1983;178
15.04.1983;181
16.04.1983;183
17.04.1983;185
18.04.1983;185
19.04.1983;184
20.04.1983;186
21.04.1983;185
22.04.1983;184
23.04.1983;182
24.04.1983;180
25.04.1983;178
26.04.1983;176
27.04.1983;173
28.04.1983;172
29.04.1983;170
30.04.1983;166
01.05.1983;170
02.05.1983;168
03.05.1983;166
04.05.1983;166
05.05.1983;167
06.05.1983;168
07.05.1983;173
08.05.1983;176
09.05.1983;176
10.05.1983;174
11.05.1983;174
12.05.1983;172
13.05.1983;172
14.05.1983;172
15.05.1983;171
16.05.1983;171
17.05.1983;173
18.05.1983;175
19.05.1983;176
20.05.1983;174
21.05.1983;172
22.05.1983;170
23.05.1983;166
24.05.1983;162
25.05.1983;159
26.05.1983;161
27.05.1983;163
28.05.1983;164
29.05.1983;167
30.05.1983;170
31.05.1983;170
01.06.1983;168
02.06.1983;165
03.06.1983;162
04.06.1983;158
05.06.1983;156
06.06.1983;154
07.06.1983;150
08.06.1983;147
09.06.1983;145
10.06.1983;143
11.06.1983;141
12.06.1983;141
13.06.1983;141
14.06.1983;139
15.06.1983;137
16.06.1983;133
17.06.1983;131
18.06.1983;129
19.06.1983;130
20.06.1983;133
21.06.1983;134
22.06.1983;134
23.06.1983;137
24.06.1983;136
25.06.1983;134
26.06.1983;132
27.06.1983;131
28.06.1983;129
29.06.1983;126
30.06.1983;124
01.07.1983;119
02.07.1983;125
03.07.1983;125
04.07.1983;126
05.07.1983;126
06.07.1983;124
07.07.1983;123
08.07.1983;122
09.07.1983;121
10.07.1983;121
11.07.1983;121
12.07.1983;121
13.07.1983;121
14.07.1983;119
15.07.1983;118
16.07.1983;118
17.07.1983;117
18.07.1983;117
19.07.1983;118
20.07.1983;117
21.07.1983;117
22.07.1983;116
23.07.1983;114
24.07.1983;114
25.07.1983;114
26.07.1983;114
27.07.1983;115
28.07.1983;115
29.07.1983;115
30.07.1983;115
31.07.1983;114
01.08.1983;132
02.08.1983;118
03.08.1983;118
04.08.1983;121
05.08.1983;130
06.08.1983;135
07.08.1983;137
08.08.1983;137
09.08.1983;136
10.08.1983;136
11.08.1983;139
12.08.1983;141
13.08.1983;144
14.08.1983;144
15.08.1983;143
16.08.1983;140
17.08.1983;137
18.08.1983;135
19.08.1983;133
20.08.1983;131
21.08.1983;130
22.08.1983;128
23.08.1983;128
24.08.1983;129
25.08.1983;129
26.08.1983;129
27.08.1983;130
28.08.1983;130
29.08.1983;129
30.08.1983;127
31.08.1983;126
01.09.1983;133
02.09.1983;127
03.09.1983;128
04.09.1983;128
05.09.1983;128
06.09.1983;128
07.09.1983;130
08.09.1983;129
09.09.1983;130
10.09.1983;131
11.09.1983;133
12.09.1983;134
13.09.1983;134
14.09.1983;134
15.09.1983;135
16.09.1983;135
17.09.1983;140
18.09.1983;140
19.09.1983;138
20.09.1983;138
21.09.1983;137
22.09.1983;138
23.09.1983;135
24.09.1983;132
25.09.1983;133
26.09.1983;130
27.09.1983;131
28.09.1983;132
29.09.1983;135
30.09.1983;138
01.10.1983;142
02.10.1983;139
03.10.1983;140
04.10.1983;142
05.10.1983;142
06.10.1983;144
07.10.1983;144
08.10.1983;144
09.10.1983;145
10.10.1983;145
11.10.1983;145
12.10.1983;147
13.10.1983;146
14.10.1983;143
15.10.1983;143
16.10.1983;141
17.10.1983;142
18.10.1983;141
19.10.1983;141
20.10.1983;141
21.10.1983;141
22.10.1983;141
23.10.1983;141
24.10.1983;141
25.10.1983;141
26.10.1983;141
27.10.1983;142
28.10.1983;141
29.10.1983;140
30.10.1983;140
31.10.1983;141
01.11.1983;143
02.11.1983;141
03.11.1983;141
04.11.1983;142
05.11.1983;142
06.11.1983;143
07.11.1983;143
08.11.1983;142
09.11.1983;140
10.11.1983;139
11.11.1983;139
12.11.1983;141
13.11.1983;141
14.11.1983;142
15.11.1983;143
16.11.1983;144
17.11.1983;143
18.11.1983;142
19.11.1983;142
20.11.1983;140
21.11.1983;140
22.11.1983;137
23.11.1983;139
24.11.1983;137
25.11.1983;139
26.11.1983;144
27.11.1983;151
28.11.1983;158
29.11.1983;158
30.11.1983;160
01.12.1983;155
02.12.1983;154
03.12.1983;152
04.12.1983;150
05.12.1983;149
06.12.1983;149
07.12.1983;149
08.12.1983;148
09.12.1983;149
10.12.1983;154
11.12.1983;155
12.12.1983;154
13.12.1983;154
14.12.1983;153
15.12.1983;151
16.12.1983;149
17.12.1983;148
18.12.1983;146
19.12.1983;147
20.12.1983;149
21.12.1983;151
22.12.1983;153
23.12.1983;156
24.12.1983;159
25.12.1983;161
26.12.1983;163
27.12.1983;166
28.12.1983;167
29.12.1983;168
30.12.1983;167
31.12.1983;168
01.01.1984;171
02.01.1984;169
03.01.1984;170
04.01.1984;171
05.01.1984;170
06.01.1984;171
07.01.1984;171
08.01.1984;172
09.01.1984;173
10.01.1984;172
11.01.1984;171
12.01.1984;173
13.01.1984;178
14.01.1984;178
15.01.1984;183
16.01.1984;180
17.01.1984;184
18.01.1984;182
19.01.1984;180
20.01.1984;179
21.01.1984;177
22.01.1984;174
23.01.1984;170
24.01.1984;169
25.01.1984;166
26.01.1984;163
27.01.1984;160
28.01.1984;158
29.01.1984;157
30.01.1984;155
31.01.1984;154
01.02.1984;164
02.02.1984;153
03.02.1984;155
04.02.1984;160
05.02.1984;162
06.02.1984;165
07.02.1984;169
08.02.1984;174
09.02.1984;180
10.02.1984;180
11.02.1984;181
12.02.1984;179
13.02.1984;176
14.02.1984;174
15.02.1984;171
16.02.1984;166
17.02.1984;163
18.02.1984;161
19.02.1984;159
20.02.1984;160
21.02.1984;159
22.02.1984;159
23.02.1984;165
24.02.1984;159
25.02.1984;157
26.02.1984;155
27.02.1984;155
28.02.1984;156
29.02.1984;154
01.03.1984;154
02.03.1984;154
03.03.1984;154
04.03.1984;153
05.03.1984;152
06.03.1984;151
07.03.1984;150
08.03.1984;151
09.03.1984;151
10.03.1984;151
11.03.1984;152
12.03.1984;156
13.03.1984;157
14.03.1984;157
15.03.1984;156
16.03.1984;157
17.03.1984;156
18.03.1984;153
19.03.1984;151
20.03.1984;149
21.03.1984;148
22.03.1984;147
23.03.1984;145
24.03.1984;142
25.03.1984;141
26.03.1984;142
27.03.1984;142
28.03.1984;142
29.03.1984;143
30.03.1984;143
31.03.1984;143
01.04.1984;148
02.04.1984;144
03.04.1984;152
04.04.1984;152
05.04.1984;154
06.04.1984;156
07.04.1984;156
08.04.1984;156
09.04.1984;155
10.04.1984;153
11.04.1984;153
12.04.1984;151
13.04.1984;149
14.04.1984;146
15.04.1984;144
16.04.1984;142
17.04.1984;144
18.04.1984;145
19.04.1984;147
20.04.1984;148
21.04.1984;149
22.04.1984;150
23.04.1984;149
24.04.1984;148
25.04.1984;148
26.04.1984;145
27.04.1984;142
28.04.1984;139
29.04.1984;139
30.04.1984;137
01.05.1984;140
02.05.1984;143
03.05.1984;141
04.05.1984;145
05.05.1984;144
06.05.1984;143
07.05.1984;145
08.05.1984;143
09.05.1984;144
10.05.1984;144
11.05.1984;143
12.05.1984;141
13.05.1984;142
14.05.1984;141
15.05.1984;140
16.05.1984;138
17.05.1984;139
18.05.1984;138
19.05.1984;135
20.05.1984;135
21.05.1984;134
22.05.1984;134
23.05.1984;133
24.05.1984;133
25.05.1984;136
26.05.1984;137
27.05.1984;138
28.05.1984;140
29.05.1984;143
30.05.1984;146
31.05.1984;147
01.06.1984;150
02.06.1984;153
03.06.1984;153
04.06.1984;153
05.06.1984;154
06.06.1984;154
07.06.1984;154
08.06.1984;154
09.06.1984;153
10.06.1984;154
11.06.1984;154
12.06.1984;152
13.06.1984;151
14.06.1984;151
15.06.1984;151
16.06.1984;151
17.06.1984;150
18.06.1984;150
19.06.1984;147
20.06.1984;147
21.06.1984;146
22.06.1984;145
23.06.1984;145
24.06.1984;146
25.06.1984;146
26.06.1984;146
27.06.1984;145
28.06.1984;144
29.06.1984;144
30.06.1984;146
01.07.1984;139
02.07.1984;148
03.07.1984;149
04.07.1984;149
05.07.1984;147
06.07.1984;144
07.07.1984;143
08.07.1984;142
09.07.1984;141
10.07.1984;139
11.07.1984;137
12.07.1984;135
13.07.1984;134
14.07.1984;132
15.07.1984;133
16.07.1984;136
17.07.1984;138
18.07.1984;139
19.07.1984;139
20.07.1984;139
21.07.1984;140
22.07.1984;140
23.07.1984;140
24.07.1984;138
25.07.1984;137
26.07.1984;137
27.07.1984;134
28.07.1984;133
29.07.1984;134
30.07.1984;134
31.07.1984;136
01.08.1984;136
02.08.1984;136
03.08.1984;134
04.08.1984;135
05.08.1984;137
06.08.1984;139
07.08.1984;137
08.08.1984;135
09.08.1984;134
10.08.1984;137
11.08.1984;138
12.08.1984;139
13.08.1984;141
14.08.1984;142
15.08.1984;147
16.08.1984;150
17.08.1984;151
18.08.1984;149
19.08.1984;146
20.08.1984;143
21.08.1984;140
22.08.1984;137
23.08.1984;134
24.08.1984;133
25.08.1984;132
26.08.1984;131
27.08.1984;130
28.08.1984;131
29.08.1984;133
30.08.1984;134
31.08.1984;135
01.09.1984;139
02.09.1984;137
03.09.1984;137
04.09.1984;136
05.09.1984;134
06.09.1984;132
07.09.1984;134
08.09.1984;137
09.09.1984;139
10.09.1984;142
11.09.1984;143
12.09.1984;144
13.09.1984;142
14.09.1984;142
15.09.1984;143
16.09.1984;142
17.09.1984;144
18.09.1984;142
19.09.1984;140
20.09.1984;140
21.09.1984;136
22.09.1984;134
23.09.1984;132
24.09.1984;132
25.09.1984;134
26.09.1984;136
27.09.1984;139
28.09.1984;142
29.09.1984;144
30.09.1984;143
01.10.1984;149
02.10.1984;143
03.10.1984;147
04.10.1984;149
05.10.1984;151
06.10.1984;151
07.10.1984;151
08.10.1984;150
09.10.1984;148
10.10.1984;147
11.10.1984;146
12.10.1984;147
13.10.1984;149
14.10.1984;149
15.10.1984;151
16.10.1984;150
17.10.1984;150
18.10.1984;150
19.10.1984;150
20.10.1984;150
21.10.1984;149
22.10.1984;149
23.10.1984;149
24.10.1984;148
25.10.1984;148
26.10.1984;149
27.10.1984;149
28.10.1984;149
29.10.1984;149
30.10.1984;148
31.10.1984;147
01.11.1984;146
02.11.1984;147
03.11.1984;146
04.11.1984;145
05.11.1984;145
06.11.1984;144
07.11.1984;144
08.11.1984;143
09.11.1984;142
10.11.1984;140
11.11.1984;139
12.11.1984;138
13.11.1984;137
14.11.1984;137
15.11.1984;136
16.11.1984;135
17.11.1984;135
18.11.1984;136
19.11.1984;137
20.11.1984;137
21.11.1984;138
22.11.1984;139
23.11.1984;147
24.11.1984;159
25.11.1984;161
26.11.1984;163
27.11.1984;163
28.11.1984;163
29.11.1984;163
30.11.1984;161
01.12.1984;151
02.12.1984;156
03.12.1984;151
04.12.1984;148
05.12.1984;146
06.12.1984;146
07.12.1984;146
08.12.1984;146
09.12.1984;146
10.12.1984;149
11.12.1984;151
12.12.1984;150
13.12.1984;151
14.12.1984;150
15.12.1984;150
16.12.1984;148
17.12.1984;145
18.12.1984;144
19.12.1984;145
20.12.1984;145
21.12.1984;154
22.12.1984;157
23.12.1984;159
24.12.1984;159
25.12.1984;161
26.12.1984;157
27.12.1984;156
28.12.1984;154
29.12.1984;153
30.12.1984;151
31.12.1984;150
01.01.1985;148
02.01.1985;148
03.01.1985;147
04.01.1985;149
05.01.1985;149
06.01.1985;149
07.01.1985;148
08.01.1985;147
09.01.1985;145
10.01.1985;144
11.01.1985;143
12.01.1985;142
13.01.1985;141
14.01.1985;143
15.01.1985;144
16.01.1985;145
17.01.1985;145
18.01.1985;146
19.01.1985;146
20.01.1985;145
21.01.1985;145
22.01.1985;144
23.01.1985;146
24.01.1985;149
25.01.1985;151
26.01.1985;153
27.01.1985;154
28.01.1985;154
29.01.1985;154
30.01.1985;157
31.01.1985;160
01.02.1985;165
02.02.1985;173
03.02.1985;178
04.02.1985;179
05.02.1985;181
06.02.1985;182
07.02.1985;182
08.02.1985;179
09.02.1985;175
10.02.1985;173
11.02.1985;172
12.02.1985;172
13.02.1985;171
14.02.1985;170
15.02.1985;168
16.02.1985;164
17.02.1985;159
18.02.1985;156
19.02.1985;153
20.02.1985;151
21.02.1985;151
22.02.1985;151
23.02.1985;152
24.02.1985;154
25.02.1985;154
26.02.1985;154
27.02.1985;153
28.02.1985;152
01.03.1985;152
02.03.1985;152
03.03.1985;151
04.03.1985;150
05.03.1985;150
06.03.1985;150
07.03.1985;151
08.03.1985;153
09.03.1985;152
10.03.1985;153
11.03.1985;152
12.03.1985;152
13.03.1985;150
14.03.1985;150
15.03.1985;151
16.03.1985;151
17.03.1985;152
18.03.1985;152
19.03.1985;154
20.03.1985;153
21.03.1985;153
22.03.1985;151
23.03.1985;151
24.03.1985;152
25.03.1985;152
26.03.1985;153
27.03.1985;153
28.03.1985;155
29.03.1985;156
30.03.1985;158
31.03.1985;160
01.04.1985;156
02.04.1985;166
03.04.1985;168
04.04.1985;170
05.04.1985;168
06.04.1985;166
07.04.1985;164
08.04.1985;162
09.04.1985;160
10.04.1985;159
11.04.1985;157
12.04.1985;156
13.04.1985;156
14.04.1985;155
15.04.1985;155
16.04.1985;156
17.04.1985;158
18.04.1985;159
19.04.1985;157
20.04.1985;157
21.04.1985;155
22.04.1985;150
23.04.1985;148
24.04.1985;147
25.04.1985;145
26.04.1985;144
27.04.1985;144
28.04.1985;147
29.04.1985;148
30.04.1985;152
01.05.1985;148
02.05.1985;158
03.05.1985;161
04.05.1985;163
05.05.1985;164
06.05.1985;164
07.05.1985;163
08.05.1985;162
09.05.1985;161
10.05.1985;160
11.05.1985;157
12.05.1985;155
13.05.1985;153
14.05.1985;152
15.05.1985;150
16.05.1985;148
17.05.1985;147
18.05.1985;146
19.05.1985;143
20.05.1985;140
21.05.1985;135
22.05.1985;131
23.05.1985;133
24.05.1985;134
25.05.1985;136
26.05.1985;137
27.05.1985;136
28.05.1985;135
29.05.1985;134
30.05.1985;132
31.05.1985;131
01.06.1985;134
02.06.1985;127
03.06.1985;126
04.06.1985;125
05.06.1985;125
06.06.1985;126
07.06.1985;127
08.06.1985;131
09.06.1985;131
10.06.1985;131
11.06.1985;132
12.06.1985;134
13.06.1985;136
14.06.1985;141
15.06.1985;144
16.06.1985;144
17.06.1985;143
18.06.1985;142
19.06.1985;139
20.06.1985;135
21.06.1985;135
22.06.1985;133
23.06.1985;132
24.06.1985;132
25.06.1985;134
26.06.1985;133
27.06.1985;135
28.06.1985;137
29.06.1985;137
30.06.1985;140
01.07.1985;133
02.07.1985;144
03.07.1985;141
04.07.1985;140
05.07.1985;138
06.07.1985;135
07.07.1985;135
08.07.1985;134
09.07.1985;132
10.07.1985;131
11.07.1985;131
12.07.1985;130
13.07.1985;130
14.07.1985;130
15.07.1985;131
16.07.1985;130
17.07.1985;129
18.07.1985;127
19.07.1985;126
20.07.1985;127
21.07.1985;129
22.07.1985;129
23.07.1985;133
24.07.1985;132
25.07.1985;133
26.07.1985;132
27.07.1985;133
28.07.1985;133
29.07.1985;133
30.07.1985;133
31.07.1985;134
01.08.1985;132
02.08.1985;132
03.08.1985;131
04.08.1985;131
05.08.1985;130
06.08.1985;130
07.08.1985;130
08.08.1985;131
09.08.1985;131
10.08.1985;132
11.08.1985;133
12.08.1985;132
13.08.1985;133
14.08.1985;134
15.08.1985;135
16.08.1985;137
17.08.1985;137
18.08.1985;136
19.08.1985;133
20.08.1985;133
21.08.1985;132
22.08.1985;131
23.08.1985;131
24.08.1985;131
25.08.1985;131
26.08.1985;130
27.08.1985;131
28.08.1985;131
29.08.1985;131
30.08.1985;130
31.08.1985;129
01.09.1985;134
02.09.1985;127
03.09.1985;127
04.09.1985;130
05.09.1985;130
06.09.1985;133
07.09.1985;134
08.09.1985;132
09.09.1985;132
10.09.1985;132
11.09.1985;133
12.09.1985;133
13.09.1985;133
14.09.1985;133
15.09.1985;133
16.09.1985;134
17.09.1985;137
18.09.1985;139
19.09.1985;138
20.09.1985;138
21.09.1985;137
22.09.1985;137
23.09.1985;137
24.09.1985;137
25.09.1985;136
26.09.1985;134
27.09.1985;133
28.09.1985;134
29.09.1985;133
30.09.1985;133
01.10.1985;135
02.10.1985;133
03.10.1985;134
04.10.1985;134
05.10.1985;135
06.10.1985;136
07.10.1985;136
08.10.1985;136
09.10.1985;136
10.10.1985;135
11.10.1985;133
12.10.1985;132
13.10.1985;132
14.10.1985;133
15.10.1985;135
16.10.1985;136
17.10.1985;137
18.10.1985;138
19.10.1985;139
20.10.1985;138
21.10.1985;137
22.10.1985;136
23.10.1985;135
24.10.1985;135
25.10.1985;134
26.10.1985;133
27.10.1985;133
28.10.1985;134
29.10.1985;135
30.10.1985;136
31.10.1985;137
01.11.1985;140
02.11.1985;141
03.11.1985;142
04.11.1985;141
05.11.1985;142
06.11.1985;147
07.11.1985;147
08.11.1985;145
09.11.1985;144
10.11.1985;146
11.11.1985;146
12.11.1985;144
13.11.1985;142
14.11.1985;140
15.11.1985;139
16.11.1985;138
17.11.1985;137
18.11.1985;136
19.11.1985;134
20.11.1985;134
21.11.1985;134
22.11.1985;134
23.11.1985;133
24.11.1985;135
25.11.1985;135
26.11.1985;135
27.11.1985;136
28.11.1985;138
29.11.1985;140
30.11.1985;141
01.12.1985;148
02.12.1985;144
03.12.1985;147
04.12.1985;147
05.12.1985;148
06.12.1985;149
07.12.1985;147
08.12.1985;146
09.12.1985;145
10.12.1985;145
11.12.1985;144
12.12.1985;142
13.12.1985;140
14.12.1985;141
15.12.1985;142
16.12.1985;143
17.12.1985;146
18.12.1985;148
19.12.1985;152
20.12.1985;153
21.12.1985;157
22.12.1985;157
23.12.1985;158
24.12.1985;157
25.12.1985;154
26.12.1985;150
27.12.1985;150
28.12.1985;151
29.12.1985;150
30.12.1985;151
31.12.1985;152
01.01.1986;164
02.01.1986;154
03.01.1986;154
04.01.1986;154
05.01.1986;153
06.01.1986;153
07.01.1986;152
08.01.1986;150
09.01.1986;150
10.01.1986;150
11.01.1986;150
12.01.1986;152
13.01.1986;153
14.01.1986;160
15.01.1986;164
16.01.1986;164
17.01.1986;164
18.01.1986;165
19.01.1986;170
20.01.1986;177
21.01.1986;179
22.01.1986;182
23.01.1986;182
24.01.1986;181
25.01.1986;179
26.01.1986;176
27.01.1986;175
28.01.1986;174
29.01.1986;172
30.01.1986;170
31.01.1986;167
01.02.1986;150
02.02.1986;165
03.02.1986;158
04.02.1986;153
05.02.1986;149
06.02.1986;147
07.02.1986;147
08.02.1986;148
09.02.1986;149
10.02.1986;148
11.02.1986;149
12.02.1986;151
13.02.1986;151
14.02.1986;152
15.02.1986;151
16.02.1986;150
17.02.1986;151
18.02.1986;150
19.02.1986;150
20.02.1986;150
21.02.1986;150
22.02.1986;149
23.02.1986;148
24.02.1986;145
25.02.1986;143
26.02.1986;141
27.02.1986;140
28.02.1986;138
01.03.1986;153
02.03.1986;134
03.03.1986;134
04.03.1986;133
05.03.1986;133
06.03.1986;134
07.03.1986;140
08.03.1986;143
09.03.1986;148
10.03.1986;151
11.03.1986;155
12.03.1986;158
13.03.1986;159
14.03.1986;158
15.03.1986;158
16.03.1986;158
17.03.1986;157
18.03.1986;157
19.03.1986;155
20.03.1986;152
21.03.1986;152
22.03.1986;154
23.03.1986;156
24.03.1986;159
25.03.1986;164
26.03.1986;165
27.03.1986;167
28.03.1986;169
29.03.1986;168
30.03.1986;168
31.03.1986;167
01.04.1986;167
02.04.1986;168
03.04.1986;167
04.04.1986;168
05.04.1986;169
06.04.1986;168
07.04.1986;167
08.04.1986;168
09.04.1986;168
10.04.1986;168
11.04.1986;168
12.04.1986;168
13.04.1986;169
14.04.1986;168
15.04.1986;168
16.04.1986;167
17.04.1986;167
18.04.1986;166
19.04.1986;167
20.04.1986;166
21.04.1986;165
22.04.1986;164
23.04.1986;164
24.04.1986;163
25.04.1986;164
26.04.1986;165
27.04.1986;165
28.04.1986;164
29.04.1986;165
30.04.1986;167
01.05.1986;148
02.05.1986;163
03.05.1986;162
04.05.1986;160
05.05.1986;156
06.05.1986;152
07.05.1986;148
08.05.1986;151
09.05.1986;149
10.05.1986;145
11.05.1986;145
12.05.1986;143
13.05.1986;143
14.05.1986;144
15.05.1986;144
16.05.1986;145
17.05.1986;146
18.05.1986;147
19.05.1986;146
20.05.1986;147
21.05.1986;147
22.05.1986;148
23.05.1986;148
24.05.1986;147
25.05.1986;148
26.05.1986;145
27.05.1986;141
28.05.1986;138
29.05.1986;136
30.05.1986;139
31.05.1986;145
01.06.1986;174
02.06.1986;151
03.06.1986;160
04.06.1986;169
05.06.1986;176
06.06.1986;189
07.06.1986;198
08.06.1986;204
09.06.1986;207
10.06.1986;208
11.06.1986;208
12.06.1986;207
13.06.1986;208
14.06.1986;204
15.06.1986;201
16.06.1986;196
17.06.1986;189
18.06.1986;182
19.06.1986;176
20.06.1986;172
21.06.1986;168
22.06.1986;165
23.06.1986;161
24.06.1986;155
25.06.1986;148
26.06.1986;144
27.06.1986;137
28.06.1986;133
29.06.1986;132
30.06.1986;134
01.07.1986;134
02.07.1986;137
03.07.1986;137
04.07.1986;138
05.07.1986;138
06.07.1986;138
07.07.1986;139
08.07.1986;138
09.07.1986;137
10.07.1986;136
11.07.1986;134
12.07.1986;133
13.07.1986;132
14.07.1986;132
15.07.1986;132
16.07.1986;132
17.07.1986;132
18.07.1986;132
19.07.1986;132
20.07.1986;131
21.07.1986;131
22.07.1986;131
23.07.1986;132
24.07.1986;136
25.07.1986;136
26.07.1986;136
27.07.1986;134
28.07.1986;134
29.07.1986;133
30.07.1986;132
31.07.1986;131
01.08.1986;132
02.08.1986;129
03.08.1986;128
04.08.1986;127
05.08.1986;128
06.08.1986;129
07.08.1986;129
08.08.1986;130
09.08.1986;130
10.08.1986;130
11.08.1986;130
12.08.1986;130
13.08.1986;130
14.08.1986;131
15.08.1986;131
16.08.1986;133
17.08.1986;133
18.08.1986;133
19.08.1986;132
20.08.1986;134
21.08.1986;135
22.08.1986;133
23.08.1986;133
24.08.1986;133
25.08.1986;133
26.08.1986;135
27.08.1986;138
28.08.1986;138
29.08.1986;137
30.08.1986;136
31.08.1986;134
01.09.1986;140
02.09.1986;135
03.09.1986;137
04.09.1986;141
05.09.1986;141
06.09.1986;140
07.09.1986;140
08.09.1986;140
09.09.1986;139
10.09.1986;138
11.09.1986;137
12.09.1986;136
13.09.1986;135
14.09.1986;135
15.09.1986;136
16.09.1986;142
17.09.1986;144
18.09.1986;145
19.09.1986;143
20.09.1986;142
21.09.1986;140
22.09.1986;141
23.09.1986;141
24.09.1986;142
25.09.1986;143
26.09.1986;143
27.09.1986;144
28.09.1986;143
29.09.1986;143
30.09.1986;143
01.10.1986;141
02.10.1986;142
03.10.1986;140
04.10.1986;138
05.10.1986;136
06.10.1986;135
07.10.1986;135
08.10.1986;136
09.10.1986;137
10.10.1986;136
11.10.1986;136
12.10.1986;137
13.10.1986;136
14.10.1986;137
15.10.1986;138
16.10.1986;138
17.10.1986;139
18.10.1986;139
19.10.1986;137
20.10.1986;136
21.10.1986;143
22.10.1986;141
23.10.1986;146
24.10.1986;149
25.10.1986;148
26.10.1986;149
27.10.1986;148
28.10.1986;147
29.10.1986;147
30.10.1986;149
31.10.1986;148
01.11.1986;147
02.11.1986;149
03.11.1986;147
04.11.1986;148
05.11.1986;148
06.11.1986;151
07.11.1986;151
08.11.1986;150
09.11.1986;150
10.11.1986;149
11.11.1986;149
12.11.1986;148
13.11.1986;147
14.11.1986;147
15.11.1986;147
16.11.1986;146
17.11.1986;146
18.11.1986;146
19.11.1986;146
20.11.1986;147
21.11.1986;147
22.11.1986;146
23.11.1986;146
24.11.1986;145
25.11.1986;145
26.11.1986;143
27.11.1986;143
28.11.1986;143
29.11.1986;143
30.11.1986;143
01.12.1986;150
02.12.1986;141
03.12.1986;139
04.12.1986;140
05.12.1986;143
06.12.1986;146
07.12.1986;146
08.12.1986;147
09.12.1986;146
10.12.1986;144
11.12.1986;143
12.12.1986;142
13.12.1986;140
14.12.1986;141
15.12.1986;140
16.12.1986;140
17.12.1986;142
18.12.1986;142
19.12.1986;150
20.12.1986;158
21.12.1986;159
22.12.1986;160
23.12.1986;161
24.12.1986;160
25.12.1986;158
26.12.1986;155
27.12.1986;154
28.12.1986;156
29.12.1986;162
30.12.1986;169
31.12.1986;181
01.01.1987;203
02.01.1987;199
03.01.1987;203
04.01.1987;204
05.01.1987;205
06.01.1987;208
07.01.1987;208
08.01.1987;208
09.01.1987;208
10.01.1987;201
11.01.1987;199
12.01.1987;199
13.01.1987;199
14.01.1987;198
15.01.1987;198
16.01.1987;197
17.01.1987;196
18.01.1987;196
19.01.1987;196
20.01.1987;196
21.01.1987;195
22.01.1987;195
23.01.1987;198
24.01.1987;202
25.01.1987;206
26.01.1987;210
27.01.1987;212
28.01.1987;213
29.01.1987;213
30.01.1987;213
31.01.1987;211
01.02.1987;211
02.02.1987;208
03.02.1987;207
04.02.1987;206
05.02.1987;205
06.02.1987;205
07.02.1987;208
08.02.1987;208
09.02.1987;208
10.02.1987;208
11.02.1987;209
12.02.1987;208
13.02.1987;208
14.02.1987;208
15.02.1987;208
16.02.1987;210
17.02.1987;212
18.02.1987;214
19.02.1987;216
20.02.1987;216
21.02.1987;217
22.02.1987;219
23.02.1987;218
24.02.1987;217
25.02.1987;216
26.02.1987;212
27.02.1987;210
28.02.1987;210
01.03.1987;184
02.03.1987;203
03.03.1987;204
04.03.1987;206
05.03.1987;205
06.03.1987;203
07.03.1987;199
08.03.1987;195
09.03.1987;192
10.03.1987;186
11.03.1987;184
12.03.1987;183
13.03.1987;181
14.03.1987;178
15.03.1987;174
16.03.1987;170
17.03.1987;166
18.03.1987;166
19.03.1987;167
20.03.1987;169
21.03.1987;171
22.03.1987;172
23.03.1987;172
24.03.1987;175
25.03.1987;177
26.03.1987;179
27.03.1987;181
28.03.1987;185
29.03.1987;187
30.03.1987;188
31.03.1987;188
01.04.1987;193
02.04.1987;187
03.04.1987;184
04.04.1987;184
05.04.1987;184
06.04.1987;187
07.04.1987;187
08.04.1987;188
09.04.1987;189
10.04.1987;190
11.04.1987;194
12.04.1987;197
13.04.1987;199
14.04.1987;202
15.04.1987;204
16.04.1987;204
17.04.1987;203
18.04.1987;202
19.04.1987;201
20.04.1987;200
21.04.1987;200
22.04.1987;201
23.04.1987;199
24.04.1987;197
25.04.1987;196
26.04.1987;194
27.04.1987;191
28.04.1987;189
29.04.1987;186
30.04.1987;181
01.05.1987;164
02.05.1987;176
03.05.1987;173
04.05.1987;172
05.05.1987;174
06.05.1987;173
07.05.1987;175
08.05.1987;175
09.05.1987;174
10.05.1987;173
11.05.1987;173
12.05.1987;173
13.05.1987;174
14.05.1987;172
15.05.1987;171
16.05.1987;172
17.05.1987;169
18.05.1987;165
19.05.1987;162
20.05.1987;158
21.05.1987;157
22.05.1987;155
23.05.1987;155
24.05.1987;152
25.05.1987;150
26.05.1987;147
27.05.1987;145
28.05.1987;147
29.05.1987;147
30.05.1987;149
31.05.1987;150
01.06.1987;150
02.06.1987;148
03.06.1987;146
04.06.1987;146
05.06.1987;149
06.06.1987;150
07.06.1987;149
08.06.1987;149
09.06.1987;148
10.06.1987;150
11.06.1987;151
12.06.1987;149
13.06.1987;147
14.06.1987;148
15.06.1987;147
16.06.1987;153
17.06.1987;154
18.06.1987;156
19.06.1987;159
20.06.1987;160
21.06.1987;161
22.06.1987;159
23.06.1987;155
24.06.1987;153
25.06.1987;151
26.06.1987;148
27.06.1987;146
28.06.1987;144
29.06.1987;143
30.06.1987;141
01.07.1987;143
02.07.1987;139
03.07.1987;137
04.07.1987;135
05.07.1987;133
06.07.1987;132
07.07.1987;131
08.07.1987;132
09.07.1987;133
10.07.1987;133
11.07.1987;133
12.07.1987;135
13.07.1987;136
14.07.1987;136
15.07.1987;135
16.07.1987;135
17.07.1987;133
18.07.1987;134
19.07.1987;140
20.07.1987;146
21.07.1987;152
22.07.1987;157
23.07.1987;162
24.07.1987;160
25.07.1987;160
26.07.1987;159
27.07.1987;158
28.07.1987;156
29.07.1987;152
30.07.1987;149
31.07.1987;148
01.08.1987;159
02.08.1987;151
03.08.1987;153
04.08.1987;154
05.08.1987;156
06.08.1987;160
07.08.1987;162
08.08.1987;161
09.08.1987;159
10.08.1987;159
11.08.1987;160
12.08.1987;162
13.08.1987;162
14.08.1987;163
15.08.1987;163
16.08.1987;163
17.08.1987;160
18.08.1987;157
19.08.1987;158
20.08.1987;158
21.08.1987;159
22.08.1987;158
23.08.1987;158
24.08.1987;159
25.08.1987;161
26.08.1987;161
27.08.1987;160
28.08.1987;160
29.08.1987;159
30.08.1987;158
31.08.1987;157
01.09.1987;153
02.09.1987;155
03.09.1987;154
04.09.1987;153
05.09.1987;150
06.09.1987;150
07.09.1987;149
08.09.1987;149
09.09.1987;150
10.09.1987;149
11.09.1987;147
12.09.1987;147
13.09.1987;148
14.09.1987;150
15.09.1987;150
16.09.1987;150
17.09.1987;148
18.09.1987;148
19.09.1987;147
20.09.1987;149
21.09.1987;151
22.09.1987;151
23.09.1987;154
24.09.1987;157
25.09.1987;162
26.09.1987;162
27.09.1987;162
28.09.1987;162
29.09.1987;162
30.09.1987;162
01.10.1987;147
02.10.1987;155
03.10.1987;153
04.10.1987;151
05.10.1987;149
06.10.1987;145
07.10.1987;144
08.10.1987;144
09.10.1987;145
10.10.1987;145
11.10.1987;146
12.10.1987;149
13.10.1987;150
14.10.1987;148
15.10.1987;145
16.10.1987;145
17.10.1987;144
18.10.1987;146
19.10.1987;146
20.10.1987;146
21.10.1987;146
22.10.1987;147
23.10.1987;147
24.10.1987;147
25.10.1987;148
26.10.1987;147
27.10.1987;147
28.10.1987;146
29.10.1987;145
30.10.1987;145
31.10.1987;144
01.11.1987;158
02.11.1987;145
03.11.1987;144
04.11.1987;145
05.11.1987;144
06.11.1987;145
07.11.1987;146
08.11.1987;145
09.11.1987;146
10.11.1987;148
11.11.1987;150
12.11.1987;151
13.11.1987;151
14.11.1987;151
15.11.1987;153
16.11.1987;155
17.11.1987;158
18.11.1987;165
19.11.1987;168
20.11.1987;172
21.11.1987;175
22.11.1987;175
23.11.1987;174
24.11.1987;175
25.11.1987;173
26.11.1987;172
27.11.1987;170
28.11.1987;169
29.11.1987;169
30.11.1987;169
01.12.1987;166
02.12.1987;168
03.12.1987;165
04.12.1987;165
05.12.1987;164
06.12.1987;163
07.12.1987;160
08.12.1987;157
09.12.1987;156
10.12.1987;157
11.12.1987;156
12.12.1987;157
13.12.1987;157
14.12.1987;156
15.12.1987;156
16.12.1987;155
17.12.1987;156
18.12.1987;157
19.12.1987;161
20.12.1987;166
21.12.1987;169
22.12.1987;173
23.12.1987;176
24.12.1987;178
25.12.1987;177
26.12.1987;175
27.12.1987;175
28.12.1987;175
29.12.1987;178
30.12.1987;181
31.12.1987;184
01.01.1988;182
02.01.1988;184
03.01.1988;184
04.01.1988;184
05.01.1988;185
06.01.1988;185
07.01.1988;184
08.01.1988;184
09.01.1988;182
10.01.1988;181
11.01.1988;180
12.01.1988;178
13.01.1988;176
14.01.1988;174
15.01.1988;174
16.01.1988;173
17.01.1988;172
18.01.1988;172
19.01.1988;171
20.01.1988;170
21.01.1988;171
22.01.1988;169
23.01.1988;166
24.01.1988;165
25.01.1988;165
26.01.1988;167
27.01.1988;169
28.01.1988;170
29.01.1988;172
30.01.1988;173
31.01.1988;173
01.02.1988;184
02.02.1988;177
03.02.1988;179
04.02.1988;182
05.02.1988;183
06.02.1988;183
07.02.1988;184
08.02.1988;184
09.02.1988;184
10.02.1988;184
11.02.1988;184
12.02.1988;184
13.02.1988;184
14.02.1988;184
15.02.1988;183
16.02.1988;181
17.02.1988;180
18.02.1988;179
19.02.1988;180
20.02.1988;181
21.02.1988;181
22.02.1988;182
23.02.1988;182
24.02.1988;184
25.02.1988;187
26.02.1988;190
27.02.1988;193
28.02.1988;195
29.02.1988;198
01.03.1988;219
02.03.1988;204
03.03.1988;206
04.03.1988;208
05.03.1988;210
06.03.1988;212
07.03.1988;214
08.03.1988;215
09.03.1988;215
10.03.1988;216
11.03.1988;217
12.03.1988;219
13.03.1988;221
14.03.1988;221
15.03.1988;222
16.03.1988;225
17.03.1988;226
18.03.1988;228
19.03.1988;229
20.03.1988;229
21.03.1988;229
22.03.1988;228
23.03.1988;228
24.03.1988;227
25.03.1988;227
26.03.1988;221
27.03.1988;221
28.03.1988;220
29.03.1988;220
30.03.1988;219
31.03.1988;219
01.04.1988;194
02.04.1988;218
03.04.1988;218
04.04.1988;218
05.04.1988;217
06.04.1988;217
07.04.1988;215
08.04.1988;214
09.04.1988;212
10.04.1988;211
11.04.1988;210
12.04.1988;208
13.04.1988;206
14.04.1988;204
15.04.1988;203
16.04.1988;201
17.04.1988;199
18.04.1988;196
19.04.1988;192
20.04.1988;188
21.04.1988;183
22.04.1988;178
23.04.1988;174
24.04.1988;171
25.04.1988;167
26.04.1988;165
27.04.1988;163
28.04.1988;159
29.04.1988;154
30.04.1988;151
01.05.1988;141
02.05.1988;148
03.05.1988;148
04.05.1988;148
05.05.1988;149
06.05.1988;149
07.05.1988;149
08.05.1988;149
09.05.1988;148
10.05.1988;145
11.05.1988;142
12.05.1988;140
13.05.1988;137
14.05.1988;135
15.05.1988;135
16.05.1988;135
17.05.1988;135
18.05.1988;135
19.05.1988;136
20.05.1988;137
21.05.1988;138
22.05.1988;138
23.05.1988;139
24.05.1988;140
25.05.1988;140
26.05.1988;140
27.05.1988;136
28.05.1988;135
29.05.1988;133
30.05.1988;133
31.05.1988;134
01.06.1988;142
02.06.1988;131
03.06.1988;133
04.06.1988;134
05.06.1988;137
06.06.1988;138
07.06.1988;139
08.06.1988;143
09.06.1988;147
10.06.1988;153
11.06.1988;155
12.06.1988;155
13.06.1988;155
14.06.1988;154
15.06.1988;150
16.06.1988;146
17.06.1988;145
18.06.1988;142
19.06.1988;140
20.06.1988;138
21.06.1988;137
22.06.1988;136
23.06.1988;136
24.06.1988;135
25.06.1988;136
26.06.1988;136
27.06.1988;139
28.06.1988;143
29.06.1988;147
30.06.1988;155
01.07.1988;142
02.07.1988;157
03.07.1988;155
04.07.1988;150
05.07.1988;145
06.07.1988;143
07.07.1988;141
08.07.1988;140
09.07.1988;140
10.07.1988;142
11.07.1988;143
12.07.1988;146
13.07.1988;146
14.07.1988;147
15.07.1988;145
16.07.1988;144
17.07.1988;141
18.07.1988;139
19.07.1988;137
20.07.1988;136
21.07.1988;138
22.07.1988;140
23.07.1988;141
24.07.1988;141
25.07.1988;140
26.07.1988;137
27.07.1988;136
28.07.1988;135
29.07.1988;133
30.07.1988;132
31.07.1988;131
01.08.1988;133
02.08.1988;132
03.08.1988;132
04.08.1988;133
05.08.1988;133
06.08.1988;135
07.08.1988;135
08.08.1988;134
09.08.1988;134
10.08.1988;134
11.08.1988;135
12.08.1988;134
13.08.1988;133
14.08.1988;130
15.08.1988;129
16.08.1988;129
17.08.1988;129
18.08.1988;129
19.08.1988;130
20.08.1988;131
21.08.1988;132
22.08.1988;131
23.08.1988;132
24.08.1988;131
25.08.1988;131
26.08.1988;132
27.08.1988;134
28.08.1988;134
29.08.1988;135
30.08.1988;137
31.08.1988;137
01.09.1988;139
02.09.1988;138
03.09.1988;140
04.09.1988;140
05.09.1988;139
06.09.1988;139
07.09.1988;136
08.09.1988;134
09.09.1988;134
10.09.1988;134
11.09.1988;134
12.09.1988;135
13.09.1988;137
14.09.1988;139
15.09.1988;140
16.09.1988;141
17.09.1988;141
18.09.1988;141
19.09.1988;138
20.09.1988;137
21.09.1988;138
22.09.1988;138
23.09.1988;139
24.09.1988;142
25.09.1988;143
26.09.1988;143
27.09.1988;143
28.09.1988;142
29.09.1988;142
30.09.1988;142
01.10.1988;142
02.10.1988;140
03.10.1988;138
04.10.1988;137
05.10.1988;136
06.10.1988;136
07.10.1988;137
08.10.1988;138
09.10.1988;137
10.10.1988;137
11.10.1988;136
12.10.1988;135
13.10.1988;135
14.10.1988;135
15.10.1988;134
16.10.1988;134
17.10.1988;134
18.10.1988;135
19.10.1988;137
20.10.1988;137
21.10.1988;138
22.10.1988;140
23.10.1988;141
24.10.1988;142
25.10.1988;141
26.10.1988;139
27.10.1988;139
28.10.1988;139
29.10.1988;139
30.10.1988;138
31.10.1988;138
01.11.1988;140
02.11.1988;144
03.11.1988;145
04.11.1988;145
05.11.1988;145
06.11.1988;145
07.11.1988;143
08.11.1988;142
09.11.1988;140
10.11.1988;139
11.11.1988;138
12.11.1988;137
13.11.1988;138
14.11.1988;139
15.11.1988;140
16.11.1988;141
17.11.1988;142
18.11.1988;144
19.11.1988;145
20.11.1988;145
21.11.1988;145
22.11.1988;143
23.11.1988;142
24.11.1988;143
25.11.1988;146
26.11.1988;147
27.11.1988;149
28.11.1988;149
29.11.1988;153
30.11.1988;155
01.12.1988;160
02.12.1988;151
03.12.1988;150
04.12.1988;149
05.12.1988;150
06.12.1988;150
07.12.1988;150
08.12.1988;151
09.12.1988;154
10.12.1988;155
11.12.1988;158
12.12.1988;161
13.12.1988;162
14.12.1988;163
15.12.1988;162
16.12.1988;162
17.12.1988;161
18.12.1988;159
19.12.1988;160
20.12.1988;162
21.12.1988;162
22.12.1988;164
23.12.1988;165
24.12.1988;167
25.12.1988;169
26.12.1988;169
27.12.1988;169
28.12.1988;168
29.12.1988;166
30.12.1988;164
31.12.1988;163
01.01.1989;162
02.01.1989;161
03.01.1989;160
04.01.1989;159
05.01.1989;159
06.01.1989;160
07.01.1989;159
08.01.1989;160
09.01.1989;160
10.01.1989;160
11.01.1989;161
12.01.1989;161
13.01.1989;161
14.01.1989;161
15.01.1989;160
16.01.1989;159
17.01.1989;158
18.01.1989;157
19.01.1989;156
20.01.1989;155
21.01.1989;155
22.01.1989;154
23.01.1989;153
24.01.1989;152
25.01.1989;151
26.01.1989;150
27.01.1989;149
28.01.1989;149
29.01.1989;148
30.01.1989;147
31.01.1989;146
01.02.1989;148
02.02.1989;145
03.02.1989;145
04.02.1989;145
05.02.1989;145
06.02.1989;146
07.02.1989;147
08.02.1989;147
09.02.1989;147
10.02.1989;147
11.02.1989;147
12.02.1989;146
13.02.1989;146
14.02.1989;146
15.02.1989;146
16.02.1989;146
17.02.1989;146
18.02.1989;146
19.02.1989;147
20.02.1989;149
21.02.1989;150
22.02.1989;151
23.02.1989;151
24.02.1989;151
25.02.1989;151
26.02.1989;151
27.02.1989;151
28.02.1989;151
01.03.1989;147
02.03.1989;151
03.03.1989;151
04.03.1989;150
05.03.1989;150
06.03.1989;151
07.03.1989;150
08.03.1989;150
09.03.1989;150
10.03.1989;149
11.03.1989;149
12.03.1989;148
13.03.1989;147
14.03.1989;147
15.03.1989;146
16.03.1989;146
17.03.1989;145
18.03.1989;145
19.03.1989;145
20.03.1989;145
21.03.1989;145
22.03.1989;145
23.03.1989;145
24.03.1989;145
25.03.1989;145
26.03.1989;145
27.03.1989;145
28.03.1989;145
29.03.1989;145
30.03.1989;145
31.03.1989;145
01.04.1989;142
02.04.1989;144
03.04.1989;143
04.04.1989;143
05.04.1989;141
06.04.1989;139
07.04.1989;138
08.04.1989;138
09.04.1989;138
10.04.1989;138
11.04.1989;138
12.04.1989;139
13.04.1989;139
14.04.1989;139
15.04.1989;140
16.04.1989;140
17.04.1989;139
18.04.1989;139
19.04.1989;139
20.04.1989;139
21.04.1989;138
22.04.1989;140
23.04.1989;141
24.04.1989;142
25.04.1989;144
26.04.1989;147
27.04.1989;148
28.04.1989;149
29.04.1989;150
30.04.1989;150
01.05.1989;143
02.05.1989;150
03.05.1989;149
04.05.1989;149
05.05.1989;149
06.05.1989;148
07.05.1989;148
08.05.1989;147
09.05.1989;146
10.05.1989;145
11.05.1989;145
12.05.1989;145
13.05.1989;145
14.05.1989;144
15.05.1989;144
16.05.1989;144
17.05.1989;143
18.05.1989;143
19.05.1989;143
20.05.1989;142
21.05.1989;141
22.05.1989;140
23.05.1989;139
24.05.1989;137
25.05.1989;136
26.05.1989;135
27.05.1989;134
28.05.1989;134
29.05.1989;135
30.05.1989;136
31.05.1989;139
01.06.1989;138
02.06.1989;139
03.06.1989;141
04.06.1989;143
05.06.1989;145
06.06.1989;146
07.06.1989;146
08.06.1989;146
09.06.1989;143
10.06.1989;142
11.06.1989;139
12.06.1989;138
13.06.1989;137
14.06.1989;136
15.06.1989;136
16.06.1989;136
17.06.1989;135
18.06.1989;135
19.06.1989;134
20.06.1989;134
21.06.1989;134
22.06.1989;134
23.06.1989;134
24.06.1989;133
25.06.1989;133
26.06.1989;133
27.06.1989;135
28.06.1989;135
29.06.1989;135
30.06.1989;135
01.07.1989;135
02.07.1989;137
03.07.1989;137
04.07.1989;137
05.07.1989;137
06.07.1989;137
07.07.1989;137
08.07.1989;137
09.07.1989;136
10.07.1989;136
11.07.1989;136
12.07.1989;135
13.07.1989;135
14.07.1989;135
15.07.1989;135
16.07.1989;135
17.07.1989;134
18.07.1989;134
19.07.1989;134
20.07.1989;134
21.07.1989;134
22.07.1989;134
23.07.1989;134
24.07.1989;133
25.07.1989;133
26.07.1989;133
27.07.1989;133
28.07.1989;133
29.07.1989;133
30.07.1989;134
31.07.1989;135
01.08.1989;134
02.08.1989;135
03.08.1989;135
04.08.1989;135
05.08.1989;135
06.08.1989;135
07.08.1989;135
08.08.1989;135
09.08.1989;135
10.08.1989;135
11.08.1989;135
12.08.1989;135
13.08.1989;134
14.08.1989;133
15.08.1989;133
16.08.1989;131
17.08.1989;132
18.08.1989;130
19.08.1989;130
20.08.1989;131
21.08.1989;132
22.08.1989;132
23.08.1989;133
24.08.1989;135
25.08.1989;135
26.08.1989;135
27.08.1989;136
28.08.1989;137
29.08.1989;138
30.08.1989;139
31.08.1989;139
01.09.1989;131
02.09.1989;132
03.09.1989;129
04.09.1989;128
05.09.1989;127
06.09.1989;127
07.09.1989;128
08.09.1989;128
09.09.1989;129
10.09.1989;129
11.09.1989;130
12.09.1989;130
13.09.1989;130
14.09.1989;131
15.09.1989;131
16.09.1989;131
17.09.1989;131
18.09.1989;131
19.09.1989;131
20.09.1989;131
21.09.1989;130
22.09.1989;130
23.09.1989;131
24.09.1989;131
25.09.1989;131
26.09.1989;133
27.09.1989;134
28.09.1989;135
29.09.1989;135
30.09.1989;135
01.10.1989;135
02.10.1989;137
03.10.1989;136
04.10.1989;137
05.10.1989;136
06.10.1989;136
07.10.1989;135
08.10.1989;132
09.10.1989;132
10.10.1989;133
11.10.1989;136
12.10.1989;137
13.10.1989;139
14.10.1989;139
15.10.1989;137
16.10.1989;135
17.10.1989;133
18.10.1989;131
19.10.1989;131
20.10.1989;133
21.10.1989;136
22.10.1989;137
23.10.1989;136
24.10.1989;137
25.10.1989;136
26.10.1989;135
27.10.1989;133
28.10.1989;133
29.10.1989;134
30.10.1989;135
31.10.1989;136
01.11.1989;146
02.11.1989;134
03.11.1989;132
04.11.1989;136
05.11.1989;137
06.11.1989;138
07.11.1989;149
08.11.1989;155
09.11.1989;156
10.11.1989;155
11.11.1989;154
12.11.1989;155
13.11.1989;153
14.11.1989;150
15.11.1989;148
16.11.1989;146
17.11.1989;148
18.11.1989;147
19.11.1989;145
20.11.1989;144
21.11.1989;143
22.11.1989;141
23.11.1989;141
24.11.1989;143
25.11.1989;142
26.11.1989;148
27.11.1989;149
28.11.1989;152
29.11.1989;154
30.11.1989;153
01.12.1989;153
02.12.1989;148
03.12.1989;148
04.12.1989;147
05.12.1989;143
06.12.1989;145
07.12.1989;144
08.12.1989;143
09.12.1989;143
10.12.1989;143
11.12.1989;147
12.12.1989;149
13.12.1989;150
14.12.1989;155
15.12.1989;160
16.12.1989;160
17.12.1989;162
18.12.1989;160
19.12.1989;158
20.12.1989;154
21.12.1989;155
22.12.1989;155
23.12.1989;159
24.12.1989;160
25.12.1989;161
26.12.1989;161
27.12.1989;160
28.12.1989;158
29.12.1989;157
30.12.1989;155
31.12.1989;152
01.01.1990;149
02.01.1990;150
03.01.1990;150
04.01.1990;147
05.01.1990;147
06.01.1990;147
07.01.1990;145
08.01.1990;145
09.01.1990;144
10.01.1990;144
11.01.1990;144
12.01.1990;143
13.01.1990;143
14.01.1990;143
15.01.1990;145
16.01.1990;146
17.01.1990;147
18.01.1990;149
19.01.1990;151
20.01.1990;152
21.01.1990;152
22.01.1990;153
23.01.1990;152
24.01.1990;154
25.01.1990;155
26.01.1990;159
27.01.1990;158
28.01.1990;156
29.01.1990;155
30.01.1990;153
31.01.1990;151
01.02.1990;150
02.02.1990;150
03.02.1990;148
04.02.1990;150
05.02.1990;148
06.02.1990;144
07.02.1990;143
08.02.1990;145
09.02.1990;145
10.02.1990;144
11.02.1990;145
12.02.1990;146
13.02.1990;147
14.02.1990;148
15.02.1990;149
16.02.1990;150
17.02.1990;152
18.02.1990;154
19.02.1990;157
20.02.1990;156
21.02.1990;153
22.02.1990;153
23.02.1990;152
24.02.1990;150
25.02.1990;150
26.02.1990;152
27.02.1990;154
28.02.1990;155
01.03.1990;151
02.03.1990;158
03.03.1990;160
04.03.1990;162
05.03.1990;161
06.03.1990;162
07.03.1990;161
08.03.1990;160
09.03.1990;160
10.03.1990;158
11.03.1990;158
12.03.1990;156
13.03.1990;154
14.03.1990;152
15.03.1990;151
16.03.1990;149
17.03.1990;149
18.03.1990;150
19.03.1990;149
20.03.1990;148
21.03.1990;146
22.03.1990;146
23.03.1990;147
24.03.1990;146
25.03.1990;146
26.03.1990;144
27.03.1990;141
28.03.1990;141
29.03.1990;141
30.03.1990;140
31.03.1990;139
01.04.1990;138
02.04.1990;138
03.04.1990;139
04.04.1990;140
05.04.1990;139
06.04.1990;140
07.04.1990;141
08.04.1990;141
09.04.1990;139
10.04.1990;139
11.04.1990;140
12.04.1990;140
13.04.1990;137
14.04.1990;135
15.04.1990;134
16.04.1990;134
17.04.1990;135
18.04.1990;135
19.04.1990;135
20.04.1990;137
21.04.1990;137
22.04.1990;138
23.04.1990;137
24.04.1990;136
25.04.1990;134
26.04.1990;133
27.04.1990;135
28.04.1990;137
29.04.1990;137
30.04.1990;138
01.05.1990;132
02.05.1990;138
03.05.1990;138
04.05.1990;136
05.05.1990;134
06.05.1990;132
07.05.1990;131
08.05.1990;131
09.05.1990;131
10.05.1990;131
11.05.1990;131
12.05.1990;132
13.05.1990;134
14.05.1990;136
15.05.1990;136
16.05.1990;136
17.05.1990;136
18.05.1990;135
19.05.1990;133
20.05.1990;133
21.05.1990;132
22.05.1990;131
23.05.1990;130
24.05.1990;129
25.05.1990;129
26.05.1990;128
27.05.1990;128
28.05.1990;128
29.05.1990;128
30.05.1990;129
31.05.1990;129
01.06.1990;147
02.06.1990;130
03.06.1990;132
04.06.1990;133
05.06.1990;136
06.06.1990;135
07.06.1990;135
08.06.1990;137
09.06.1990;143
10.06.1990;159
11.06.1990;171
12.06.1990;178
13.06.1990;174
14.06.1990;168
15.06.1990;164
16.06.1990;160
17.06.1990;156
18.06.1990;152
19.06.1990;148
20.06.1990;146
21.06.1990;149
22.06.1990;148
23.06.1990;148
24.06.1990;146
25.06.1990;146
26.06.1990;143
27.06.1990;140
28.06.1990;137
29.06.1990;135
30.06.1990;137
01.07.1990;136
02.07.1990;141
03.07.1990;141
04.07.1990;141
05.07.1990;142
06.07.1990;143
07.07.1990;140
08.07.1990;138
09.07.1990;138
10.07.1990;137
11.07.1990;137
12.07.1990;135
13.07.1990;134
14.07.1990;133
15.07.1990;132
16.07.1990;133
17.07.1990;133
18.07.1990;133
19.07.1990;132
20.07.1990;132
21.07.1990;133
22.07.1990;134
23.07.1990;135
24.07.1990;135
25.07.1990;136
26.07.1990;136
27.07.1990;136
28.07.1990;136
29.07.1990;135
30.07.1990;134
31.07.1990;132
01.08.1990;130
02.08.1990;128
03.08.1990;127
04.08.1990;127
05.08.1990;128
06.08.1990;128
07.08.1990;127
08.08.1990;127
09.08.1990;127
10.08.1990;129
11.08.1990;129
12.08.1990;129
13.08.1990;131
14.08.1990;133
15.08.1990;136
16.08.1990;136
17.08.1990;135
18.08.1990;132
19.08.1990;131
20.08.1990;132
21.08.1990;134
22.08.1990;134
23.08.1990;135
24.08.1990;134
25.08.1990;134
26.08.1990;135
27.08.1990;134
28.08.1990;132
29.08.1990;130
30.08.1990;129
31.08.1990;130
01.09.1990;139
02.09.1990;137
03.09.1990;139
04.09.1990;140
05.09.1990;141
06.09.1990;140
07.09.1990;139
08.09.1990;139
09.09.1990;138
10.09.1990;137
11.09.1990;136
12.09.1990;136
13.09.1990;137
14.09.1990;137
15.09.1990;138
16.09.1990;138
17.09.1990;138
18.09.1990;139
19.09.1990;140
20.09.1990;141
21.09.1990;142
22.09.1990;143
23.09.1990;141
24.09.1990;140
25.09.1990;140
26.09.1990;140
27.09.1990;140
28.09.1990;140
29.09.1990;140
30.09.1990;140
01.10.1990;138
02.10.1990;142
03.10.1990;142
04.10.1990;142
05.10.1990;140
06.10.1990;139
07.10.1990;137
08.10.1990;135
09.10.1990;134
10.10.1990;136
11.10.1990;136
12.10.1990;135
13.10.1990;136
14.10.1990;138
15.10.1990;138
16.10.1990;138
17.10.1990;138
18.10.1990;138
19.10.1990;138
20.10.1990;138
21.10.1990;138
22.10.1990;138
23.10.1990;138
24.10.1990;138
25.10.1990;138
26.10.1990;138
27.10.1990;139
28.10.1990;138
29.10.1990;138
30.10.1990;138
31.10.1990;139
01.11.1990;146
02.11.1990;142
03.11.1990;144
04.11.1990;144
05.11.1990;144
06.11.1990;144
07.11.1990;144
08.11.1990;144
09.11.1990;142
10.11.1990;140
11.11.1990;138
12.11.1990;138
13.11.1990;137
14.11.1990;137
15.11.1990;137
16.11.1990;138
17.11.1990;142
18.11.1990;146
19.11.1990;150
20.11.1990;152
21.11.1990;154
22.11.1990;154
23.11.1990;154
24.11.1990;154
25.11.1990;152
26.11.1990;151
27.11.1990;152
28.11.1990;152
29.11.1990;153
30.11.1990;152
01.12.1990;153
02.12.1990;151
03.12.1990;151
04.12.1990;153
05.12.1990;153
06.12.1990;152
07.12.1990;148
08.12.1990;148
09.12.1990;147
10.12.1990;143
11.12.1990;149
12.12.1990;154
13.12.1990;155
14.12.1990;157
15.12.1990;158
16.12.1990;158
17.12.1990;156
18.12.1990;154
19.12.1990;152
20.12.1990;152
21.12.1990;153
22.12.1990;153
23.12.1990;152
24.12.1990;152
25.12.1990;152
26.12.1990;151
27.12.1990;152
28.12.1990;153
29.12.1990;153
30.12.1990;156
31.12.1990;158
01.01.1991;157
02.01.1991;163
03.01.1991;167
04.01.1991;168
05.01.1991;168
06.01.1991;169
07.01.1991;168
08.01.1991;167
09.01.1991;167
10.01.1991;167
11.01.1991;165
12.01.1991;164
13.01.1991;159
14.01.1991;158
15.01.1991;157
16.01.1991;154
17.01.1991;152
18.01.1991;151
19.01.1991;151
20.01.1991;150
21.01.1991;149
22.01.1991;146
23.01.1991;145
24.01.1991;147
25.01.1991;147
26.01.1991;149
27.01.1991;150
28.01.1991;151
29.01.1991;153
30.01.1991;150
31.01.1991;148
01.02.1991;146
02.02.1991;145
03.02.1991;144
04.02.1991;144
05.02.1991;142
06.02.1991;141
07.02.1991;140
08.02.1991;140
09.02.1991;141
10.02.1991;142
11.02.1991;143
12.02.1991;143
13.02.1991;144
14.02.1991;146
15.02.1991;147
16.02.1991;148
17.02.1991;149
18.02.1991;147
19.02.1991;147
20.02.1991;145
21.02.1991;145
22.02.1991;146
23.02.1991;147
24.02.1991;148
25.02.1991;150
26.02.1991;152
27.02.1991;153
28.02.1991;152
01.03.1991;148
02.03.1991;147
03.03.1991;146
04.03.1991;145
05.03.1991;143
06.03.1991;143
07.03.1991;144
08.03.1991;144
09.03.1991;145
10.03.1991;146
11.03.1991;146
12.03.1991;147
13.03.1991;147
14.03.1991;147
15.03.1991;148
16.03.1991;147
17.03.1991;147
18.03.1991;146
19.03.1991;146
20.03.1991;147
21.03.1991;149
22.03.1991;154
23.03.1991;158
24.03.1991;158
25.03.1991;154
26.03.1991;151
27.03.1991;150
28.03.1991;147
29.03.1991;145
30.03.1991;143
31.03.1991;145
01.04.1991;144
02.04.1991;147
03.04.1991;148
04.04.1991;148
05.04.1991;149
06.04.1991;150
07.04.1991;149
08.04.1991;149
09.04.1991;147
10.04.1991;145
11.04.1991;144
12.04.1991;141
13.04.1991;141
14.04.1991;141
15.04.1991;142
16.04.1991;142
17.04.1991;142
18.04.1991;142
19.04.1991;142
20.04.1991;143
21.04.1991;144
22.04.1991;144
23.04.1991;143
24.04.1991;144
25.04.1991;143
26.04.1991;144
27.04.1991;144
28.04.1991;143
29.04.1991;140
30.04.1991;139
01.05.1991;145
02.05.1991;141
03.05.1991;140
04.05.1991;141
05.05.1991;142
06.05.1991;142
07.05.1991;146
08.05.1991;149
09.05.1991;151
10.05.1991;150
11.05.1991;151
12.05.1991;151
13.05.1991;148
14.05.1991;147
15.05.1991;147
16.05.1991;147
17.05.1991;147
18.05.1991;148
19.05.1991;149
20.05.1991;149
21.05.1991;149
22.05.1991;147
23.05.1991;144
24.05.1991;143
25.05.1991;143
26.05.1991;142
27.05.1991;141
28.05.1991;139
29.05.1991;138
30.05.1991;138
31.05.1991;136
01.06.1991;135
02.06.1991;130
03.06.1991;129
04.06.1991;130
05.06.1991;131
06.06.1991;131
07.06.1991;132
08.06.1991;132
09.06.1991;132
10.06.1991;134
11.06.1991;137
12.06.1991;136
13.06.1991;135
14.06.1991;133
15.06.1991;131
16.06.1991;133
17.06.1991;131
18.06.1991;135
19.06.1991;137
20.06.1991;138
21.06.1991;138
22.06.1991;137
23.06.1991;138
24.06.1991;139
25.06.1991;139
26.06.1991;139
27.06.1991;139
28.06.1991;140
29.06.1991;140
30.06.1991;138
01.07.1991;131
02.07.1991;135
03.07.1991;134
04.07.1991;133
05.07.1991;130
06.07.1991;129
07.07.1991;128
08.07.1991;129
09.07.1991;130
10.07.1991;131
11.07.1991;131
12.07.1991;131
13.07.1991;132
14.07.1991;133
15.07.1991;133
16.07.1991;132
17.07.1991;131
18.07.1991;130
19.07.1991;130
20.07.1991;129
21.07.1991;129
22.07.1991;129
23.07.1991;129
24.07.1991;129
25.07.1991;131
26.07.1991;133
27.07.1991;133
28.07.1991;132
29.07.1991;130
30.07.1991;128
31.07.1991;126
01.08.1991;130
02.08.1991;129
03.08.1991;129
04.08.1991;129
05.08.1991;129
06.08.1991;129
07.08.1991;129
08.08.1991;130
09.08.1991;130
10.08.1991;130
11.08.1991;131
12.08.1991;131
13.08.1991;131
14.08.1991;130
15.08.1991;130
16.08.1991;130
17.08.1991;131
18.08.1991;132
19.08.1991;132
20.08.1991;131
21.08.1991;131
22.08.1991;132
23.08.1991;132
24.08.1991;132
25.08.1991;132
26.08.1991;131
27.08.1991;129
28.08.1991;128
29.08.1991;128
30.08.1991;128
31.08.1991;128
01.09.1991;131
02.09.1991;127
03.09.1991;127
04.09.1991;127
05.09.1991;128
06.09.1991;128
07.09.1991;128
08.09.1991;127
09.09.1991;128
10.09.1991;128
11.09.1991;130
12.09.1991;130
13.09.1991;131
14.09.1991;131
15.09.1991;132
16.09.1991;133
17.09.1991;135
18.09.1991;135
19.09.1991;134
20.09.1991;134
21.09.1991;133
22.09.1991;133
23.09.1991;134
24.09.1991;134
25.09.1991;134
26.09.1991;133
27.09.1991;135
28.09.1991;134
29.09.1991;133
30.09.1991;133
01.10.1991;131
02.10.1991;133
03.10.1991;130
04.10.1991;128
05.10.1991;127
06.10.1991;127
07.10.1991;127
08.10.1991;127
09.10.1991;128
10.10.1991;128
11.10.1991;128
12.10.1991;129
13.10.1991;131
14.10.1991;133
15.10.1991;133
16.10.1991;133
17.10.1991;135
18.10.1991;138
19.10.1991;137
20.10.1991;136
21.10.1991;135
22.10.1991;133
23.10.1991;132
24.10.1991;130
25.10.1991;129
26.10.1991;128
27.10.1991;128
28.10.1991;128
29.10.1991;128
30.10.1991;127
31.10.1991;126
01.11.1991;138
02.11.1991;127
03.11.1991;129
04.11.1991;132
05.11.1991;135
06.11.1991;137
07.11.1991;141
08.11.1991;144
09.11.1991;145
10.11.1991;145
11.11.1991;144
12.11.1991;144
13.11.1991;142
14.11.1991;140
15.11.1991;138
16.11.1991;137
17.11.1991;136
18.11.1991;137
19.11.1991;138
20.11.1991;138
21.11.1991;137
22.11.1991;136
23.11.1991;136
24.11.1991;136
25.11.1991;136
26.11.1991;137
27.11.1991;138
28.11.1991;138
29.11.1991;138
30.11.1991;138
01.12.1991;139
02.12.1991;136
03.12.1991;134
04.12.1991;134
05.12.1991;134
06.12.1991;134
07.12.1991;135
08.12.1991;135
09.12.1991;134
10.12.1991;135
11.12.1991;136
12.12.1991;136
13.12.1991;137
14.12.1991;138
15.12.1991;137
16.12.1991;136
17.12.1991;136
18.12.1991;138
19.12.1991;141
20.12.1991;147
21.12.1991;148
22.12.1991;146
23.12.1991;146
24.12.1991;146
25.12.1991;143
26.12.1991;142
27.12.1991;142
28.12.1991;140
29.12.1991;141
30.12.1991;141
31.12.1991;141
01.01.1992;144
02.01.1992;144
03.01.1992;144
04.01.1992;144
05.01.1992;144
06.01.1992;144
07.01.1992;145
08.01.1992;144
09.01.1992;143
10.01.1992;142
11.01.1992;142
12.01.1992;143
13.01.1992;142
14.01.1992;142
15.01.1992;143
16.01.1992;144
17.01.1992;146
18.01.1992;146
19.01.1992;149
20.01.1992;151
21.01.1992;152
22.01.1992;151
23.01.1992;148
24.01.1992;147
25.01.1992;144
26.01.1992;142
27.01.1992;141
28.01.1992;141
29.01.1992;140
30.01.1992;139
31.01.1992;139
01.02.1992;148
02.02.1992;141
03.02.1992;144
04.02.1992;149
05.02.1992;149
06.02.1992;148
07.02.1992;149
08.02.1992;148
09.02.1992;147
10.02.1992;147
11.02.1992;149
12.02.1992;150
13.02.1992;152
14.02.1992;152
15.02.1992;151
16.02.1992;152
17.02.1992;150
18.02.1992;149
19.02.1992;148
20.02.1992;148
21.02.1992;146
22.02.1992;147
23.02.1992;148
24.02.1992;151
25.02.1992;153
26.02.1992;150
27.02.1992;150
28.02.1992;146
29.02.1992;146
01.03.1992;153
02.03.1992;146
03.03.1992;147
04.03.1992;148
05.03.1992;146
06.03.1992;146
07.03.1992;144
08.03.1992;144
09.03.1992;143
10.03.1992;143
11.03.1992;143
12.03.1992;144
13.03.1992;148
14.03.1992;151
15.03.1992;151
16.03.1992;149
17.03.1992;147
18.03.1992;146
19.03.1992;145
20.03.1992;145
21.03.1992;151
22.03.1992;156
23.03.1992;160
24.03.1992;161
25.03.1992;166
26.03.1992;168
27.03.1992;169
28.03.1992;173
29.03.1992;175
30.03.1992;175
31.03.1992;175
01.04.1992;157
02.04.1992;178
03.04.1992;177
04.04.1992;177
05.04.1992;175
06.04.1992;173
07.04.1992;170
08.04.1992;169
09.04.1992;167
10.04.1992;164
11.04.1992;161
12.04.1992;157
13.04.1992;154
14.04.1992;153
15.04.1992;151
16.04.1992;151
17.04.1992;151
18.04.1992;151
19.04.1992;152
20.04.1992;151
21.04.1992;148
22.04.1992;146
23.04.1992;145
24.04.1992;146
25.04.1992;144
26.04.1992;145
27.04.1992;147
28.04.1992;146
29.04.1992;145
30.04.1992;143
01.05.1992;133
02.05.1992;140
03.05.1992;139
04.05.1992;138
05.05.1992;139
06.05.1992;141
07.05.1992;141
08.05.1992;140
09.05.1992;138
10.05.1992;140
11.05.1992;140
12.05.1992;140
13.05.1992;141
14.05.1992;139
15.05.1992;141
16.05.1992;133
17.05.1992;133
18.05.1992;133
19.05.1992;132
20.05.1992;132
21.05.1992;131
22.05.1992;129
23.05.1992;126
24.05.1992;124
25.05.1992;123
26.05.1992;122
27.05.1992;122
28.05.1992;123
29.05.1992;124
30.05.1992;125
31.05.1992;126
01.06.1992;125
02.06.1992;127
03.06.1992;128
04.06.1992;127
05.06.1992;126
06.06.1992;124
07.06.1992;122
08.06.1992;121
09.06.1992;122
10.06.1992;122
11.06.1992;123
12.06.1992;125
13.06.1992;126
14.06.1992;127
15.06.1992;128
16.06.1992;129
17.06.1992;129
18.06.1992;129
19.06.1992;128
20.06.1992;126
21.06.1992;126
22.06.1992;125
23.06.1992;124
24.06.1992;123
25.06.1992;122
26.06.1992;122
27.06.1992;122
28.06.1992;122
29.06.1992;122
30.06.1992;122
01.07.1992;126
02.07.1992;123
03.07.1992;122
04.07.1992;123
05.07.1992;129
06.07.1992;131
07.07.1992;130
08.07.1992;127
09.07.1992;125
10.07.1992;125
11.07.1992;124
12.07.1992;125
13.07.1992;125
14.07.1992;125
15.07.1992;126
16.07.1992;126
17.07.1992;127
18.07.1992;130
19.07.1992;130
20.07.1992;129
21.07.1992;130
22.07.1992;130
23.07.1992;128
24.07.1992;126
25.07.1992;125
26.07.1992;125
27.07.1992;125
28.07.1992;126
29.07.1992;124
30.07.1992;124
31.07.1992;124
01.08.1992;127
02.08.1992;125
03.08.1992;125
04.08.1992;126
05.08.1992;125
06.08.1992;125
07.08.1992;125
08.08.1992;124
09.08.1992;126
10.08.1992;127
11.08.1992;128
12.08.1992;127
13.08.1992;127
14.08.1992;128
15.08.1992;129
16.08.1992;129
17.08.1992;128
18.08.1992;129
19.08.1992;127
20.08.1992;126
21.08.1992;127
22.08.1992;126
23.08.1992;126
24.08.1992;125
25.08.1992;126
26.08.1992;126
27.08.1992;128
28.08.1992;128
29.08.1992;129
30.08.1992;129
31.08.1992;129
01.09.1992;127
02.09.1992;134
03.09.1992;132
04.09.1992;129
05.09.1992;129
06.09.1992;128
07.09.1992;126
08.09.1992;126
09.09.1992;126
10.09.1992;125
11.09.1992;124
12.09.1992;124
13.09.1992;123
14.09.1992;124
15.09.1992;125
16.09.1992;127
17.09.1992;127
18.09.1992;127
19.09.1992;127
20.09.1992;127
21.09.1992;128
22.09.1992;127
23.09.1992;127
24.09.1992;127
25.09.1992;127
26.09.1992;128
27.09.1992;128
28.09.1992;128
29.09.1992;128
30.09.1992;127
01.10.1992;127
02.10.1992;126
03.10.1992;125
04.10.1992;123
05.10.1992;123
06.10.1992;124
07.10.1992;125
08.10.1992;125
09.10.1992;126
10.10.1992;126
11.10.1992;128
12.10.1992;129
13.10.1992;131
14.10.1992;133
15.10.1992;134
16.10.1992;134
17.10.1992;132
18.10.1992;130
19.10.1992;129
20.10.1992;128
21.10.1992;128
22.10.1992;129
23.10.1992;128
24.10.1992;129
25.10.1992;128
26.10.1992;129
27.10.1992;129
28.10.1992;129
29.10.1992;131
30.10.1992;133
31.10.1992;134
01.11.1992;136
02.11.1992;134
03.11.1992;135
04.11.1992;133
05.11.1992;132
06.11.1992;132
07.11.1992;132
08.11.1992;130
09.11.1992;129
10.11.1992;130
11.11.1992;132
12.11.1992;138
13.11.1992;138
14.11.1992;139
15.11.1992;139
16.11.1992;138
17.11.1992;138
18.11.1992;137
19.11.1992;136
20.11.1992;136
21.11.1992;136
22.11.1992;135
23.11.1992;135
24.11.1992;136
25.11.1992;136
26.11.1992;140
27.11.1992;141
28.11.1992;141
29.11.1992;142
30.11.1992;141
01.12.1992;138
02.12.1992;139
03.12.1992;139
04.12.1992;138
05.12.1992;139
06.12.1992;138
07.12.1992;137
08.12.1992;135
09.12.1992;133
10.12.1992;132
11.12.1992;131
12.12.1992;135
13.12.1992;138
14.12.1992;141
15.12.1992;143
16.12.1992;143
17.12.1992;143
18.12.1992;142
19.12.1992;141
20.12.1992;141
21.12.1992;141
22.12.1992;141
23.12.1992;140
24.12.1992;140
25.12.1992;140
26.12.1992;138
27.12.1992;137
28.12.1992;135
29.12.1992;133
30.12.1992;133
31.12.1992;133
01.01.1993;133
02.01.1993;133
03.01.1993;134
04.01.1993;134
05.01.1993;135
06.01.1993;137
07.01.1993;139
08.01.1993;141
09.01.1993;142
10.01.1993;142
11.01.1993;143
12.01.1993;145
13.01.1993;146
14.01.1993;151
15.01.1993;152
16.01.1993;153
17.01.1993;152
18.01.1993;150
19.01.1993;148
20.01.1993;147
21.01.1993;148
22.01.1993;150
23.01.1993;152
24.01.1993;154
25.01.1993;156
26.01.1993;158
27.01.1993;159
28.01.1993;158
29.01.1993;157
30.01.1993;154
31.01.1993;151
01.02.1993;144
02.02.1993;146
03.02.1993;144
04.02.1993;141
05.02.1993;141
06.02.1993;140
07.02.1993;139
08.02.1993;139
09.02.1993;141
10.02.1993;143
11.02.1993;144
12.02.1993;144
13.02.1993;142
14.02.1993;141
15.02.1993;139
16.02.1993;139
17.02.1993;140
18.02.1993;142
19.02.1993;145
20.02.1993;146
21.02.1993;151
22.02.1993;150
23.02.1993;149
24.02.1993;148
25.02.1993;147
26.02.1993;147
27.02.1993;146
28.02.1993;145
01.03.1993;139
02.03.1993;142
03.03.1993;141
04.03.1993;141
05.03.1993;140
06.03.1993;139
07.03.1993;139
08.03.1993;138
09.03.1993;138
10.03.1993;138
11.03.1993;138
12.03.1993;138
13.03.1993;138
14.03.1993;138
15.03.1993;136
16.03.1993;137
17.03.1993;138
18.03.1993;139
19.03.1993;141
20.03.1993;142
21.03.1993;140
22.03.1993;138
23.03.1993;138
24.03.1993;136
25.03.1993;135
26.03.1993;135
27.03.1993;135
28.03.1993;136
29.03.1993;138
30.03.1993;138
31.03.1993;139
01.04.1993;132
02.04.1993;134
03.04.1993;132
04.04.1993;131
05.04.1993;129
06.04.1993;129
07.04.1993;130
08.04.1993;133
09.04.1993;136
10.04.1993;137
11.04.1993;138
12.04.1993;136
13.04.1993;133
14.04.1993;131
15.04.1993;131
16.04.1993;131
17.04.1993;133
18.04.1993;135
19.04.1993;137
20.04.1993;137
21.04.1993;136
22.04.1993;136
23.04.1993;136
24.04.1993;135
25.04.1993;133
26.04.1993;130
27.04.1993;126
28.04.1993;123
29.04.1993;122
30.04.1993;122
01.05.1993;128
02.05.1993;124
03.05.1993;126
04.05.1993;126
05.05.1993;126
06.05.1993;127
07.05.1993;128
08.05.1993;129
09.05.1993;130
10.05.1993;129
11.05.1993;128
12.05.1993;125
13.05.1993;124
14.05.1993;125
15.05.1993;125
16.05.1993;126
17.05.1993;125
18.05.1993;125
19.05.1993;125
20.05.1993;126
21.05.1993;127
22.05.1993;132
23.05.1993;135
24.05.1993;135
25.05.1993;134
26.05.1993;132
27.05.1993;131
28.05.1993;131
29.05.1993;131
30.05.1993;129
31.05.1993;132
01.06.1993;136
02.06.1993;129
03.06.1993;129
04.06.1993;128
05.06.1993;127
06.06.1993;127
07.06.1993;127
08.06.1993;127
09.06.1993;127
10.06.1993;128
11.06.1993;129
12.06.1993;134
13.06.1993;144
14.06.1993;147
15.06.1993;149
16.06.1993;146
17.06.1993;144
18.06.1993;142
19.06.1993;141
20.06.1993;141
21.06.1993;140
22.06.1993;140
23.06.1993;139
24.06.1993;139
25.06.1993;139
26.06.1993;139
27.06.1993;138
28.06.1993;137
29.06.1993;137
30.06.1993;136
01.07.1993;137
02.07.1993;134
03.07.1993;133
04.07.1993;133
05.07.1993;132
06.07.1993;132
07.07.1993;133
08.07.1993;131
09.07.1993;130
10.07.1993;130
11.07.1993;131
12.07.1993;132
13.07.1993;133
14.07.1993;133
15.07.1993;136
16.07.1993;138
17.07.1993;137
18.07.1993;136
19.07.1993;136
20.07.1993;141
21.07.1993;142
22.07.1993;141
23.07.1993;140
24.07.1993;143
25.07.1993;143
26.07.1993;144
27.07.1993;143
28.07.1993;144
29.07.1993;145
30.07.1993;145
31.07.1993;145
01.08.1993;144
02.08.1993;140
03.08.1993;138
04.08.1993;136
05.08.1993;134
06.08.1993;138
07.08.1993;139
08.08.1993;137
09.08.1993;138
10.08.1993;140
11.08.1993;140
12.08.1993;137
13.08.1993;136
14.08.1993;133
15.08.1993;132
16.08.1993;131
17.08.1993;131
18.08.1993;130
19.08.1993;130
20.08.1993;130
21.08.1993;131
22.08.1993;130
23.08.1993;131
24.08.1993;131
25.08.1993;131
26.08.1993;131
27.08.1993;131
28.08.1993;133
29.08.1993;134
30.08.1993;134
31.08.1993;134
01.09.1993;143
02.09.1993;133
03.09.1993;134
04.09.1993;135
05.09.1993;137
06.09.1993;139
07.09.1993;139
08.09.1993;138
09.09.1993;138
10.09.1993;139
11.09.1993;144
12.09.1993;144
13.09.1993;144
14.09.1993;148
15.09.1993;150
16.09.1993;150
17.09.1993;152
18.09.1993;153
19.09.1993;151
20.09.1993;150
21.09.1993;149
22.09.1993;148
23.09.1993;148
24.09.1993;146
25.09.1993;145
26.09.1993;145
27.09.1993;143
28.09.1993;140
29.09.1993;136
30.09.1993;134
01.10.1993;139
02.10.1993;135
03.10.1993;135
04.10.1993;137
05.10.1993;136
06.10.1993;135
07.10.1993;134
08.10.1993;134
09.10.1993;137
10.10.1993;138
11.10.1993;139
12.10.1993;140
13.10.1993;141
14.10.1993;141
15.10.1993;142
16.10.1993;142
17.10.1993;142
18.10.1993;142
19.10.1993;142
20.10.1993;142
21.10.1993;143
22.10.1993;143
23.10.1993;140
24.10.1993;138
25.10.1993;138
26.10.1993;136
27.10.1993;137
28.10.1993;137
29.10.1993;139
30.10.1993;140
31.10.1993;141
01.11.1993;140
02.11.1993;141
03.11.1993;142
04.11.1993;143
05.11.1993;143
06.11.1993;142
07.11.1993;142
08.11.1993;142
09.11.1993;143
10.11.1993;143
11.11.1993;142
12.11.1993;142
13.11.1993;140
14.11.1993;138
15.11.1993;139
16.11.1993;139
17.11.1993;139
18.11.1993;140
19.11.1993;140
20.11.1993;139
21.11.1993;137
22.11.1993;138
23.11.1993;139
24.11.1993;137
25.11.1993;137
26.11.1993;137
27.11.1993;137
28.11.1993;136
29.11.1993;135
30.11.1993;136
01.12.1993;160
02.12.1993;138
03.12.1993;141
04.12.1993;143
05.12.1993;145
06.12.1993;145
07.12.1993;144
08.12.1993;145
09.12.1993;150
10.12.1993;156
11.12.1993;157
12.12.1993;160
13.12.1993;160
14.12.1993;164
15.12.1993;167
16.12.1993;169
17.12.1993;168
18.12.1993;165
19.12.1993;163
20.12.1993;166
21.12.1993;167
22.12.1993;167
23.12.1993;168
24.12.1993;168
25.12.1993;169
26.12.1993;170
27.12.1993;170
28.12.1993;170
29.12.1993;170
30.12.1993;173
31.12.1993;176
01.01.1994;183
02.01.1994;179
03.01.1994;181
04.01.1994;181
05.01.1994;182
06.01.1994;185
07.01.1994;186
08.01.1994;185
09.01.1994;186
10.01.1994;183
11.01.1994;182
12.01.1994;181
13.01.1994;183
14.01.1994;184
15.01.1994;185
16.01.1994;185
17.01.1994;184
18.01.1994;182
19.01.1994;180
20.01.1994;178
21.01.1994;174
22.01.1994;172
23.01.1994;172
24.01.1994;174
25.01.1994;175
26.01.1994;180
27.01.1994;184
28.01.1994;191
29.01.1994;195
30.01.1994;197
31.01.1994;201
01.02.1994;180
02.02.1994;204
03.02.1994;204
04.02.1994;203
05.02.1994;201
06.02.1994;198
07.02.1994;195
08.02.1994;192
09.02.1994;191
10.02.1994;188
11.02.1994;187
12.02.1994;184
13.02.1994;180
14.02.1994;176
15.02.1994;169
16.02.1994;167
17.02.1994;168
18.02.1994;169
19.02.1994;170
20.02.1994;170
21.02.1994;169
22.02.1994;169
23.02.1994;167
24.02.1994;165
25.02.1994;164
26.02.1994;163
27.02.1994;161
28.02.1994;159
01.03.1994;180
02.03.1994;155
03.03.1994;155
04.03.1994;155
05.03.1994;156
06.03.1994;158
07.03.1994;160
08.03.1994;164
09.03.1994;166
10.03.1994;169
11.03.1994;170
12.03.1994;169
13.03.1994;169
14.03.1994;171
15.03.1994;174
16.03.1994;177
17.03.1994;181
18.03.1994;184
19.03.1994;191
20.03.1994;195
21.03.1994;196
22.03.1994;197
23.03.1994;197
24.03.1994;201
25.03.1994;201
26.03.1994;204
27.03.1994;204
28.03.1994;204
29.03.1994;204
30.03.1994;204
31.03.1994;202
01.04.1994;209
02.04.1994;204
03.04.1994;204
04.04.1994;203
05.04.1994;204
06.04.1994;204
07.04.1994;203
08.04.1994;202
09.04.1994;201
10.04.1994;198
11.04.1994;196
12.04.1994;161
13.04.1994;217
14.04.1994;225
15.04.1994;224
16.04.1994;228
17.04.1994;228
18.04.1994;226
19.04.1994;227
20.04.1994;227
21.04.1994;220
22.04.1994;218
23.04.1994;216
24.04.1994;213
25.04.1994;211
26.04.1994;209
27.04.1994;205
28.04.1994;203
29.04.1994;200
30.04.1994;197
01.05.1994;158
02.05.1994;186
03.05.1994;181
04.05.1994;175
05.05.1994;171
06.05.1994;166
07.05.1994;162
08.05.1994;157
09.05.1994;152
10.05.1994;147
11.05.1994;144
12.05.1994;142
13.05.1994;141
14.05.1994;141
15.05.1994;139
16.05.1994;137
17.05.1994;135
18.05.1994;135
19.05.1994;141
20.05.1994;153
21.05.1994;157
22.05.1994;159
23.05.1994;160
24.05.1994;162
25.05.1994;163
26.05.1994;165
27.05.1994;166
28.05.1994;166
29.05.1994;166
30.05.1994;165
31.05.1994;162
01.06.1994;140
02.06.1994;156
03.06.1994;155
04.06.1994;154
05.06.1994;152
06.06.1994;148
07.06.1994;145
08.06.1994;144
09.06.1994;145
10.06.1994;146
11.06.1994;145
12.06.1994;144
13.06.1994;142
14.06.1994;139
15.06.1994;137
16.06.1994;136
17.06.1994;137
18.06.1994;138
19.06.1994;140
20.06.1994;140
21.06.1994;137
22.06.1994;135
23.06.1994;133
24.06.1994;129
25.06.1994;127
26.06.1994;127
27.06.1994;126
28.06.1994;126
29.06.1994;127
30.06.1994;133
01.07.1994;125
02.07.1994;131
03.07.1994;130
04.07.1994;128
05.07.1994;127
06.07.1994;126
07.07.1994;125
08.07.1994;131
09.07.1994;134
10.07.1994;135
11.07.1994;133
12.07.1994;131
13.07.1994;128
14.07.1994;125
15.07.1994;123
16.07.1994;122
17.07.1994;122
18.07.1994;124
19.07.1994;125
20.07.1994;124
21.07.1994;124
22.07.1994;123
23.07.1994;122
24.07.1994;121
25.07.1994;120
26.07.1994;120
27.07.1994;119
28.07.1994;119
29.07.1994;119
30.07.1994;120
31.07.1994;121
01.08.1994;130
02.08.1994;124
03.08.1994;124
04.08.1994;124
05.08.1994;124
06.08.1994;125
07.08.1994;125
08.08.1994;125
09.08.1994;125
10.08.1994;125
11.08.1994;128
12.08.1994;132
13.08.1994;136
14.08.1994;137
15.08.1994;138
16.08.1994;135
17.08.1994;132
18.08.1994;131
19.08.1994;137
20.08.1994;139
21.08.1994;138
22.08.1994;137
23.08.1994;135
24.08.1994;134
25.08.1994;132
26.08.1994;131
27.08.1994;129
28.08.1994;129
29.08.1994;129
30.08.1994;130
31.08.1994;132
01.09.1994;143
02.09.1994;134
03.09.1994;134
04.09.1994;133
05.09.1994;132
06.09.1994;132
07.09.1994;134
08.09.1994;134
09.09.1994;143
10.09.1994;147
11.09.1994;150
12.09.1994;153
13.09.1994;156
14.09.1994;156
15.09.1994;157
16.09.1994;157
17.09.1994;156
18.09.1994;154
19.09.1994;152
20.09.1994;150
21.09.1994;148
22.09.1994;147
23.09.1994;145
24.09.1994;142
25.09.1994;138
26.09.1994;136
27.09.1994;134
28.09.1994;134
29.09.1994;135
30.09.1994;136
01.10.1994;134
02.10.1994;136
03.10.1994;135
04.10.1994;134
05.10.1994;133
06.10.1994;132
07.10.1994;132
08.10.1994;131
09.10.1994;130
10.10.1994;129
11.10.1994;130
12.10.1994;131
13.10.1994;132
14.10.1994;132
15.10.1994;134
16.10.1994;135
17.10.1994;136
18.10.1994;135
19.10.1994;136
20.10.1994;134
21.10.1994;133
22.10.1994;132
23.10.1994;130
24.10.1994;130
25.10.1994;131
26.10.1994;134
27.10.1994;135
28.10.1994;136
29.10.1994;136
30.10.1994;137
31.10.1994;140
01.11.1994;144
02.11.1994;144
03.11.1994;145
04.11.1994;143
05.11.1994;142
06.11.1994;140
07.11.1994;137
08.11.1994;136
09.11.1994;136
10.11.1994;137
11.11.1994;136
12.11.1994;135
13.11.1994;134
14.11.1994;133
15.11.1994;138
16.11.1994;143
17.11.1994;147
18.11.1994;152
19.11.1994;153
20.11.1994;154
21.11.1994;154
22.11.1994;152
23.11.1994;149
24.11.1994;148
25.11.1994;148
26.11.1994;148
27.11.1994;148
28.11.1994;150
29.11.1994;152
30.11.1994;151
01.12.1994;154
02.12.1994;147
03.12.1994;145
04.12.1994;143
05.12.1994;142
06.12.1994;143
07.12.1994;144
08.12.1994;144
09.12.1994;147
10.12.1994;150
11.12.1994;153
12.12.1994;157
13.12.1994;161
14.12.1994;163
15.12.1994;164
16.12.1994;165
17.12.1994;167
18.12.1994;166
19.12.1994;165
20.12.1994;163
21.12.1994;159
22.12.1994;156
23.12.1994;154
24.12.1994;152
25.12.1994;151
26.12.1994;150
27.12.1994;151
28.12.1994;154
29.12.1994;157
30.12.1994;158
31.12.1994;159
01.01.1995;161
02.01.1995;161
03.01.1995;162
04.01.1995;160
05.01.1995;158
06.01.1995;157
07.01.1995;154
08.01.1995;152
09.01.1995;151
10.01.1995;154
11.01.1995;157
12.01.1995;158
13.01.1995;159
14.01.1995;158
15.01.1995;158
16.01.1995;157
17.01.1995;157
18.01.1995;157
19.01.1995;157
20.01.1995;156
21.01.1995;156
22.01.1995;157
23.01.1995;160
24.01.1995;163
25.01.1995;165
26.01.1995;169
27.01.1995;174
28.01.1995;176
29.01.1995;179
30.01.1995;180
31.01.1995;180
01.02.1995;183
02.02.1995;179
03.02.1995;178
04.02.1995;177
05.02.1995;178
06.02.1995;179
07.02.1995;178
08.02.1995;180
09.02.1995;180
10.02.1995;181
11.02.1995;183
12.02.1995;183
13.02.1995;183
14.02.1995;185
15.02.1995;186
16.02.1995;186
17.02.1995;185
18.02.1995;185
19.02.1995;185
20.02.1995;185
21.02.1995;188
22.02.1995;191
23.02.1995;190
24.02.1995;190
25.02.1995;188
26.02.1995;186
27.02.1995;184
28.02.1995;181
01.03.1995;163
02.03.1995;181
03.03.1995;180
04.03.1995;179
05.03.1995;177
06.03.1995;174
07.03.1995;170
08.03.1995;165
09.03.1995;164
10.03.1995;162
11.03.1995;160
12.03.1995;159
13.03.1995;156
14.03.1995;152
15.03.1995;148
16.03.1995;147
17.03.1995;148
18.03.1995;153
19.03.1995;155
20.03.1995;157
21.03.1995;161
22.03.1995;160
23.03.1995;160
24.03.1995;159
25.03.1995;158
26.03.1995;158
27.03.1995;161
28.03.1995;165
29.03.1995;166
30.03.1995;168
31.03.1995;169
01.04.1995;161
02.04.1995;170
03.04.1995;169
04.04.1995;167
05.04.1995;166
06.04.1995;166
07.04.1995;168
08.04.1995;169
09.04.1995;167
10.04.1995;165
11.04.1995;163
12.04.1995;161
13.04.1995;157
14.04.1995;156
15.04.1995;154
16.04.1995;154
17.04.1995;154
18.04.1995;155
19.04.1995;158
20.04.1995;157
21.04.1995;165
22.04.1995;166
23.04.1995;166
24.04.1995;165
25.04.1995;162
26.04.1995;157
27.04.1995;154
28.04.1995;152
29.04.1995;151
30.04.1995;150
01.05.1995;143
02.05.1995;148
03.05.1995;146
04.05.1995;143
05.05.1995;140
06.05.1995;138
07.05.1995;137
08.05.1995;137
09.05.1995;139
10.05.1995;139
11.05.1995;138
12.05.1995;138
13.05.1995;138
14.05.1995;143
15.05.1995;145
16.05.1995;145
17.05.1995;145
18.05.1995;148
19.05.1995;153
20.05.1995;156
21.05.1995;157
22.05.1995;156
23.05.1995;153
24.05.1995;150
25.05.1995;148
26.05.1995;145
27.05.1995;142
28.05.1995;137
29.05.1995;131
30.05.1995;129
31.05.1995;133
01.06.1995;159
02.06.1995;143
03.06.1995;146
04.06.1995;145
05.06.1995;146
06.06.1995;147
07.06.1995;148
08.06.1995;151
09.06.1995;154
10.06.1995;157
11.06.1995;158
12.06.1995;159
13.06.1995;161
14.06.1995;163
15.06.1995;165
16.06.1995;166
17.06.1995;166
18.06.1995;166
19.06.1995;166
20.06.1995;166
21.06.1995;166
22.06.1995;169
23.06.1995;169
24.06.1995;169
25.06.1995;167
26.06.1995;166
27.06.1995;164
28.06.1995;162
29.06.1995;159
30.06.1995;155
01.07.1995;134
02.07.1995;150
03.07.1995;148
04.07.1995;150
05.07.1995;147
06.07.1995;145
07.07.1995;142
08.07.1995;139
09.07.1995;137
10.07.1995;135
11.07.1995;132
12.07.1995;130
13.07.1995;129
14.07.1995;130
15.07.1995;132
16.07.1995;132
17.07.1995;133
18.07.1995;133
19.07.1995;132
20.07.1995;131
21.07.1995;129
22.07.1995;128
23.07.1995;128
24.07.1995;127
25.07.1995;127
26.07.1995;127
27.07.1995;126
28.07.1995;126
29.07.1995;127
30.07.1995;126
31.07.1995;125
01.08.1995;125
02.08.1995;121
03.08.1995;120
04.08.1995;119
05.08.1995;119
06.08.1995;121
07.08.1995;123
08.08.1995;125
09.08.1995;125
10.08.1995;126
11.08.1995;126
12.08.1995;127
13.08.1995;127
14.08.1995;128
15.08.1995;128
16.08.1995;128
17.08.1995;128
18.08.1995;127
19.08.1995;126
20.08.1995;125
21.08.1995;125
22.08.1995;124
23.08.1995;123
24.08.1995;124
25.08.1995;125
26.08.1995;126
27.08.1995;127
28.08.1995;129
29.08.1995;131
30.08.1995;131
31.08.1995;131
01.09.1995;134
02.09.1995;147
03.09.1995;140
04.09.1995;139
05.09.1995;137
06.09.1995;136
07.09.1995;136
08.09.1995;135
09.09.1995;135
10.09.1995;134
11.09.1995;132
12.09.1995;131
13.09.1995;129
14.09.1995;127
15.09.1995;126
16.09.1995;125
17.09.1995;125
18.09.1995;126
19.09.1995;127
20.09.1995;132
21.09.1995;136
22.09.1995;137
23.09.1995;137
24.09.1995;135
25.09.1995;135
26.09.1995;134
27.09.1995;135
28.09.1995;140
29.09.1995;140
30.09.1995;140
01.10.1995;136
02.10.1995;139
03.10.1995;138
04.10.1995;137
05.10.1995;137
06.10.1995;137
07.10.1995;136
08.10.1995;136
09.10.1995;135
10.10.1995;135
11.10.1995;136
12.10.1995;136
13.10.1995;136
14.10.1995;136
15.10.1995;135
16.10.1995;135
17.10.1995;135
18.10.1995;136
19.10.1995;137
20.10.1995;137
21.10.1995;137
22.10.1995;136
23.10.1995;136
24.10.1995;137
25.10.1995;137
26.10.1995;137
27.10.1995;137
28.10.1995;137
29.10.1995;135
30.10.1995;135
31.10.1995;135
01.11.1995;144
02.11.1995;138
03.11.1995;140
04.11.1995;143
05.11.1995;144
06.11.1995;145
07.11.1995;148
08.11.1995;148
09.11.1995;148
10.11.1995;148
11.11.1995;147
12.11.1995;146
13.11.1995;144
14.11.1995;143
15.11.1995;143
16.11.1995;143
17.11.1995;143
18.11.1995;142
19.11.1995;143
20.11.1995;145
21.11.1995;146
22.11.1995;145
23.11.1995;143
24.11.1995;144
25.11.1995;143
26.11.1995;142
27.11.1995;142
28.11.1995;141
29.11.1995;141
30.11.1995;140
01.12.1995;142
02.12.1995;139
03.12.1995;139
04.12.1995;137
05.12.1995;135
06.12.1995;134
07.12.1995;134
08.12.1995;136
09.12.1995;138
10.12.1995;139
11.12.1995;144
12.12.1995;147
13.12.1995;148
14.12.1995;149
15.12.1995;146
16.12.1995;142
17.12.1995;140
18.12.1995;139
19.12.1995;138
20.12.1995;139
21.12.1995;140
22.12.1995;140
23.12.1995;144
24.12.1995;147
25.12.1995;148
26.12.1995;150
27.12.1995;149
28.12.1995;149
29.12.1995;148
30.12.1995;149
31.12.1995;149
01.01.1996;139
02.01.1996;144
03.01.1996;144
04.01.1996;142
05.01.1996;140
06.01.1996;140
07.01.1996;140
08.01.1996;141
09.01.1996;142
10.01.1996;142
11.01.1996;142
12.01.1996;142
13.01.1996;141
14.01.1996;141
15.01.1996;141
16.01.1996;141
17.01.1996;142
18.01.1996;142
19.01.1996;143
20.01.1996;141
21.01.1996;139
22.01.1996;137
23.01.1996;135
24.01.1996;134
25.01.1996;135
26.01.1996;136
27.01.1996;136
28.01.1996;134
29.01.1996;133
30.01.1996;132
31.01.1996;134
01.02.1996;136
02.02.1996;138
03.02.1996;139
04.02.1996;139
05.02.1996;138
06.02.1996;137
07.02.1996;136
08.02.1996;135
09.02.1996;135
10.02.1996;134
11.02.1996;134
12.02.1996;134
13.02.1996;133
14.02.1996;133
15.02.1996;133
16.02.1996;135
17.02.1996;140
18.02.1996;145
19.02.1996;149
20.02.1996;153
21.02.1996;154
22.02.1996;153
23.02.1996;150
24.02.1996;148
25.02.1996;147
26.02.1996;146
27.02.1996;146
28.02.1996;145
29.02.1996;145
01.03.1996;139
02.03.1996;145
03.03.1996;145
04.03.1996;144
05.03.1996;144
06.03.1996;144
07.03.1996;143
08.03.1996;141
09.03.1996;137
10.03.1996;135
11.03.1996;134
12.03.1996;134
13.03.1996;135
14.03.1996;135
15.03.1996;136
16.03.1996;136
17.03.1996;136
18.03.1996;136
19.03.1996;136
20.03.1996;135
21.03.1996;135
22.03.1996;136
23.03.1996;136
24.03.1996;138
25.03.1996;140
26.03.1996;140
27.03.1996;139
28.03.1996;139
29.03.1996;140
30.03.1996;142
31.03.1996;146
01.04.1996;145
02.04.1996;157
03.04.1996;156
04.04.1996;154
05.04.1996;153
06.04.1996;150
07.04.1996;146
08.04.1996;144
09.04.1996;143
10.04.1996;142
11.04.1996;142
12.04.1996;145
13.04.1996;146
14.04.1996;146
15.04.1996;147
16.04.1996;147
17.04.1996;148
18.04.1996;148
19.04.1996;146
20.04.1996;143
21.04.1996;140
22.04.1996;137
23.04.1996;136
24.04.1996;137
25.04.1996;139
26.04.1996;142
27.04.1996;143
28.04.1996;141
29.04.1996;139
30.04.1996;137
01.05.1996;154
02.05.1996;137
03.05.1996;138
04.05.1996;143
05.05.1996;145
06.05.1996;147
07.05.1996;147
08.05.1996;147
09.05.1996;151
10.05.1996;155
11.05.1996;158
12.05.1996;160
13.05.1996;160
14.05.1996;160
15.05.1996;160
16.05.1996;160
17.05.1996;158
18.05.1996;155
19.05.1996;153
20.05.1996;153
21.05.1996;157
22.05.1996;157
23.05.1996;159
24.05.1996;159
25.05.1996;158
26.05.1996;160
27.05.1996;160
28.05.1996;161
29.05.1996;160
30.05.1996;158
31.05.1996;156
01.06.1996;134
02.06.1996;150
03.06.1996;149
04.06.1996;146
05.06.1996;142
06.06.1996;139
07.06.1996;136
08.06.1996;135
09.06.1996;135
10.06.1996;134
11.06.1996;133
12.06.1996;131
13.06.1996;129
14.06.1996;128
15.06.1996;128
16.06.1996;128
17.06.1996;129
18.06.1996;130
19.06.1996;130
20.06.1996;131
21.06.1996;131
22.06.1996;132
23.06.1996;132
24.06.1996;132
25.06.1996;131
26.06.1996;130
27.06.1996;129
28.06.1996;128
29.06.1996;128
30.06.1996;129
01.07.1996;138
02.07.1996;132
03.07.1996;132
04.07.1996;132
05.07.1996;134
06.07.1996;138
07.07.1996;140
08.07.1996;142
09.07.1996;145
10.07.1996;144
11.07.1996;143
12.07.1996;143
13.07.1996;142
14.07.1996;142
15.07.1996;142
16.07.1996;142
17.07.1996;141
18.07.1996;141
19.07.1996;140
20.07.1996;138
21.07.1996;135
22.07.1996;132
23.07.1996;130
24.07.1996;131
25.07.1996;135
26.07.1996;138
27.07.1996;139
28.07.1996;139
29.07.1996;139
30.07.1996;140
31.07.1996;140
01.08.1996;129
02.08.1996;137
03.08.1996;135
04.08.1996;131
05.08.1996;128
06.08.1996;126
07.08.1996;125
08.08.1996;124
09.08.1996;124
10.08.1996;124
11.08.1996;124
12.08.1996;127
13.08.1996;129
14.08.1996;131
15.08.1996;133
16.08.1996;134
17.08.1996;133
18.08.1996;132
19.08.1996;132
20.08.1996;131
21.08.1996;130
22.08.1996;127
23.08.1996;126
24.08.1996;126
25.08.1996;128
26.08.1996;128
27.08.1996;129
28.08.1996;130
29.08.1996;130
30.08.1996;128
31.08.1996;127
01.09.1996;131
02.09.1996;126
03.09.1996;126
04.09.1996;127
05.09.1996;128
06.09.1996;128
07.09.1996;130
08.09.1996;130
09.09.1996;131
10.09.1996;134
11.09.1996;136
12.09.1996;137
13.09.1996;135
14.09.1996;134
15.09.1996;132
16.09.1996;132
17.09.1996;133
18.09.1996;132
19.09.1996;128
20.09.1996;126
21.09.1996;126
22.09.1996;127
23.09.1996;130
24.09.1996;132
25.09.1996;132
26.09.1996;132
27.09.1996;132
28.09.1996;133
29.09.1996;133
30.09.1996;135
01.10.1996;138
02.10.1996;138
03.10.1996;138
04.10.1996;138
05.10.1996;138
06.10.1996;138
07.10.1996;137
08.10.1996;135
09.10.1996;134
10.10.1996;134
11.10.1996;134
12.10.1996;134
13.10.1996;134
14.10.1996;134
15.10.1996;134
16.10.1996;134
17.10.1996;136
18.10.1996;137
19.10.1996;137
20.10.1996;137
21.10.1996;137
22.10.1996;139
23.10.1996;139
24.10.1996;138
25.10.1996;137
26.10.1996;138
27.10.1996;138
28.10.1996;142
29.10.1996;144
30.10.1996;149
31.10.1996;147
01.11.1996;141
02.11.1996;147
03.11.1996;146
04.11.1996;144
05.11.1996;144
06.11.1996;144
07.11.1996;142
08.11.1996;140
09.11.1996;138
10.11.1996;137
11.11.1996;136
12.11.1996;136
13.11.1996;136
14.11.1996;136
15.11.1996;137
16.11.1996;138
17.11.1996;140
18.11.1996;141
19.11.1996;142
20.11.1996;141
21.11.1996;143
22.11.1996;144
23.11.1996;142
24.11.1996;141
25.11.1996;141
26.11.1996;139
27.11.1996;139
28.11.1996;138
29.11.1996;138
30.11.1996;139
01.12.1996;139
02.12.1996;141
03.12.1996;142
04.12.1996;143
05.12.1996;144
06.12.1996;143
07.12.1996;140
08.12.1996;138
09.12.1996;137
10.12.1996;137
11.12.1996;138
12.12.1996;139
13.12.1996;139
14.12.1996;138
15.12.1996;140
16.12.1996;139
17.12.1996;135
18.12.1996;135
19.12.1996;136
20.12.1996;136
21.12.1996;138
22.12.1996;139
23.12.1996;139
24.12.1996;137
25.12.1996;137
26.12.1996;139
27.12.1996;140
28.12.1996;142
29.12.1996;143
30.12.1996;143
31.12.1996;142
01.01.1997;136
02.01.1997;144
03.01.1997;142
04.01.1997;140
05.01.1997;138
06.01.1997;136
07.01.1997;136
08.01.1997;135
09.01.1997;134
10.01.1997;134
11.01.1997;133
12.01.1997;133
13.01.1997;134
14.01.1997;135
15.01.1997;136
16.01.1997;136
17.01.1997;136
18.01.1997;135
19.01.1997;134
20.01.1997;136
21.01.1997;135
22.01.1997;135
23.01.1997;135
24.01.1997;136
25.01.1997;135
26.01.1997;133
27.01.1997;133
28.01.1997;134
29.01.1997;135
30.01.1997;137
31.01.1997;139
01.02.1997;146
02.02.1997;139
03.02.1997;138
04.02.1997;138
05.02.1997;138
06.02.1997;138
07.02.1997;140
08.02.1997;141
09.02.1997;141
10.02.1997;142
11.02.1997;144
12.02.1997;142
13.02.1997;142
14.02.1997;146
15.02.1997;147
16.02.1997;147
17.02.1997;148
18.02.1997;148
19.02.1997;148
20.02.1997;149
21.02.1997;149
22.02.1997;150
23.02.1997;151
24.02.1997;151
25.02.1997;155
26.02.1997;160
27.02.1997;163
28.02.1997;166
01.03.1997;146
02.03.1997;163
03.03.1997;161
04.03.1997;157
05.03.1997;155
06.03.1997;151
07.03.1997;147
08.03.1997;145
09.03.1997;143
10.03.1997;140
11.03.1997;140
12.03.1997;140
13.03.1997;142
14.03.1997;143
15.03.1997;144
16.03.1997;144
17.03.1997;144
18.03.1997;142
19.03.1997;143
20.03.1997;142
21.03.1997;142
22.03.1997;142
23.03.1997;142
24.03.1997;143
25.03.1997;144
26.03.1997;144
27.03.1997;145
28.03.1997;145
29.03.1997;142
30.03.1997;142
31.03.1997;141
01.04.1997;141
02.04.1997;140
03.04.1997;143
04.04.1997;145
05.04.1997;146
06.04.1997;147
07.04.1997;146
08.04.1997;145
09.04.1997;144
10.04.1997;143
11.04.1997;143
12.04.1997;141
13.04.1997;139
14.04.1997;141
15.04.1997;141
16.04.1997;141
17.04.1997;141
18.04.1997;142
19.04.1997;143
20.04.1997;141
21.04.1997;139
22.04.1997;138
23.04.1997;138
24.04.1997;138
25.04.1997;137
26.04.1997;135
27.04.1997;133
28.04.1997;133
29.04.1997;135
30.04.1997;137
01.05.1997;136
02.05.1997;139
03.05.1997;140
04.05.1997;141
05.05.1997;141
06.05.1997;141
07.05.1997;142
08.05.1997;140
09.05.1997;141
10.05.1997;141
11.05.1997;141
12.05.1997;141
13.05.1997;140
14.05.1997;138
15.05.1997;137
16.05.1997;134
17.05.1997;130
18.05.1997;128
19.05.1997;125
20.05.1997;123
21.05.1997;125
22.05.1997;130
23.05.1997;134
24.05.1997;135
25.05.1997;134
26.05.1997;134
27.05.1997;135
28.05.1997;137
29.05.1997;137
30.05.1997;136
31.05.1997;134
01.06.1997;132
02.06.1997;134
03.06.1997;133
04.06.1997;132
05.06.1997;131
06.06.1997;131
07.06.1997;130
08.06.1997;129
09.06.1997;128
10.06.1997;126
11.06.1997;125
12.06.1997;125
13.06.1997;126
14.06.1997;129
15.06.1997;131
16.06.1997;132
17.06.1997;132
18.06.1997;133
19.06.1997;133
20.06.1997;134
21.06.1997;136
22.06.1997;138
23.06.1997;138
24.06.1997;140
25.06.1997;140
26.06.1997;138
27.06.1997;135
28.06.1997;132
29.06.1997;129
30.06.1997;129
01.07.1997;128
02.07.1997;129
03.07.1997;129
04.07.1997;131
05.07.1997;133
06.07.1997;134
07.07.1997;134
08.07.1997;133
09.07.1997;132
10.07.1997;131
11.07.1997;130
12.07.1997;128
13.07.1997;127
14.07.1997;126
15.07.1997;126
16.07.1997;127
17.07.1997;126
18.07.1997;126
19.07.1997;129
20.07.1997;137
21.07.1997;147
22.07.1997;151
23.07.1997;150
24.07.1997;148
25.07.1997;144
26.07.1997;142
27.07.1997;140
28.07.1997;138
29.07.1997;135
30.07.1997;134
31.07.1997;133
01.08.1997;128
02.08.1997;130
03.08.1997;129
04.08.1997;130
05.08.1997;130
06.08.1997;130
07.08.1997;131
08.08.1997;129
09.08.1997;128
10.08.1997;128
11.08.1997;127
12.08.1997;127
13.08.1997;127
14.08.1997;127
15.08.1997;126
16.08.1997;125
17.08.1997;126
18.08.1997;126
19.08.1997;126
20.08.1997;126
21.08.1997;126
22.08.1997;127
23.08.1997;128
24.08.1997;128
25.08.1997;128
26.08.1997;129
27.08.1997;130
28.08.1997;129
29.08.1997;131
30.08.1997;132
31.08.1997;134
01.09.1997;133
02.09.1997;132
03.09.1997;130
04.09.1997;129
05.09.1997;129
06.09.1997;131
07.09.1997;133
08.09.1997;135
09.09.1997;137
10.09.1997;136
11.09.1997;133
12.09.1997;133
13.09.1997;133
14.09.1997;131
15.09.1997;127
16.09.1997;126
17.09.1997;127
18.09.1997;127
19.09.1997;129
20.09.1997;131
21.09.1997;132
22.09.1997;133
23.09.1997;133
24.09.1997;132
25.09.1997;132
26.09.1997;132
27.09.1997;131
28.09.1997;131
29.09.1997;131
30.09.1997;132
01.10.1997;135
02.10.1997;135
03.10.1997;134
04.10.1997;135
05.10.1997;136
06.10.1997;135
07.10.1997;134
08.10.1997;133
09.10.1997;133
10.10.1997;134
11.10.1997;137
12.10.1997;135
13.10.1997;135
14.10.1997;136
15.10.1997;136
16.10.1997;137
17.10.1997;136
18.10.1997;135
19.10.1997;135
20.10.1997;135
21.10.1997;137
22.10.1997;138
23.10.1997;138
24.10.1997;137
25.10.1997;136
26.10.1997;135
27.10.1997;133
28.10.1997;133
29.10.1997;134
30.10.1997;134
31.10.1997;135
01.11.1997;132
02.11.1997;137
03.11.1997;137
04.11.1997;136
05.11.1997;134
06.11.1997;134
07.11.1997;132
08.11.1997;130
09.11.1997;129
10.11.1997;129
11.11.1997;130
12.11.1997;129
13.11.1997;130
14.11.1997;130
15.11.1997;130
16.11.1997;132
17.11.1997;133
18.11.1997;134
19.11.1997;133
20.11.1997;131
21.11.1997;130
22.11.1997;129
23.11.1997;130
24.11.1997;131
25.11.1997;131
26.11.1997;131
27.11.1997;130
28.11.1997;130
29.11.1997;130
30.11.1997;131
01.12.1997;143
02.12.1997;133
03.12.1997;134
04.12.1997;133
05.12.1997;133
06.12.1997;132
07.12.1997;134
08.12.1997;135
09.12.1997;136
10.12.1997;138
11.12.1997;141
12.12.1997;144
13.12.1997;147
14.12.1997;148
15.12.1997;147
16.12.1997;144
17.12.1997;140
18.12.1997;139
19.12.1997;141
20.12.1997;143
21.12.1997;147
22.12.1997;148
23.12.1997;149
24.12.1997;150
25.12.1997;152
26.12.1997;151
27.12.1997;151
28.12.1997;152
29.12.1997;152
30.12.1997;151
31.12.1997;147
01.01.1998;149
02.01.1998;143
03.01.1998;144
04.01.1998;146
05.01.1998;146
06.01.1998;147
07.01.1998;149
08.01.1998;150
09.01.1998;152
10.01.1998;155
11.01.1998;157
12.01.1998;157
13.01.1998;156
14.01.1998;155
15.01.1998;154
16.01.1998;152
17.01.1998;152
18.01.1998;150
19.01.1998;149
20.01.1998;151
21.01.1998;151
22.01.1998;150
23.01.1998;150
24.01.1998;150
25.01.1998;149
26.01.1998;148
27.01.1998;146
28.01.1998;144
29.01.1998;143
30.01.1998;143
31.01.1998;144
01.02.1998;143
02.02.1998;143
03.02.1998;142
04.02.1998;140
05.02.1998;139
06.02.1998;140
07.02.1998;142
08.02.1998;144
09.02.1998;145
10.02.1998;146
11.02.1998;145
12.02.1998;146
13.02.1998;145
14.02.1998;144
15.02.1998;146
16.02.1998;146
17.02.1998;146
18.02.1998;146
19.02.1998;147
20.02.1998;144
21.02.1998;142
22.02.1998;141
23.02.1998;140
24.02.1998;139
25.02.1998;139
26.02.1998;140
27.02.1998;145
28.02.1998;151
01.03.1998;150
02.03.1998;153
03.03.1998;153
04.03.1998;154
05.03.1998;155
06.03.1998;153
07.03.1998;152
08.03.1998;154
09.03.1998;153
10.03.1998;152
11.03.1998;151
12.03.1998;148
13.03.1998;147
14.03.1998;147
15.03.1998;145
16.03.1998;145
17.03.1998;149
18.03.1998;151
19.03.1998;153
20.03.1998;157
21.03.1998;157
22.03.1998;157
23.03.1998;156
24.03.1998;154
25.03.1998;150
26.03.1998;147
27.03.1998;144
28.03.1998;141
29.03.1998;137
30.03.1998;135
31.03.1998;134
01.04.1998;142
02.04.1998;140
03.04.1998;148
04.04.1998;151
05.04.1998;149
06.04.1998;147
07.04.1998;146
08.04.1998;147
09.04.1998;146
10.04.1998;145
11.04.1998;146
12.04.1998;146
13.04.1998;146
14.04.1998;144
15.04.1998;143
16.04.1998;143
17.04.1998;139
18.04.1998;138
19.04.1998;139
20.04.1998;139
21.04.1998;142
22.04.1998;141
23.04.1998;139
24.04.1998;138
25.04.1998;138
26.04.1998;137
27.04.1998;136
28.04.1998;136
29.04.1998;136
30.04.1998;137
01.05.1998;130
02.05.1998;136
03.05.1998;134
04.05.1998;134
05.05.1998;134
06.05.1998;136
07.05.1998;137
08.05.1998;136
09.05.1998;134
10.05.1998;132
11.05.1998;131
12.05.1998;130
13.05.1998;129
14.05.1998;128
15.05.1998;127
16.05.1998;126
17.05.1998;125
18.05.1998;125
19.05.1998;125
20.05.1998;126
21.05.1998;127
22.05.1998;128
23.05.1998;129
24.05.1998;129
25.05.1998;129
26.05.1998;129
27.05.1998;129
28.05.1998;128
29.05.1998;128
30.05.1998;128
31.05.1998;130
01.06.1998;129
02.06.1998;130
03.06.1998;130
04.06.1998;131
05.06.1998;129
06.06.1998;129
07.06.1998;129
08.06.1998;130
09.06.1998;130
10.06.1998;129
11.06.1998;128
12.06.1998;128
13.06.1998;130
14.06.1998;128
15.06.1998;127
16.06.1998;127
17.06.1998;129
18.06.1998;128
19.06.1998;128
20.06.1998;128
21.06.1998;128
22.06.1998;129
23.06.1998;130
24.06.1998;131
25.06.1998;131
26.06.1998;131
27.06.1998;129
28.06.1998;129
29.06.1998;127
30.06.1998;127
01.07.1998;129
02.07.1998;129
03.07.1998;129
04.07.1998;129
05.07.1998;130
06.07.1998;133
07.07.1998;134
08.07.1998;134
09.07.1998;132
10.07.1998;132
11.07.1998;131
12.07.1998;130
13.07.1998;130
14.07.1998;132
15.07.1998;132
16.07.1998;131
17.07.1998;130
18.07.1998;130
19.07.1998;129
20.07.1998;128
21.07.1998;127
22.07.1998;128
23.07.1998;127
24.07.1998;127
25.07.1998;126
26.07.1998;126
27.07.1998;125
28.07.1998;126
29.07.1998;126
30.07.1998;127
31.07.1998;128
01.08.1998;129
02.08.1998;128
03.08.1998;128
04.08.1998;129
05.08.1998;130
06.08.1998;131
07.08.1998;130
08.08.1998;130
09.08.1998;130
10.08.1998;128
11.08.1998;126
12.08.1998;125
13.08.1998;127
14.08.1998;126
15.08.1998;126
16.08.1998;127
17.08.1998;127
18.08.1998;127
19.08.1998;127
20.08.1998;126
21.08.1998;127
22.08.1998;129
23.08.1998;129
24.08.1998;131
25.08.1998;132
26.08.1998;133
27.08.1998;133
28.08.1998;131
29.08.1998;131
30.08.1998;129
31.08.1998;129
01.09.1998;131
02.09.1998;129
03.09.1998;128
04.09.1998;126
05.09.1998;125
06.09.1998;126
07.09.1998;126
08.09.1998;127
09.09.1998;128
10.09.1998;129
11.09.1998;129
12.09.1998;129
13.09.1998;131
14.09.1998;132
15.09.1998;132
16.09.1998;136
17.09.1998;137
18.09.1998;137
19.09.1998;137
20.09.1998;136
21.09.1998;136
22.09.1998;136
23.09.1998;135
24.09.1998;134
25.09.1998;133
26.09.1998;131
27.09.1998;129
28.09.1998;128
29.09.1998;129
30.09.1998;129
01.10.1998;128
02.10.1998;129
03.10.1998;132
04.10.1998;133
05.10.1998;132
06.10.1998;131
07.10.1998;129
08.10.1998;129
09.10.1998;129
10.10.1998;131
11.10.1998;134
12.10.1998;137
13.10.1998;138
14.10.1998;139
15.10.1998;138
16.10.1998;136
17.10.1998;134
18.10.1998;134
19.10.1998;134
20.10.1998;135
21.10.1998;135
22.10.1998;138
23.10.1998;139
24.10.1998;140
25.10.1998;142
26.10.1998;142
27.10.1998;140
28.10.1998;147
29.10.1998;154
30.10.1998;158
31.10.1998;160
01.11.1998;161
02.11.1998;165
03.11.1998;166
04.11.1998;166
05.11.1998;165
06.11.1998;165
07.11.1998;163
08.11.1998;162
09.11.1998;160
10.11.1998;161
11.11.1998;161
12.11.1998;160
13.11.1998;157
14.11.1998;154
15.11.1998;153
16.11.1998;151
17.11.1998;150
18.11.1998;149
19.11.1998;149
20.11.1998;149
21.11.1998;148
22.11.1998;148
23.11.1998;146
24.11.1998;144
25.11.1998;142
26.11.1998;140
27.11.1998;139
28.11.1998;140
29.11.1998;141
30.11.1998;141
01.12.1998;151
02.12.1998;139
03.12.1998;137
04.12.1998;137
05.12.1998;140
06.12.1998;142
07.12.1998;145
08.12.1998;147
09.12.1998;148
10.12.1998;149
11.12.1998;148
12.12.1998;146
13.12.1998;148
14.12.1998;151
15.12.1998;154
16.12.1998;158
17.12.1998;162
18.12.1998;163
19.12.1998;161
20.12.1998;162
21.12.1998;160
22.12.1998;159
23.12.1998;158
24.12.1998;155
25.12.1998;155
26.12.1998;154
27.12.1998;154
28.12.1998;154
29.12.1998;154
30.12.1998;152
31.12.1998;151
01.01.1999;149
02.01.1999;148
03.01.1999;146
04.01.1999;146
05.01.1999;147
06.01.1999;148
07.01.1999;149
08.01.1999;150
09.01.1999;151
10.01.1999;151
11.01.1999;150
12.01.1999;150
13.01.1999;149
14.01.1999;149
15.01.1999;151
16.01.1999;152
17.01.1999;152
18.01.1999;152
19.01.1999;151
20.01.1999;150
21.01.1999;149
22.01.1999;149
23.01.1999;149
24.01.1999;147
25.01.1999;145
26.01.1999;147
27.01.1999;148
28.01.1999;151
29.01.1999;151
30.01.1999;149
31.01.1999;146
01.02.1999;156
02.02.1999;145
03.02.1999;147
04.02.1999;149
05.02.1999;154
06.02.1999;157
07.02.1999;158
08.02.1999;158
09.02.1999;157
10.02.1999;156
11.02.1999;154
12.02.1999;152
13.02.1999;149
14.02.1999;150
15.02.1999;150
16.02.1999;151
17.02.1999;153
18.02.1999;155
19.02.1999;155
20.02.1999;157
21.02.1999;158
22.02.1999;160
23.02.1999;163
24.02.1999;165
25.02.1999;167
26.02.1999;167
27.02.1999;168
28.02.1999;168
01.03.1999;165
02.03.1999;171
03.03.1999;175
04.03.1999;179
05.03.1999;179
06.03.1999;179
07.03.1999;178
08.03.1999;176
09.03.1999;175
10.03.1999;172
11.03.1999;171
12.03.1999;168
13.03.1999;166
14.03.1999;165
15.03.1999;164
16.03.1999;162
17.03.1999;159
18.03.1999;155
19.03.1999;152
20.03.1999;150
21.03.1999;150
22.03.1999;151
23.03.1999;155
24.03.1999;158
25.03.1999;160
26.03.1999;161
27.03.1999;162
28.03.1999;162
29.03.1999;161
30.03.1999;161
31.03.1999;160
01.04.1999;150
02.04.1999;159
03.04.1999;157
04.04.1999;155
05.04.1999;151
06.04.1999;148
07.04.1999;147
08.04.1999;146
09.04.1999;147
10.04.1999;149
11.04.1999;151
12.04.1999;152
13.04.1999;151
14.04.1999;152
15.04.1999;152
16.04.1999;150
17.04.1999;150
18.04.1999;150
19.04.1999;150
20.04.1999;151
21.04.1999;152
22.04.1999;152
23.04.1999;151
24.04.1999;149
25.04.1999;147
26.04.1999;145
27.04.1999;144
28.04.1999;144
29.04.1999;143
30.04.1999;143
01.05.1999;134
02.05.1999;141
03.05.1999;139
04.05.1999;136
05.05.1999;132
06.05.1999;129
07.05.1999;125
08.05.1999;126
09.05.1999;130
10.05.1999;134
11.05.1999;138
12.05.1999;140
13.05.1999;142
14.05.1999;142
15.05.1999;143
16.05.1999;142
17.05.1999;138
18.05.1999;135
19.05.1999;132
20.05.1999;132
21.05.1999;132
22.05.1999;129
23.05.1999;128
24.05.1999;127
25.05.1999;128
26.05.1999;129
27.05.1999;129
28.05.1999;130
29.05.1999;131
30.05.1999;131
31.05.1999;131
01.06.1999;130
02.06.1999;128
03.06.1999;129
04.06.1999;130
05.06.1999;131
06.06.1999;132
07.06.1999;133
08.06.1999;134
09.06.1999;135
10.06.1999;133
11.06.1999;134
12.06.1999;133
13.06.1999;133
14.06.1999;133
15.06.1999;133
16.06.1999;131
17.06.1999;129
18.06.1999;130
19.06.1999;130
20.06.1999;130
21.06.1999;131
22.06.1999;132
23.06.1999;132
24.06.1999;132
25.06.1999;132
26.06.1999;131
27.06.1999;130
28.06.1999;129
29.06.1999;127
30.06.1999;127
01.07.1999;128
02.07.1999;127
03.07.1999;127
04.07.1999;127
05.07.1999;126
06.07.1999;129
07.07.1999;130
08.07.1999;131
09.07.1999;130
10.07.1999;127
11.07.1999;125
12.07.1999;123
13.07.1999;124
14.07.1999;126
15.07.1999;127
16.07.1999;128
17.07.1999;129
18.07.1999;130
19.07.1999;130
20.07.1999;128
21.07.1999;127
22.07.1999;127
23.07.1999;127
24.07.1999;127
25.07.1999;128
26.07.1999;128
27.07.1999;128
28.07.1999;128
29.07.1999;128
30.07.1999;127
31.07.1999;127
01.08.1999;127
02.08.1999;125
03.08.1999;125
04.08.1999;124
05.08.1999;124
06.08.1999;124
07.08.1999;124
08.08.1999;125
09.08.1999;125
10.08.1999;125
11.08.1999;126
12.08.1999;126
13.08.1999;126
14.08.1999;125
15.08.1999;128
16.08.1999;127
17.08.1999;127
18.08.1999;128
19.08.1999;131
20.08.1999;132
21.08.1999;133
22.08.1999;133
23.08.1999;131
24.08.1999;129
25.08.1999;127
26.08.1999;125
27.08.1999;125
28.08.1999;124
29.08.1999;125
30.08.1999;126
31.08.1999;128
01.09.1999;128
02.09.1999;130
03.09.1999;131
04.09.1999;131
05.09.1999;129
06.09.1999;126
07.09.1999;124
08.09.1999;123
09.09.1999;124
10.09.1999;124
11.09.1999;125
12.09.1999;125
13.09.1999;127
14.09.1999;127
15.09.1999;127
16.09.1999;127
17.09.1999;127
18.09.1999;127
19.09.1999;128
20.09.1999;128
21.09.1999;131
22.09.1999;131
23.09.1999;131
24.09.1999;131
25.09.1999;130
26.09.1999;130
27.09.1999;129
28.09.1999;128
29.09.1999;127
30.09.1999;127
01.10.1999;129
02.10.1999;128
03.10.1999;128
04.10.1999;128
05.10.1999;128
06.10.1999;128
07.10.1999;129
08.10.1999;130
09.10.1999;133
10.10.1999;134
11.10.1999;134
12.10.1999;134
13.10.1999;134
14.10.1999;132
15.10.1999;130
16.10.1999;129
17.10.1999;129
18.10.1999;129
19.10.1999;128
20.10.1999;127
21.10.1999;125
22.10.1999;126
23.10.1999;126
24.10.1999;127
25.10.1999;127
26.10.1999;129
27.10.1999;129
28.10.1999;129
29.10.1999;128
30.10.1999;129
31.10.1999;131
01.11.1999;132
02.11.1999;132
03.11.1999;132
04.11.1999;131
05.11.1999;131
06.11.1999;131
07.11.1999;130
08.11.1999;129
09.11.1999;130
10.11.1999;130
11.11.1999;131
12.11.1999;130
13.11.1999;130
14.11.1999;131
15.11.1999;131
16.11.1999;132
17.11.1999;133
18.11.1999;134
19.11.1999;134
20.11.1999;134
21.11.1999;133
22.11.1999;132
23.11.1999;130
24.11.1999;128
25.11.1999;128
26.11.1999;129
27.11.1999;130
28.11.1999;130
29.11.1999;132
30.11.1999;133
01.12.1999;140
02.12.1999;141
03.12.1999;142
04.12.1999;144
05.12.1999;142
06.12.1999;141
07.12.1999;143
08.12.1999;143
09.12.1999;141
10.12.1999;140
11.12.1999;140
12.12.1999;142
13.12.1999;143
14.12.1999;141
15.12.1999;141
16.12.1999;139
17.12.1999;137
18.12.1999;137
19.12.1999;140
20.12.1999;142
21.12.1999;140
22.12.1999;138
23.12.1999;136
24.12.1999;136
25.12.1999;136
26.12.1999;136
27.12.1999;137
28.12.1999;137
29.12.1999;137
30.12.1999;137
31.12.1999;136
01.01.2000;138
02.01.2000;135
03.01.2000;135
04.01.2000;135
05.01.2000;136
06.01.2000;135
07.01.2000;136
08.01.2000;134
09.01.2000;132
10.01.2000;132
11.01.2000;133
12.01.2000;132
13.01.2000;131
14.01.2000;131
15.01.2000;133
16.01.2000;136
17.01.2000;138
18.01.2000;139
19.01.2000;140
20.01.2000;142
21.01.2000;144
22.01.2000;145
23.01.2000;145
24.01.2000;142
25.01.2000;139
26.01.2000;138
27.01.2000;139
28.01.2000;141
29.01.2000;145
30.01.2000;155
31.01.2000;157
01.02.2000;153
02.02.2000;157
03.02.2000;158
04.02.2000;159
05.02.2000;160
06.02.2000;156
07.02.2000;153
08.02.2000;152
09.02.2000;156
10.02.2000;159
11.02.2000;160
12.02.2000;159
13.02.2000;158
14.02.2000;158
15.02.2000;156
16.02.2000;156
17.02.2000;156
18.02.2000;153
19.02.2000;151
20.02.2000;151
21.02.2000;149
22.02.2000;147
23.02.2000;146
24.02.2000;145
25.02.2000;145
26.02.2000;145
27.02.2000;143
28.02.2000;143
29.02.2000;143
01.03.2000;162
02.03.2000;145
03.03.2000;148
04.03.2000;150
05.03.2000;151
06.03.2000;152
07.03.2000;153
08.03.2000;154
09.03.2000;159
10.03.2000;162
11.03.2000;164
12.03.2000;164
13.03.2000;161
14.03.2000;163
15.03.2000;167
16.03.2000;168
17.03.2000;171
18.03.2000;173
19.03.2000;172
20.03.2000;172
21.03.2000;172
22.03.2000;171
23.03.2000;170
24.03.2000;168
25.03.2000;167
26.03.2000;166
27.03.2000;165
28.03.2000;164
29.03.2000;164
30.03.2000;163
31.03.2000;164
01.04.2000;150
02.04.2000;164
03.04.2000;164
04.04.2000;164
05.04.2000;164
06.04.2000;161
07.04.2000;159
08.04.2000;157
09.04.2000;155
10.04.2000;152
11.04.2000;150
12.04.2000;147
13.04.2000;145
14.04.2000;144
15.04.2000;144
16.04.2000;149
17.04.2000;151
18.04.2000;152
19.04.2000;152
20.04.2000;150
21.04.2000;147
22.04.2000;146
23.04.2000;146
24.04.2000;146
25.04.2000;146
26.04.2000;144
27.04.2000;142
28.04.2000;139
29.04.2000;135
30.04.2000;133
01.05.2000;129
02.05.2000;133
03.05.2000;131
04.05.2000;129
05.05.2000;127
06.05.2000;126
07.05.2000;126
08.05.2000;125
09.05.2000;124
10.05.2000;125
11.05.2000;126
12.05.2000;126
13.05.2000;128
14.05.2000;130
15.05.2000;131
16.05.2000;131
17.05.2000;132
18.05.2000;130
19.05.2000;129
20.05.2000;129
21.05.2000;129
22.05.2000;130
23.05.2000;131
24.05.2000;129
25.05.2000;129
26.05.2000;128
27.05.2000;128
28.05.2000;128
29.05.2000;128
30.05.2000;128
31.05.2000;128
01.06.2000;127
02.06.2000;128
03.06.2000;128
04.06.2000;129
05.06.2000;129
06.06.2000;130
07.06.2000;129
08.06.2000;127
09.06.2000;124
10.06.2000;124
11.06.2000;126
12.06.2000;127
13.06.2000;126
14.06.2000;126
15.06.2000;127
16.06.2000;128
17.06.2000;127
18.06.2000;126
19.06.2000;126
20.06.2000;127
21.06.2000;127
22.06.2000;128
23.06.2000;128
24.06.2000;128
25.06.2000;129
26.06.2000;129
27.06.2000;129
28.06.2000;128
29.06.2000;127
30.06.2000;127
01.07.2000;130
02.07.2000;125
03.07.2000;125
04.07.2000;126
05.07.2000;127
06.07.2000;128
07.07.2000;128
08.07.2000;128
09.07.2000;128
10.07.2000;128
11.07.2000;129
12.07.2000;130
13.07.2000;129
14.07.2000;129
15.07.2000;130
16.07.2000;130
17.07.2000;131
18.07.2000;131
19.07.2000;131
20.07.2000;132
21.07.2000;132
22.07.2000;132
23.07.2000;133
24.07.2000;132
25.07.2000;132
26.07.2000;131
27.07.2000;130
28.07.2000;130
29.07.2000;132
30.07.2000;135
31.07.2000;134
01.08.2000;133
02.08.2000;131
03.08.2000;130
04.08.2000;130
05.08.2000;129
06.08.2000;129
07.08.2000;129
08.08.2000;128
09.08.2000;129
10.08.2000;129
11.08.2000;130
12.08.2000;130
13.08.2000;130
14.08.2000;130
15.08.2000;130
16.08.2000;132
17.08.2000;134
18.08.2000;134
19.08.2000;135
20.08.2000;137
21.08.2000;139
22.08.2000;137
23.08.2000;134
24.08.2000;131
25.08.2000;130
26.08.2000;129
27.08.2000;129
28.08.2000;131
29.08.2000;132
30.08.2000;132
31.08.2000;131
01.09.2000;134
02.09.2000;133
03.09.2000;138
04.09.2000;140
05.09.2000;138
06.09.2000;137
07.09.2000;136
08.09.2000;135
09.09.2000;134
10.09.2000;134
11.09.2000;133
12.09.2000;132
13.09.2000;132
14.09.2000;133
15.09.2000;133
16.09.2000;134
17.09.2000;136
18.09.2000;134
19.09.2000;132
20.09.2000;131
21.09.2000;130
22.09.2000;132
23.09.2000;134
24.09.2000;135
25.09.2000;136
26.09.2000;137
27.09.2000;136
28.09.2000;135
29.09.2000;132
30.09.2000;130
01.10.2000;134
02.10.2000;131
03.10.2000;131
04.10.2000;132
05.10.2000;132
06.10.2000;134
07.10.2000;135
08.10.2000;136
09.10.2000;135
10.10.2000;135
11.10.2000;135
12.10.2000;135
13.10.2000;135
14.10.2000;136
15.10.2000;135
16.10.2000;135
17.10.2000;135
18.10.2000;134
19.10.2000;134
20.10.2000;133
21.10.2000;132
22.10.2000;131
23.10.2000;130
24.10.2000;131
25.10.2000;132
26.10.2000;133
27.10.2000;134
28.10.2000;135
29.10.2000;135
30.10.2000;135
31.10.2000;134
01.11.2000;134
02.11.2000;133
03.11.2000;133
04.11.2000;132
05.11.2000;131
06.11.2000;130
07.11.2000;132
08.11.2000;133
09.11.2000;134
10.11.2000;134
11.11.2000;134
12.11.2000;133
13.11.2000;133
14.11.2000;134
15.11.2000;135
16.11.2000;135
17.11.2000;135
18.11.2000;136
19.11.2000;135
20.11.2000;135
21.11.2000;134
22.11.2000;135
23.11.2000;135
24.11.2000;135
25.11.2000;134
26.11.2000;134
27.11.2000;134
28.11.2000;133
29.11.2000;132
30.11.2000;133
01.12.2000;136
02.12.2000;134
03.12.2000;135
04.12.2000;136
05.12.2000;136
06.12.2000;135
07.12.2000;134
08.12.2000;133
09.12.2000;132
10.12.2000;132
11.12.2000;134
12.12.2000;136
13.12.2000;139
14.12.2000;140
15.12.2000;141
16.12.2000;143
17.12.2000;142
18.12.2000;142
19.12.2000;141
20.12.2000;140
21.12.2000;137
22.12.2000;135
23.12.2000;133
24.12.2000;132
25.12.2000;134
26.12.2000;135
27.12.2000;137
28.12.2000;138
29.12.2000;137
30.12.2000;135
31.12.2000;136
01.01.2001;138
02.01.2001;134
03.01.2001;135
04.01.2001;136
05.01.2001;137
06.01.2001;140
07.01.2001;140
08.01.2001;139
09.01.2001;140
10.01.2001;141
11.01.2001;142
12.01.2001;140
13.01.2001;138
14.01.2001;137
15.01.2001;136
16.01.2001;136
17.01.2001;135
18.01.2001;134
19.01.2001;135
20.01.2001;135
21.01.2001;135
22.01.2001;135
23.01.2001;136
24.01.2001;137
25.01.2001;138
26.01.2001;139
27.01.2001;140
28.01.2001;142
29.01.2001;144
30.01.2001;146
31.01.2001;146
01.02.2001;147
02.02.2001;145
03.02.2001;144
04.02.2001;142
05.02.2001;143
06.02.2001;145
07.02.2001;147
08.02.2001;149
09.02.2001;149
10.02.2001;149
11.02.2001;150
12.02.2001;150
13.02.2001;149
14.02.2001;149
15.02.2001;147
16.02.2001;145
17.02.2001;143
18.02.2001;143
19.02.2001;143
20.02.2001;144
21.02.2001;146
22.02.2001;148
23.02.2001;150
24.02.2001;151
25.02.2001;149
26.02.2001;149
27.02.2001;147
28.02.2001;144
01.03.2001;148
02.03.2001;143
03.03.2001;141
04.03.2001;142
05.03.2001;143
06.03.2001;143
07.03.2001;142
08.03.2001;143
09.03.2001;144
10.03.2001;145
11.03.2001;146
12.03.2001;148
13.03.2001;150
14.03.2001;151
15.03.2001;151
16.03.2001;150
17.03.2001;150
18.03.2001;149
19.03.2001;151
20.03.2001;153
21.03.2001;153
22.03.2001;152
23.03.2001;152
24.03.2001;152
25.03.2001;151
26.03.2001;154
27.03.2001;154
28.03.2001;152
29.03.2001;151
30.03.2001;151
31.03.2001;151
01.04.2001;147
02.04.2001;149
03.04.2001;150
04.04.2001;149
05.04.2001;151
06.04.2001;151
07.04.2001;151
08.04.2001;150
09.04.2001;147
10.04.2001;144
11.04.2001;143
12.04.2001;144
13.04.2001;143
14.04.2001;143
15.04.2001;143
16.04.2001;145
17.04.2001;146
18.04.2001;146
19.04.2001;148
20.04.2001;148
21.04.2001;148
22.04.2001;147
23.04.2001;146
24.04.2001;146
25.04.2001;146
26.04.2001;148
27.04.2001;149
28.04.2001;147
29.04.2001;146
30.04.2001;144
01.05.2001;135
02.05.2001;142
03.05.2001;140
04.05.2001;138
05.05.2001;136
06.05.2001;135
07.05.2001;135
08.05.2001;136
09.05.2001;137
10.05.2001;137
11.05.2001;136
12.05.2001;135
13.05.2001;133
14.05.2001;132
15.05.2001;131
16.05.2001;131
17.05.2001;131
18.05.2001;133
19.05.2001;134
20.05.2001;134
21.05.2001;134
22.05.2001;134
23.05.2001;134
24.05.2001;133
25.05.2001;134
26.05.2001;133
27.05.2001;133
28.05.2001;133
29.05.2001;134
30.05.2001;133
31.05.2001;132
01.06.2001;134
02.06.2001;134
03.06.2001;138
04.06.2001;140
05.06.2001;140
06.06.2001;138
07.06.2001;137
08.06.2001;135
09.06.2001;134
10.06.2001;134
11.06.2001;134
12.06.2001;134
13.06.2001;134
14.06.2001;134
15.06.2001;133
16.06.2001;133
17.06.2001;133
18.06.2001;135
19.06.2001;134
20.06.2001;132
21.06.2001;131
22.06.2001;131
23.06.2001;133
24.06.2001;133
25.06.2001;133
26.06.2001;132
27.06.2001;131
28.06.2001;131
29.06.2001;131
30.06.2001;131
01.07.2001;132
02.07.2001;132
03.07.2001;131
04.07.2001;131
05.07.2001;130
06.07.2001;129
07.07.2001;128
08.07.2001;130
09.07.2001;131
10.07.2001;132
11.07.2001;133
12.07.2001;135
13.07.2001;135
14.07.2001;136
15.07.2001;136
16.07.2001;138
17.07.2001;138
18.07.2001;136
19.07.2001;134
20.07.2001;132
21.07.2001;131
22.07.2001;130
23.07.2001;130
24.07.2001;129
25.07.2001;130
26.07.2001;130
27.07.2001;130
28.07.2001;130
29.07.2001;131
30.07.2001;132
31.07.2001;131
01.08.2001;131
02.08.2001;131
03.08.2001;131
04.08.2001;132
05.08.2001;132
06.08.2001;132
07.08.2001;132
08.08.2001;132
09.08.2001;132
10.08.2001;132
11.08.2001;131
12.08.2001;130
13.08.2001;130
14.08.2001;130
15.08.2001;129
16.08.2001;130
17.08.2001;131
18.08.2001;131
19.08.2001;132
20.08.2001;133
21.08.2001;133
22.08.2001;133
23.08.2001;132
24.08.2001;130
25.08.2001;129
26.08.2001;128
27.08.2001;129
28.08.2001;131
29.08.2001;130
30.08.2001;129
31.08.2001;130
01.09.2001;140
02.09.2001;132
03.09.2001;132
04.09.2001;133
05.09.2001;134
06.09.2001;134
07.09.2001;134
08.09.2001;137
09.09.2001;138
10.09.2001;145
11.09.2001;149
12.09.2001;151
13.09.2001;149
14.09.2001;144
15.09.2001;141
16.09.2001;140
17.09.2001;139
18.09.2001;139
19.09.2001;141
20.09.2001;141
21.09.2001;141
22.09.2001;140
23.09.2001;137
24.09.2001;136
25.09.2001;137
26.09.2001;138
27.09.2001;139
28.09.2001;145
29.09.2001;145
30.09.2001;144
01.10.2001;139
02.10.2001;145
03.10.2001;145
04.10.2001;145
05.10.2001;144
06.10.2001;143
07.10.2001;141
08.10.2001;139
09.10.2001;138
10.10.2001;138
11.10.2001;140
12.10.2001;142
13.10.2001;144
14.10.2001;145
15.10.2001;145
16.10.2001;144
17.10.2001;142
18.10.2001;139
19.10.2001;137
20.10.2001;134
21.10.2001;132
22.10.2001;131
23.10.2001;130
24.10.2001;131
25.10.2001;133
26.10.2001;135
27.10.2001;136
28.10.2001;137
29.10.2001;137
30.10.2001;139
31.10.2001;139
01.11.2001;135
02.11.2001;135
03.11.2001;133
04.11.2001;133
05.11.2001;133
06.11.2001;134
07.11.2001;135
08.11.2001;137
09.11.2001;140
10.11.2001;139
11.11.2001;137
12.11.2001;136
13.11.2001;134
14.11.2001;132
15.11.2001;132
16.11.2001;133
17.11.2001;134
18.11.2001;134
19.11.2001;134
20.11.2001;134
21.11.2001;134
22.11.2001;135
23.11.2001;136
24.11.2001;135
25.11.2001;134
26.11.2001;135
27.11.2001;135
28.11.2001;135
29.11.2001;135
30.11.2001;136
01.12.2001;140
02.12.2001;136
03.12.2001;135
04.12.2001;133
05.12.2001;134
06.12.2001;134
07.12.2001;136
08.12.2001;136
09.12.2001;136
10.12.2001;137
11.12.2001;137
12.12.2001;137
13.12.2001;137
14.12.2001;138
15.12.2001;138
16.12.2001;137
17.12.2001;138
18.12.2001;138
19.12.2001;139
20.12.2001;139
21.12.2001;140
22.12.2001;142
23.12.2001;143
24.12.2001;143
25.12.2001;145
26.12.2001;145
27.12.2001;145
28.12.2001;147
29.12.2001;151
30.12.2001;150
31.12.2001;150
01.01.2002;147
02.01.2002;150
03.01.2002;148
04.01.2002;147
05.01.2002;146
06.01.2002;145
07.01.2002;145
08.01.2002;145
09.01.2002;145
10.01.2002;144
11.01.2002;143
12.01.2002;143
13.01.2002;143
14.01.2002;143
15.01.2002;141
16.01.2002;140
17.01.2002;137
18.01.2002;136
19.01.2002;137
20.01.2002;138
21.01.2002;144
22.01.2002;147
23.01.2002;149
24.01.2002;149
25.01.2002;152
26.01.2002;151
27.01.2002;154
28.01.2002;157
29.01.2002;163
30.01.2002;164
31.01.2002;165
01.02.2002;161
02.02.2002;164
03.02.2002;162
04.02.2002;161
05.02.2002;158
06.02.2002;156
07.02.2002;156
08.02.2002;154
09.02.2002;153
10.02.2002;154
11.02.2002;156
12.02.2002;161
13.02.2002;163
14.02.2002;163
15.02.2002;162
16.02.2002;160
17.02.2002;158
18.02.2002;157
19.02.2002;157
20.02.2002;158
21.02.2002;160
22.02.2002;160
23.02.2002;162
24.02.2002;163
25.02.2002;164
26.02.2002;169
27.02.2002;174
28.02.2002;177
01.03.2002;166
02.03.2002;180
03.03.2002;177
04.03.2002;176
05.03.2002;175
06.03.2002;175
07.03.2002;179
08.03.2002;179
09.03.2002;179
10.03.2002;180
11.03.2002;179
12.03.2002;177
13.03.2002;175
14.03.2002;174
15.03.2002;171
16.03.2002;168
17.03.2002;166
18.03.2002;162
19.03.2002;159
20.03.2002;157
21.03.2002;156
22.03.2002;158
23.03.2002;159
24.03.2002;158
25.03.2002;156
26.03.2002;154
27.03.2002;153
28.03.2002;151
29.03.2002;150
30.03.2002;148
31.03.2002;147
01.04.2002;144
02.04.2002;143
03.04.2002;141
04.04.2002;141
05.04.2002;140
06.04.2002;138
07.04.2002;138
08.04.2002;137
09.04.2002;135
10.04.2002;134
11.04.2002;135
12.04.2002;137
13.04.2002;138
14.04.2002;140
15.04.2002;143
16.04.2002;146
17.04.2002;147
18.04.2002;150
19.04.2002;152
20.04.2002;155
21.04.2002;158
22.04.2002;158
23.04.2002;158
24.04.2002;156
25.04.2002;156
26.04.2002;156
27.04.2002;156
28.04.2002;156
29.04.2002;155
30.04.2002;153
01.05.2002;138
02.05.2002;146
03.05.2002;143
04.05.2002;141
05.05.2002;141
06.05.2002;141
07.05.2002;142
08.05.2002;141
09.05.2002;140
10.05.2002;138
11.05.2002;138
12.05.2002;139
13.05.2002;139
14.05.2002;138
15.05.2002;138
16.05.2002;137
17.05.2002;136
18.05.2002;135
19.05.2002;136
20.05.2002;136
21.05.2002;133
22.05.2002;130
23.05.2002;129
24.05.2002;135
25.05.2002;137
26.05.2002;138
27.05.2002;138
28.05.2002;138
29.05.2002;138
30.05.2002;136
31.05.2002;134
01.06.2002;131
02.06.2002;131
03.06.2002;132
04.06.2002;134
05.06.2002;133
06.06.2002;129
07.06.2002;128
08.06.2002;128
09.06.2002;127
10.06.2002;128
11.06.2002;129
12.06.2002;131
13.06.2002;135
14.06.2002;136
15.06.2002;136
16.06.2002;135
17.06.2002;133
18.06.2002;131
19.06.2002;130
20.06.2002;130
21.06.2002;133
22.06.2002;133
23.06.2002;131
24.06.2002;129
25.06.2002;128
26.06.2002;128
27.06.2002;129
28.06.2002;130
29.06.2002;131
30.06.2002;130
01.07.2002;129
02.07.2002;131
03.07.2002;130
04.07.2002;129
05.07.2002;128
06.07.2002;128
07.07.2002;127
08.07.2002;126
09.07.2002;125
10.07.2002;126
11.07.2002;130
12.07.2002;129
13.07.2002;129
14.07.2002;129
15.07.2002;130
16.07.2002;129
17.07.2002;129
18.07.2002;130
19.07.2002;130
20.07.2002;131
21.07.2002;132
22.07.2002;134
23.07.2002;133
24.07.2002;132
25.07.2002;132
26.07.2002;130
27.07.2002;129
28.07.2002;128
29.07.2002;127
30.07.2002;125
31.07.2002;125
01.08.2002;142
02.08.2002;128
03.08.2002;128
04.08.2002;127
05.08.2002;133
06.08.2002;136
07.08.2002;135
08.08.2002;135
09.08.2002;134
10.08.2002;133
11.08.2002;132
12.08.2002;137
13.08.2002;158
14.08.2002;165
15.08.2002;166
16.08.2002;164
17.08.2002;162
18.08.2002;159
19.08.2002;154
20.08.2002;150
21.08.2002;149
22.08.2002;148
23.08.2002;146
24.08.2002;143
25.08.2002;142
26.08.2002;139
27.08.2002;134
28.08.2002;132
29.08.2002;135
30.08.2002;136
31.08.2002;138
01.09.2002;133
02.09.2002;136
03.09.2002;134
04.09.2002;133
05.09.2002;132
06.09.2002;129
07.09.2002;129
08.09.2002;130
09.09.2002;130
10.09.2002;131
11.09.2002;132
12.09.2002;131
13.09.2002;130
14.09.2002;130
15.09.2002;130
16.09.2002;130
17.09.2002;131
18.09.2002;132
19.09.2002;131
20.09.2002;131
21.09.2002;131
22.09.2002;133
23.09.2002;138
24.09.2002;139
25.09.2002;137
26.09.2002;137
27.09.2002;138
28.09.2002;138
29.09.2002;137
30.09.2002;137
01.10.2002;134
02.10.2002;130
03.10.2002;128
04.10.2002;130
05.10.2002;131
06.10.2002;137
07.10.2002;142
08.10.2002;142
09.10.2002;140
10.10.2002;136
11.10.2002;134
12.10.2002;133
13.10.2002;134
14.10.2002;135
15.10.2002;137
16.10.2002;138
17.10.2002;140
18.10.2002;142
19.10.2002;143
20.10.2002;144
21.10.2002;143
22.10.2002;143
23.10.2002;144
24.10.2002;145
25.10.2002;147
26.10.2002;151
27.10.2002;153
28.10.2002;158
29.10.2002;155
30.10.2002;153
31.10.2002;152
01.11.2002;153
02.11.2002;152
03.11.2002;151
04.11.2002;150
05.11.2002;150
06.11.2002;149
07.11.2002;149
08.11.2002;149
09.11.2002;152
10.11.2002;154
11.11.2002;155
12.11.2002;156
13.11.2002;158
14.11.2002;159
15.11.2002;159
16.11.2002;157
17.11.2002;158
18.11.2002;157
19.11.2002;155
20.11.2002;153
21.11.2002;150
22.11.2002;148
23.11.2002;150
24.11.2002;150
25.11.2002;152
26.11.2002;154
27.11.2002;156
28.11.2002;156
29.11.2002;154
30.11.2002;153
01.12.2002;145
02.12.2002;154
03.12.2002;152
04.12.2002;151
05.12.2002;151
06.12.2002;150
07.12.2002;148
08.12.2002;147
09.12.2002;146
10.12.2002;146
11.12.2002;145
12.12.2002;144
13.12.2002;143
14.12.2002;142
15.12.2002;142
16.12.2002;143
17.12.2002;143
18.12.2002;143
19.12.2002;143
20.12.2002;143
21.12.2002;143
22.12.2002;142
23.12.2002;142
24.12.2002;141
25.12.2002;140
26.12.2002;141
27.12.2002;141
28.12.2002;142
29.12.2002;143
30.12.2002;146
31.12.2002;146
01.01.2003;162
02.01.2003;147
03.01.2003;154
04.01.2003;157
05.01.2003;159
06.01.2003;159
07.01.2003;159
08.01.2003;159
09.01.2003;158
10.01.2003;157
11.01.2003;156
12.01.2003;155
13.01.2003;156
14.01.2003;158
15.01.2003;159
16.01.2003;161
17.01.2003;165
18.01.2003;167
19.01.2003;169
20.01.2003;171
21.01.2003;171
22.01.2003;169
23.01.2003;167
24.01.2003;165
25.01.2003;164
26.01.2003;163
27.01.2003;163
28.01.2003;167
29.01.2003;169
30.01.2003;169
31.01.2003;169
01.02.2003;148
02.02.2003;165
03.02.2003;164
04.02.2003;164
05.02.2003;164
06.02.2003;162
07.02.2003;158
08.02.2003;156
09.02.2003;153
10.02.2003;152
11.02.2003;151
12.02.2003;150
13.02.2003;149
14.02.2003;148
15.02.2003;147
16.02.2003;145
17.02.2003;143
18.02.2003;139
19.02.2003;136
20.02.2003;135
21.02.2003;136
22.02.2003;138
23.02.2003;140
24.02.2003;139
25.02.2003;137
26.02.2003;135
27.02.2003;135
28.02.2003;135
01.03.2003;144
02.03.2003;136
03.03.2003;138
04.03.2003;139
05.03.2003;138
06.03.2003;136
07.03.2003;134
08.03.2003;135
09.03.2003;140
10.03.2003;143
11.03.2003;145
12.03.2003;148
13.03.2003;151
14.03.2003;153
15.03.2003;155
16.03.2003;154
17.03.2003;154
18.03.2003;153
19.03.2003;152
20.03.2003;151
21.03.2003;150
22.03.2003;148
23.03.2003;145
24.03.2003;143
25.03.2003;143
26.03.2003;140
27.03.2003;138
28.03.2003;138
29.03.2003;139
30.03.2003;140
31.03.2003;141
01.04.2003;135
02.04.2003;141
03.04.2003;142
04.04.2003;142
05.04.2003;142
06.04.2003;141
07.04.2003;140
08.04.2003;140
09.04.2003;139
10.04.2003;139
11.04.2003;138
12.04.2003;136
13.04.2003;134
14.04.2003;132
15.04.2003;130
16.04.2003;130
17.04.2003;130
18.04.2003;131
19.04.2003;131
20.04.2003;130
21.04.2003;130
22.04.2003;129
23.04.2003;129
24.04.2003;130
25.04.2003;131
26.04.2003;132
27.04.2003;135
28.04.2003;136
29.04.2003;137
30.04.2003;137
01.05.2003;131
02.05.2003;134
03.05.2003;134
04.05.2003;132
05.05.2003;131
06.05.2003;130
07.05.2003;130
08.05.2003;129
09.05.2003;129
10.05.2003;129
11.05.2003;129
12.05.2003;130
13.05.2003;133
14.05.2003;132
15.05.2003;132
16.05.2003;131
17.05.2003;130
18.05.2003;129
19.05.2003;130
20.05.2003;135
21.05.2003;136
22.05.2003;135
23.05.2003;134
24.05.2003;131
25.05.2003;129
26.05.2003;129
27.05.2003;128
28.05.2003;127
29.05.2003;127
30.05.2003;127
31.05.2003;128
01.06.2003;129
02.06.2003;129
03.06.2003;128
04.06.2003;128
05.06.2003;128
06.06.2003;129
07.06.2003;129
08.06.2003;128
09.06.2003;132
10.06.2003;130
11.06.2003;131
12.06.2003;129
13.06.2003;127
14.06.2003;126
15.06.2003;125
16.06.2003;125
17.06.2003;125
18.06.2003;125
19.06.2003;127
20.06.2003;129
21.06.2003;130
22.06.2003;130
23.06.2003;131
24.06.2003;134
25.06.2003;134
26.06.2003;133
27.06.2003;130
28.06.2003;126
29.06.2003;125
30.06.2003;125
01.07.2003;129
02.07.2003;127
03.07.2003;128
04.07.2003;129
05.07.2003;131
06.07.2003;131
07.07.2003;131
08.07.2003;132
09.07.2003;132
10.07.2003;131
11.07.2003;129
12.07.2003;130
13.07.2003;128
14.07.2003;127
15.07.2003;127
16.07.2003;127
17.07.2003;127
18.07.2003;129
19.07.2003;129
20.07.2003;129
21.07.2003;130
22.07.2003;130
23.07.2003;130
24.07.2003;130
25.07.2003;131
26.07.2003;130
27.07.2003;129
28.07.2003;131
29.07.2003;131
30.07.2003;129
31.07.2003;128
01.08.2003;127
02.08.2003;128
03.08.2003;129
04.08.2003;130
05.08.2003;130
06.08.2003;130
07.08.2003;129
08.08.2003;129
09.08.2003;128
10.08.2003;127
11.08.2003;127
12.08.2003;127
13.08.2003;127
14.08.2003;126
15.08.2003;127
16.08.2003;126
17.08.2003;124
18.08.2003;124
19.08.2003;126
20.08.2003;125
21.08.2003;125
22.08.2003;125
23.08.2003;125
24.08.2003;125
25.08.2003;125
26.08.2003;125
27.08.2003;125
28.08.2003;124
29.08.2003;125
30.08.2003;128
31.08.2003;128
01.09.2003;129
02.09.2003;129
03.09.2003;129
04.09.2003;130
05.09.2003;130
06.09.2003;129
07.09.2003;129
08.09.2003;128
09.09.2003;127
10.09.2003;127
11.09.2003;130
12.09.2003;130
13.09.2003;131
14.09.2003;130
15.09.2003;129
16.09.2003;128
17.09.2003;128
18.09.2003;128
19.09.2003;130
20.09.2003;130
21.09.2003;130
22.09.2003;130
23.09.2003;130
24.09.2003;129
25.09.2003;128
26.09.2003;128
27.09.2003;129
28.09.2003;130
29.09.2003;131
30.09.2003;131
01.10.2003;130
02.10.2003;130
03.10.2003;130
04.10.2003;132
05.10.2003;131
06.10.2003;132
07.10.2003;132
08.10.2003;133
09.10.2003;135
10.10.2003;135
11.10.2003;135
12.10.2003;134
13.10.2003;132
14.10.2003;129
15.10.2003;128
16.10.2003;127
17.10.2003;128
18.10.2003;128
19.10.2003;129
20.10.2003;128
21.10.2003;128
22.10.2003;128
23.10.2003;127
24.10.2003;127
25.10.2003;128
26.10.2003;129
27.10.2003;129
28.10.2003;129
29.10.2003;129
30.10.2003;130
31.10.2003;129
01.11.2003;129
02.11.2003;128
03.11.2003;128
04.11.2003;129
05.11.2003;129
06.11.2003;128
07.11.2003;127
08.11.2003;125
09.11.2003;125
10.11.2003;124
11.11.2003;123
12.11.2003;123
13.11.2003;124
14.11.2003;125
15.11.2003;128
16.11.2003;131
17.11.2003;133
18.11.2003;133
19.11.2003;134
20.11.2003;134
21.11.2003;133
22.11.2003;132
23.11.2003;130
24.11.2003;128
25.11.2003;127
26.11.2003;128
27.11.2003;129
28.11.2003;130
29.11.2003;131
30.11.2003;131
01.12.2003;133
02.12.2003;127
03.12.2003;127
04.12.2003;129
05.12.2003;130
06.12.2003;133
07.12.2003;132
08.12.2003;131
09.12.2003;130
10.12.2003;129
11.12.2003;129
12.12.2003;130
13.12.2003;132
14.12.2003;138
15.12.2003;142
16.12.2003;142
17.12.2003;140
18.12.2003;138
19.12.2003;136
20.12.2003;135
21.12.2003;138
22.12.2003;139
23.12.2003;137
24.12.2003;134
25.12.2003;131
26.12.2003;130
27.12.2003;129
28.12.2003;130
29.12.2003;132
30.12.2003;132
31.12.2003;132
01.01.2004;135
02.01.2004;130
03.01.2004;128
04.01.2004;127
05.01.2004;127
06.01.2004;128
07.01.2004;130
08.01.2004;130
09.01.2004;128
10.01.2004;128
11.01.2004;129
12.01.2004;134
13.01.2004;136
14.01.2004;138
15.01.2004;138
16.01.2004;139
17.01.2004;145
18.01.2004;149
19.01.2004;147
20.01.2004;144
21.01.2004;143
22.01.2004;142
23.01.2004;140
24.01.2004;138
25.01.2004;135
26.01.2004;134
27.01.2004;134
28.01.2004;133
29.01.2004;133
30.01.2004;135
31.01.2004;137
01.02.2004;146
02.02.2004;143
03.02.2004;145
04.02.2004;147
05.02.2004;151
06.02.2004;153
07.02.2004;153
08.02.2004;153
09.02.2004;158
10.02.2004;157
11.02.2004;157
12.02.2004;156
13.02.2004;155
14.02.2004;154
15.02.2004;152
16.02.2004;149
17.02.2004;148
18.02.2004;148
19.02.2004;146
20.02.2004;142
21.02.2004;138
22.02.2004;134
23.02.2004;132
24.02.2004;133
25.02.2004;136
26.02.2004;137
27.02.2004;137
28.02.2004;135
29.02.2004;134
01.03.2004;132
02.03.2004;134
03.03.2004;135
04.03.2004;134
05.03.2004;132
06.03.2004;130
07.03.2004;129
08.03.2004;130
09.03.2004;131
10.03.2004;130
11.03.2004;130
12.03.2004;130
13.03.2004;130
14.03.2004;130
15.03.2004;129
16.03.2004;129
17.03.2004;130
18.03.2004;130
19.03.2004;132
20.03.2004;133
21.03.2004;139
22.03.2004;138
23.03.2004;138
24.03.2004;137
25.03.2004;135
26.03.2004;133
27.03.2004;133
28.03.2004;133
29.03.2004;134
30.03.2004;133
31.03.2004;130
01.04.2004;132
02.04.2004;128
03.04.2004;128
04.04.2004;130
05.04.2004;132
06.04.2004;134
07.04.2004;135
08.04.2004;135
09.04.2004;136
10.04.2004;136
11.04.2004;136
12.04.2004;136
13.04.2004;134
14.04.2004;132
15.04.2004;131
16.04.2004;130
17.04.2004;130
18.04.2004;131
19.04.2004;132
20.04.2004;132
21.04.2004;131
22.04.2004;130
23.04.2004;132
24.04.2004;134
25.04.2004;134
26.04.2004;133
27.04.2004;131
28.04.2004;129
29.04.2004;128
30.04.2004;126
01.05.2004;129
02.05.2004;127
03.05.2004;128
04.05.2004;129
05.05.2004;130
06.05.2004;131
07.05.2004;131
08.05.2004;130
09.05.2004;130
10.05.2004;131
11.05.2004;131
12.05.2004;132
13.05.2004;132
14.05.2004;131
15.05.2004;131
16.05.2004;130
17.05.2004;129
18.05.2004;129
19.05.2004;130
20.05.2004;130
21.05.2004;130
22.05.2004;130
23.05.2004;130
24.05.2004;130
25.05.2004;130
26.05.2004;129
27.05.2004;129
28.05.2004;128
29.05.2004;128
30.05.2004;128
31.05.2004;127
01.06.2004;130
02.06.2004;128
03.06.2004;128
04.06.2004;128
05.06.2004;129
06.06.2004;128
07.06.2004;128
08.06.2004;129
09.06.2004;129
10.06.2004;132
11.06.2004;131
12.06.2004;130
13.06.2004;130
14.06.2004;130
15.06.2004;130
16.06.2004;131
17.06.2004;131
18.06.2004;134
19.06.2004;134
20.06.2004;133
21.06.2004;132
22.06.2004;130
23.06.2004;129
24.06.2004;132
25.06.2004;131
26.06.2004;129
27.06.2004;128
28.06.2004;129
29.06.2004;129
30.06.2004;129
01.07.2004;131
02.07.2004;130
03.07.2004;131
04.07.2004;131
05.07.2004;129
06.07.2004;129
07.07.2004;127
08.07.2004;127
09.07.2004;130
10.07.2004;132
11.07.2004;132
12.07.2004;132
13.07.2004;133
14.07.2004;133
15.07.2004;133
16.07.2004;132
17.07.2004;130
18.07.2004;130
19.07.2004;133
20.07.2004;133
21.07.2004;136
22.07.2004;136
23.07.2004;136
24.07.2004;134
25.07.2004;131
26.07.2004;131
27.07.2004;131
28.07.2004;129
29.07.2004;128
30.07.2004;127
31.07.2004;128
01.08.2004;128
02.08.2004;129
03.08.2004;130
04.08.2004;129
05.08.2004;128
06.08.2004;126
07.08.2004;125
08.08.2004;125
09.08.2004;125
10.08.2004;125
11.08.2004;125
12.08.2004;126
13.08.2004;129
14.08.2004;129
15.08.2004;130
16.08.2004;130
17.08.2004;130
18.08.2004;129
19.08.2004;129
20.08.2004;128
21.08.2004;127
22.08.2004;126
23.08.2004;125
24.08.2004;126
25.08.2004;128
26.08.2004;129
27.08.2004;130
28.08.2004;130
29.08.2004;130
30.08.2004;130
31.08.2004;131
01.09.2004;130
02.09.2004;128
03.09.2004;126
04.09.2004;126
05.09.2004;126
06.09.2004;127
07.09.2004;128
08.09.2004;129
09.09.2004;130
10.09.2004;131
11.09.2004;131
12.09.2004;131
13.09.2004;129
14.09.2004;130
15.09.2004;132
16.09.2004;132
17.09.2004;130
18.09.2004;127
19.09.2004;126
20.09.2004;127
21.09.2004;130
22.09.2004;131
23.09.2004;131
24.09.2004;134
25.09.2004;136
26.09.2004;136
27.09.2004;134
28.09.2004;132
29.09.2004;133
30.09.2004;134
01.10.2004;132
02.10.2004;134
03.10.2004;134
04.10.2004;132
05.10.2004;131
06.10.2004;130
07.10.2004;130
08.10.2004;132
09.10.2004;133
10.10.2004;133
11.10.2004;132
12.10.2004;129
13.10.2004;128
14.10.2004;129
15.10.2004;130
16.10.2004;132
17.10.2004;133
18.10.2004;135
19.10.2004;135
20.10.2004;134
21.10.2004;133
22.10.2004;132
23.10.2004;132
24.10.2004;133
25.10.2004;133
26.10.2004;133
27.10.2004;132
28.10.2004;131
29.10.2004;130
30.10.2004;131
31.10.2004;131
01.11.2004;137
02.11.2004;130
03.11.2004;131
04.11.2004;132
05.11.2004;134
06.11.2004;135
07.11.2004;135
08.11.2004;134
09.11.2004;133
10.11.2004;132
11.11.2004;131
12.11.2004;131
13.11.2004;133
14.11.2004;132
15.11.2004;133
16.11.2004;134
17.11.2004;137
18.11.2004;140
19.11.2004;141
20.11.2004;142
21.11.2004;141
22.11.2004;140
23.11.2004;143
24.11.2004;139
25.11.2004;140
26.11.2004;140
27.11.2004;143
28.11.2004;143
29.11.2004;144
30.11.2004;144
01.12.2004;138
02.12.2004;142
03.12.2004;140
04.12.2004;139
05.12.2004;139
06.12.2004;138
07.12.2004;136
08.12.2004;135
09.12.2004;135
10.12.2004;135
11.12.2004;136
12.12.2004;135
13.12.2004;134
14.12.2004;134
15.12.2004;133
16.12.2004;134
17.12.2004;135
18.12.2004;136
19.12.2004;136
20.12.2004;137
21.12.2004;137
22.12.2004;137
23.12.2004;138
24.12.2004;140
25.12.2004;140
26.12.2004;141
27.12.2004;140
28.12.2004;140
29.12.2004;141
30.12.2004;141
31.12.2004;141
01.01.2005;144
02.01.2005;141
03.01.2005;146
04.01.2005;149
05.01.2005;150
06.01.2005;153
07.01.2005;153
08.01.2005;153
09.01.2005;152
10.01.2005;148
11.01.2005;142
12.01.2005;141
13.01.2005;140
14.01.2005;140
15.01.2005;139
16.01.2005;138
17.01.2005;138
18.01.2005;138
19.01.2005;139
20.01.2005;141
21.01.2005;147
22.01.2005;149
23.01.2005;148
24.01.2005;149
25.01.2005;148
26.01.2005;144
27.01.2005;141
28.01.2005;141
29.01.2005;141
30.01.2005;141
31.01.2005;147
01.02.2005;146
02.02.2005;148
03.02.2005;148
04.02.2005;147
05.02.2005;146
06.02.2005;144
07.02.2005;142
08.02.2005;140
09.02.2005;139
10.02.2005;139
11.02.2005;140
12.02.2005;142
13.02.2005;149
14.02.2005;149
15.02.2005;149
16.02.2005;150
17.02.2005;149
18.02.2005;148
19.02.2005;147
20.02.2005;147
21.02.2005;147
22.02.2005;147
23.02.2005;147
24.02.2005;146
25.02.2005;146
26.02.2005;146
27.02.2005;144
28.02.2005;143
01.03.2005;146
02.03.2005;143
03.03.2005;143
04.03.2005;143
05.03.2005;142
06.03.2005;140
07.03.2005;139
08.03.2005;139
09.03.2005;140
10.03.2005;140
11.03.2005;143
12.03.2005;147
13.03.2005;148
14.03.2005;149
15.03.2005;150
16.03.2005;151
17.03.2005;152
18.03.2005;154
19.03.2005;155
20.03.2005;157
21.03.2005;154
22.03.2005;150
23.03.2005;147
24.03.2005;147
25.03.2005;146
26.03.2005;147
27.03.2005;147
28.03.2005;147
29.03.2005;145
30.03.2005;141
31.03.2005;137
01.04.2005;133
02.04.2005;133
03.04.2005;134
04.04.2005;135
05.04.2005;136
06.04.2005;135
07.04.2005;134
08.04.2005;134
09.04.2005;135
10.04.2005;136
11.04.2005;137
12.04.2005;138
13.04.2005;138
14.04.2005;138
15.04.2005;136
16.04.2005;134
17.04.2005;133
18.04.2005;132
19.04.2005;132
20.04.2005;131
21.04.2005;130
22.04.2005;131
23.04.2005;130
24.04.2005;129
25.04.2005;128
26.04.2005;129
27.04.2005;130
28.04.2005;131
29.04.2005;131
30.04.2005;133
01.05.2005;135
02.05.2005;131
03.05.2005;131
04.05.2005;135
05.05.2005;134
06.05.2005;134
07.05.2005;133
08.05.2005;134
09.05.2005;134
10.05.2005;135
11.05.2005;136
12.05.2005;139
13.05.2005;138
14.05.2005;136
15.05.2005;140
16.05.2005;140
17.05.2005;141
18.05.2005;141
19.05.2005;140
20.05.2005;137
21.05.2005;135
22.05.2005;136
23.05.2005;137
24.05.2005;138
25.05.2005;136
26.05.2005;134
27.05.2005;133
28.05.2005;132
29.05.2005;132
30.05.2005;133
31.05.2005;134
01.06.2005;132
02.06.2005;133
03.06.2005;133
04.06.2005;133
05.06.2005;133
06.06.2005;134
07.06.2005;134
08.06.2005;133
09.06.2005;133
10.06.2005;133
11.06.2005;134
12.06.2005;134
13.06.2005;133
14.06.2005;131
15.06.2005;130
16.06.2005;131
17.06.2005;131
18.06.2005;132
19.06.2005;131
20.06.2005;130
21.06.2005;130
22.06.2005;131
23.06.2005;130
24.06.2005;129
25.06.2005;130
26.06.2005;130
27.06.2005;130
28.06.2005;130
29.06.2005;129
30.06.2005;128
01.07.2005;135
02.07.2005;130
03.07.2005;129
04.07.2005;129
05.07.2005;132
06.07.2005;136
07.07.2005;136
08.07.2005;136
09.07.2005;135
10.07.2005;133
11.07.2005;132
12.07.2005;130
13.07.2005;129
14.07.2005;130
15.07.2005;131
16.07.2005;131
17.07.2005;132
18.07.2005;130
19.07.2005;131
20.07.2005;131
21.07.2005;136
22.07.2005;144
23.07.2005;143
24.07.2005;140
25.07.2005;137
26.07.2005;139
27.07.2005;139
28.07.2005;139
29.07.2005;139
30.07.2005;142
31.07.2005;143
01.08.2005;136
02.08.2005;139
03.08.2005;138
04.08.2005;139
05.08.2005;138
06.08.2005;139
07.08.2005;140
08.08.2005;140
09.08.2005;140
10.08.2005;139
11.08.2005;141
12.08.2005;142
13.08.2005;141
14.08.2005;139
15.08.2005;137
16.08.2005;135
17.08.2005;134
18.08.2005;133
19.08.2005;131
20.08.2005;128
21.08.2005;130
22.08.2005;131
23.08.2005;133
24.08.2005;133
25.08.2005;134
26.08.2005;137
27.08.2005;136
28.08.2005;136
29.08.2005;134
30.08.2005;130
31.08.2005;128
01.09.2005;130
02.09.2005;128
03.09.2005;128
04.09.2005;129
05.09.2005;129
06.09.2005;129
07.09.2005;129
08.09.2005;129
09.09.2005;129
10.09.2005;128
11.09.2005;132
12.09.2005;134
13.09.2005;133
14.09.2005;131
15.09.2005;129
16.09.2005;132
17.09.2005;133
18.09.2005;133
19.09.2005;132
20.09.2005;132
21.09.2005;130
22.09.2005;129
23.09.2005;129
24.09.2005;129
25.09.2005;129
26.09.2005;129
27.09.2005;130
28.09.2005;130
29.09.2005;129
30.09.2005;130
01.10.2005;129
02.10.2005;130
03.10.2005;131
04.10.2005;131
05.10.2005;131
06.10.2005;130
07.10.2005;129
08.10.2005;128
09.10.2005;127
10.10.2005;126
11.10.2005;126
12.10.2005;126
13.10.2005;126
14.10.2005;126
15.10.2005;126
16.10.2005;126
17.10.2005;126
18.10.2005;126
19.10.2005;127
20.10.2005;129
21.10.2005;130
22.10.2005;132
23.10.2005;134
24.10.2005;135
25.10.2005;136
26.10.2005;136
27.10.2005;133
28.10.2005;131
29.10.2005;130
30.10.2005;129
31.10.2005;128
01.11.2005;133
02.11.2005;129
03.11.2005;130
04.11.2005;131
05.11.2005;132
06.11.2005;133
07.11.2005;133
08.11.2005;133
09.11.2005;131
10.11.2005;131
11.11.2005;132
12.11.2005;132
13.11.2005;131
14.11.2005;131
15.11.2005;131
16.11.2005;133
17.11.2005;135
18.11.2005;135
19.11.2005;136
20.11.2005;135
21.11.2005;136
22.11.2005;135
23.11.2005;135
24.11.2005;136
25.11.2005;135
26.11.2005;134
27.11.2005;132
28.11.2005;132
29.11.2005;132
30.11.2005;132
01.12.2005;139
02.12.2005;132
03.12.2005;131
04.12.2005;131
05.12.2005;130
06.12.2005;131
07.12.2005;130
08.12.2005;131
09.12.2005;133
10.12.2005;133
11.12.2005;134
12.12.2005;135
13.12.2005;136
14.12.2005;137
15.12.2005;138
16.12.2005;141
17.12.2005;142
18.12.2005;142
19.12.2005;142
20.12.2005;144
21.12.2005;144
22.12.2005;145
23.12.2005;147
24.12.2005;148
25.12.2005;148
26.12.2005;148
27.12.2005;148
28.12.2005;146
29.12.2005;145
30.12.2005;146
31.12.2005;143
01.01.2006;138
02.01.2006;142
03.01.2006;142
04.01.2006;143
05.01.2006;142
06.01.2006;141
07.01.2006;139
08.01.2006;137
09.01.2006;136
10.01.2006;137
11.01.2006;137
12.01.2006;138
13.01.2006;139
14.01.2006;138
15.01.2006;138
16.01.2006;138
17.01.2006;138
18.01.2006;139
19.01.2006;139
20.01.2006;140
21.01.2006;142
22.01.2006;143
23.01.2006;142
24.01.2006;140
25.01.2006;137
26.01.2006;135
27.01.2006;133
28.01.2006;133
29.01.2006;132
30.01.2006;132
31.01.2006;133
01.02.2006;149
02.02.2006;137
03.02.2006;136
04.02.2006;135
05.02.2006;134
06.02.2006;132
07.02.2006;135
08.02.2006;142
09.02.2006;149
10.02.2006;154
11.02.2006;156
12.02.2006;155
13.02.2006;155
14.02.2006;154
15.02.2006;154
16.02.2006;155
17.02.2006;155
18.02.2006;157
19.02.2006;159
20.02.2006;161
21.02.2006;162
22.02.2006;160
23.02.2006;159
24.02.2006;156
25.02.2006;153
26.02.2006;150
27.02.2006;148
28.02.2006;146
01.03.2006;143
02.03.2006;144
03.03.2006;144
04.03.2006;144
05.03.2006;143
06.03.2006;141
07.03.2006;140
08.03.2006;137
09.03.2006;135
10.03.2006;136
11.03.2006;138
12.03.2006;140
13.03.2006;140
14.03.2006;139
15.03.2006;137
16.03.2006;136
17.03.2006;136
18.03.2006;138
19.03.2006;139
20.03.2006;141
21.03.2006;143
22.03.2006;142
23.03.2006;142
24.03.2006;142
25.03.2006;143
26.03.2006;147
27.03.2006;150
28.03.2006;154
29.03.2006;157
30.03.2006;159
31.03.2006;162
01.04.2006;155
02.04.2006;167
03.04.2006;169
04.04.2006;169
05.04.2006;170
06.04.2006;169
07.04.2006;169
08.04.2006;168
09.04.2006;168
10.04.2006;166
11.04.2006;164
12.04.2006;163
13.04.2006;161
14.04.2006;160
15.04.2006;157
16.04.2006;155
17.04.2006;154
18.04.2006;152
19.04.2006;149
20.04.2006;146
21.04.2006;144
22.04.2006;143
23.04.2006;143
24.04.2006;141
25.04.2006;139
26.04.2006;137
27.04.2006;138
28.04.2006;138
29.04.2006;140
30.04.2006;142
01.05.2006;134
02.05.2006;140
03.05.2006;138
04.05.2006;135
05.05.2006;134
06.05.2006;133
07.05.2006;132
08.05.2006;132
09.05.2006;131
10.05.2006;131
11.05.2006;130
12.05.2006;130
13.05.2006;131
14.05.2006;131
15.05.2006;131
16.05.2006;132
17.05.2006;131
18.05.2006;130
19.05.2006;132
20.05.2006;132
21.05.2006;133
22.05.2006;133
23.05.2006;134
24.05.2006;133
25.05.2006;133
26.05.2006;134
27.05.2006;133
28.05.2006;137
29.05.2006;137
30.05.2006;138
31.05.2006;139
01.06.2006;131
02.06.2006;135
03.06.2006;134
04.06.2006;134
05.06.2006;133
06.06.2006;132
07.06.2006;131
08.06.2006;131
09.06.2006;132
10.06.2006;131
11.06.2006;131
12.06.2006;130
13.06.2006;130
14.06.2006;129
15.06.2006;129
16.06.2006;129
17.06.2006;131
18.06.2006;131
19.06.2006;131
20.06.2006;132
21.06.2006;131
22.06.2006;130
23.06.2006;130
24.06.2006;130
25.06.2006;129
26.06.2006;130
27.06.2006;129
28.06.2006;128
29.06.2006;128
30.06.2006;128
01.07.2006;128
02.07.2006;127
03.07.2006;127
04.07.2006;126
05.07.2006;126
06.07.2006;126
07.07.2006;128
08.07.2006;136
09.07.2006;134
10.07.2006;130
11.07.2006;127
12.07.2006;127
13.07.2006;128
14.07.2006;129
15.07.2006;129
16.07.2006;128
17.07.2006;128
18.07.2006;128
19.07.2006;128
20.07.2006;128
21.07.2006;128
22.07.2006;128
23.07.2006;127
24.07.2006;127
25.07.2006;127
26.07.2006;126
27.07.2006;126
28.07.2006;125
29.07.2006;127
30.07.2006;127
31.07.2006;127
01.08.2006;128
02.08.2006;127
03.08.2006;125
04.08.2006;125
05.08.2006;126
06.08.2006;129
07.08.2006;129
08.08.2006;129
09.08.2006;130
10.08.2006;130
11.08.2006;130
12.08.2006;128
13.08.2006;126
14.08.2006;126
15.08.2006;126
16.08.2006;125
17.08.2006;125
18.08.2006;126
19.08.2006;127
20.08.2006;128
21.08.2006;129
22.08.2006;129
23.08.2006;129
24.08.2006;127
25.08.2006;126
26.08.2006;127
27.08.2006;128
28.08.2006;129
29.08.2006;131
30.08.2006;130
31.08.2006;129
01.09.2006;126
02.09.2006;128
03.09.2006;129
04.09.2006;130
05.09.2006;130
06.09.2006;129
07.09.2006;129
08.09.2006;130
09.09.2006;128
10.09.2006;127
11.09.2006;126
12.09.2006;124
13.09.2006;123
14.09.2006;122
15.09.2006;122
16.09.2006;123
17.09.2006;124
18.09.2006;126
19.09.2006;127
20.09.2006;128
21.09.2006;128
22.09.2006;126
23.09.2006;124
24.09.2006;124
25.09.2006;124
26.09.2006;125
27.09.2006;126
28.09.2006;127
29.09.2006;127
30.09.2006;128
01.10.2006;129
02.10.2006;129
03.10.2006;127
04.10.2006;126
05.10.2006;127
06.10.2006;129
07.10.2006;129
08.10.2006;129
09.10.2006;129
10.10.2006;129
11.10.2006;128
12.10.2006;127
13.10.2006;127
14.10.2006;126
15.10.2006;126
16.10.2006;127
17.10.2006;128
18.10.2006;130
19.10.2006;130
20.10.2006;129
21.10.2006;128
22.10.2006;127
23.10.2006;127
24.10.2006;129
25.10.2006;130
26.10.2006;129
27.10.2006;130
28.10.2006;129
29.10.2006;131
30.10.2006;130
31.10.2006;130
01.11.2006;132
02.11.2006;131
03.11.2006;131
04.11.2006;131
05.11.2006;133
06.11.2006;136
07.11.2006;136
08.11.2006;135
09.11.2006;134
10.11.2006;132
11.11.2006;132
12.11.2006;134
13.11.2006;133
14.11.2006;135
15.11.2006;134
16.11.2006;133
17.11.2006;131
18.11.2006;131
19.11.2006;131
20.11.2006;132
21.11.2006;132
22.11.2006;131
23.11.2006;130
24.11.2006;131
25.11.2006;129
26.11.2006;129
27.11.2006;130
28.11.2006;131
29.11.2006;131
30.11.2006;131
01.12.2006;132
02.12.2006;132
03.12.2006;132
04.12.2006;131
05.12.2006;132
06.12.2006;132
07.12.2006;132
08.12.2006;131
09.12.2006;131
10.12.2006;131
11.12.2006;131
12.12.2006;133
13.12.2006;134
14.12.2006;134
15.12.2006;134
16.12.2006;133
17.12.2006;133
18.12.2006;133
19.12.2006;132
20.12.2006;132
21.12.2006;132
22.12.2006;131
23.12.2006;131
24.12.2006;130
25.12.2006;130
26.12.2006;129
27.12.2006;130
28.12.2006;131
29.12.2006;132
30.12.2006;132
31.12.2006;134
01.01.2007;141
02.01.2007;134
03.01.2007;134
04.01.2007;135
05.01.2007;137
06.01.2007;136
07.01.2007;137
08.01.2007;138
09.01.2007;137
10.01.2007;136
11.01.2007;137
12.01.2007;140
13.01.2007;142
14.01.2007;142
15.01.2007;141
16.01.2007;140
17.01.2007;136
18.01.2007;140
19.01.2007;152
20.01.2007;152
21.01.2007;151
22.01.2007;149
23.01.2007;147
24.01.2007;143
25.01.2007;141
26.01.2007;139
27.01.2007;140
28.01.2007;142
29.01.2007;145
30.01.2007;145
31.01.2007;144
01.02.2007;141
02.02.2007;143
03.02.2007;144
04.02.2007;142
05.02.2007;142
06.02.2007;142
07.02.2007;142
08.02.2007;141
09.02.2007;141
10.02.2007;139
11.02.2007;136
12.02.2007;136
13.02.2007;140
14.02.2007;141
15.02.2007;142
16.02.2007;142
17.02.2007;141
18.02.2007;140
19.02.2007;140
20.02.2007;141
21.02.2007;141
22.02.2007;142
23.02.2007;141
24.02.2007;140
25.02.2007;138
26.02.2007;137
27.02.2007;138
28.02.2007;141
01.03.2007;145
02.03.2007;149
03.03.2007;151
04.03.2007;150
05.03.2007;149
06.03.2007;147
07.03.2007;145
08.03.2007;143
09.03.2007;142
10.03.2007;142
11.03.2007;142
12.03.2007;142
13.03.2007;143
14.03.2007;143
15.03.2007;142
16.03.2007;139
17.03.2007;139
18.03.2007;141
19.03.2007;144
20.03.2007;143
21.03.2007;143
22.03.2007;146
23.03.2007;149
24.03.2007;150
25.03.2007;149
26.03.2007;147
27.03.2007;147
28.03.2007;146
29.03.2007;145
30.03.2007;145
31.03.2007;144
01.04.2007;132
02.04.2007;137
03.04.2007;135
04.04.2007;134
05.04.2007;136
06.04.2007;135
07.04.2007;134
08.04.2007;134
09.04.2007;135
10.04.2007;135
11.04.2007;134
12.04.2007;133
13.04.2007;132
14.04.2007;130
15.04.2007;129
16.04.2007;128
17.04.2007;127
18.04.2007;129
19.04.2007;132
20.04.2007;133
21.04.2007;134
22.04.2007;133
23.04.2007;132
24.04.2007;132
25.04.2007;131
26.04.2007;130
27.04.2007;130
28.04.2007;130
29.04.2007;129
30.04.2007;129
01.05.2007;135
02.05.2007;129
03.05.2007;130
04.05.2007;131
05.05.2007;132
06.05.2007;132
07.05.2007;132
08.05.2007;138
09.05.2007;139
10.05.2007;137
11.05.2007;137
12.05.2007;137
13.05.2007;138
14.05.2007;139
15.05.2007;142
16.05.2007;140
17.05.2007;139
18.05.2007;138
19.05.2007;135
20.05.2007;133
21.05.2007;132
22.05.2007;131
23.05.2007;130
24.05.2007;130
25.05.2007;131
26.05.2007;134
27.05.2007;134
28.05.2007;134
29.05.2007;139
30.05.2007;143
31.05.2007;141
01.06.2007;136
02.06.2007;134
03.06.2007;134
04.06.2007;133
05.06.2007;133
06.06.2007;134
07.06.2007;133
08.06.2007;132
09.06.2007;130
10.06.2007;130
11.06.2007;129
12.06.2007;130
13.06.2007;131
14.06.2007;131
15.06.2007;132
16.06.2007;142
17.06.2007;143
18.06.2007;142
19.06.2007;138
20.06.2007;134
21.06.2007;136
22.06.2007;143
23.06.2007;143
24.06.2007;143
25.06.2007;139
26.06.2007;139
27.06.2007;140
28.06.2007;136
29.06.2007;134
30.06.2007;135
01.07.2007;137
02.07.2007;136
03.07.2007;135
04.07.2007;135
05.07.2007;139
06.07.2007;142
07.07.2007;144
08.07.2007;145
09.07.2007;142
10.07.2007;142
11.07.2007;142
12.07.2007;143
13.07.2007;143
14.07.2007;141
15.07.2007;139
16.07.2007;137
17.07.2007;136
18.07.2007;135
19.07.2007;132
20.07.2007;130
21.07.2007;130
22.07.2007;134
23.07.2007;139
24.07.2007;137
25.07.2007;135
26.07.2007;131
27.07.2007;131
28.07.2007;130
29.07.2007;132
30.07.2007;135
31.07.2007;136
01.08.2007;135
02.08.2007;137
03.08.2007;138
04.08.2007;136
05.08.2007;135
06.08.2007;134
07.08.2007;133
08.08.2007;133
09.08.2007;133
10.08.2007;132
11.08.2007;132
12.08.2007;133
13.08.2007;133
14.08.2007;132
15.08.2007;132
16.08.2007;134
17.08.2007;134
18.08.2007;134
19.08.2007;130
20.08.2007;128
21.08.2007;135
22.08.2007;139
23.08.2007;140
24.08.2007;144
25.08.2007;145
26.08.2007;143
27.08.2007;139
28.08.2007;135
29.08.2007;134
30.08.2007;132
31.08.2007;132
01.09.2007;134
02.09.2007;133
03.09.2007;135
04.09.2007;137
05.09.2007;137
06.09.2007;136
07.09.2007;135
08.09.2007;134
09.09.2007;134
10.09.2007;135
11.09.2007;136
12.09.2007;136
13.09.2007;135
14.09.2007;135
15.09.2007;136
16.09.2007;135
17.09.2007;133
18.09.2007;133
19.09.2007;132
20.09.2007;133
21.09.2007;133
22.09.2007;134
23.09.2007;132
24.09.2007;130
25.09.2007;129
26.09.2007;128
27.09.2007;128
28.09.2007;133
29.09.2007;138
30.09.2007;140
01.10.2007;135
02.10.2007;140
03.10.2007;138
04.10.2007;138
05.10.2007;139
06.10.2007;139
07.10.2007;139
08.10.2007;139
09.10.2007;139
10.10.2007;138
11.10.2007;136
12.10.2007;136
13.10.2007;135
14.10.2007;134
15.10.2007;133
16.10.2007;133
17.10.2007;133
18.10.2007;134
19.10.2007;133
20.10.2007;133
21.10.2007;133
22.10.2007;133
23.10.2007;132
24.10.2007;130
25.10.2007;129
26.10.2007;129
27.10.2007;131
28.10.2007;132
29.10.2007;133
30.10.2007;133
31.10.2007;133
01.11.2007;140
02.11.2007;133
03.11.2007;134
04.11.2007;135
05.11.2007;135
06.11.2007;136
07.11.2007;138
08.11.2007;140
09.11.2007;144
10.11.2007;146
11.11.2007;146
12.11.2007;147
13.11.2007;147
14.11.2007;147
15.11.2007;146
16.11.2007;144
17.11.2007;144
18.11.2007;143
19.11.2007;142
20.11.2007;141
21.11.2007;139
22.11.2007;139
23.11.2007;139
24.11.2007;139
25.11.2007;139
26.11.2007;140
27.11.2007;141
28.11.2007;139
29.11.2007;139
30.11.2007;140
01.12.2007;142
02.12.2007;142
03.12.2007;145
04.12.2007;147
05.12.2007;148
06.12.2007;149
07.12.2007;151
08.12.2007;153
09.12.2007;151
10.12.2007;151
11.12.2007;148
12.12.2007;147
13.12.2007;145
14.12.2007;144
15.12.2007;144
16.12.2007;143
17.12.2007;142
18.12.2007;141
19.12.2007;140
20.12.2007;139
21.12.2007;139
22.12.2007;138
23.12.2007;137
24.12.2007;136
25.12.2007;135
26.12.2007;134
27.12.2007;134
28.12.2007;135
29.12.2007;136
30.12.2007;137
31.12.2007;137
01.01.2008;152
02.01.2008;135
03.01.2008;134
04.01.2008;132
05.01.2008;132
06.01.2008;135
07.01.2008;138
08.01.2008;141
09.01.2008;141
10.01.2008;142
11.01.2008;140
12.01.2008;139
13.01.2008;138
14.01.2008;136
15.01.2008;137
16.01.2008;137
17.01.2008;137
18.01.2008;137
19.01.2008;141
20.01.2008;146
21.01.2008;156
22.01.2008;167
23.01.2008;176
24.01.2008;181
25.01.2008;183
26.01.2008;182
27.01.2008;180
28.01.2008;181
29.01.2008;180
30.01.2008;180
31.01.2008;178
01.02.2008;152
02.02.2008;171
03.02.2008;168
04.02.2008;164
05.02.2008;162
06.02.2008;162
07.02.2008;162
08.02.2008;159
09.02.2008;157
10.02.2008;156
11.02.2008;154
12.02.2008;151
13.02.2008;149
14.02.2008;149
15.02.2008;147
16.02.2008;146
17.02.2008;145
18.02.2008;144
19.02.2008;144
20.02.2008;145
21.02.2008;147
22.02.2008;147
23.02.2008;147
24.02.2008;145
25.02.2008;144
26.02.2008;144
27.02.2008;146
28.02.2008;145
29.02.2008;143
01.03.2008;155
02.03.2008;151
03.03.2008;154
04.03.2008;156
05.03.2008;156
06.03.2008;153
07.03.2008;154
08.03.2008;152
09.03.2008;150
10.03.2008;152
11.03.2008;151
12.03.2008;151
13.03.2008;156
14.03.2008;156
15.03.2008;155
16.03.2008;154
17.03.2008;155
18.03.2008;156
19.03.2008;157
20.03.2008;156
21.03.2008;156
22.03.2008;157
23.03.2008;158
24.03.2008;159
25.03.2008;161
26.03.2008;162
27.03.2008;160
28.03.2008;157
29.03.2008;156
30.03.2008;154
31.03.2008;153
01.04.2008;165
02.04.2008;150
03.04.2008;151
04.04.2008;151
05.04.2008;152
06.04.2008;150
07.04.2008;150
08.04.2008;151
09.04.2008;150
10.04.2008;151
11.04.2008;154
12.04.2008;162
13.04.2008;165
14.04.2008;167
15.04.2008;172
16.04.2008;177
17.04.2008;179
18.04.2008;183
19.04.2008;184
20.04.2008;184
21.04.2008;183
22.04.2008;181
23.04.2008;180
24.04.2008;175
25.04.2008;172
26.04.2008;170
27.04.2008;167
28.04.2008;163
29.04.2008;158
30.04.2008;154
01.05.2008;134
02.05.2008;150
03.05.2008;148
04.05.2008;145
05.05.2008;142
06.05.2008;139
07.05.2008;137
08.05.2008;137
09.05.2008;136
10.05.2008;134
11.05.2008;132
12.05.2008;132
13.05.2008;131
14.05.2008;131
15.05.2008;131
16.05.2008;132
17.05.2008;133
18.05.2008;134
19.05.2008;133
20.05.2008;131
21.05.2008;129
22.05.2008;129
23.05.2008;129
24.05.2008;128
25.05.2008;127
26.05.2008;127
27.05.2008;127
28.05.2008;127
29.05.2008;127
30.05.2008;126
31.05.2008;126
01.06.2008;126
02.06.2008;126
03.06.2008;126
04.06.2008;125
05.06.2008;124
06.06.2008;124
07.06.2008;124
08.06.2008;123
09.06.2008;123
10.06.2008;124
11.06.2008;124
12.06.2008;124
13.06.2008;126
14.06.2008;128
15.06.2008;129
16.06.2008;130
17.06.2008;130
18.06.2008;128
19.06.2008;127
20.06.2008;128
21.06.2008;128
22.06.2008;128
23.06.2008;131
24.06.2008;129
25.06.2008;127
26.06.2008;126
27.06.2008;126
28.06.2008;125
29.06.2008;126
30.06.2008;126
01.07.2008;127
02.07.2008;126
03.07.2008;126
04.07.2008;127
05.07.2008;128
06.07.2008;126
07.07.2008;125
08.07.2008;125
09.07.2008;126
10.07.2008;126
11.07.2008;128
12.07.2008;130
13.07.2008;129
14.07.2008;129
15.07.2008;129
16.07.2008;130
17.07.2008;131
18.07.2008;132
19.07.2008;132
20.07.2008;130
21.07.2008;128
22.07.2008;125
23.07.2008;123
24.07.2008;123
25.07.2008;124
26.07.2008;125
27.07.2008;125
28.07.2008;125
29.07.2008;124
30.07.2008;123
31.07.2008;123
01.08.2008;128
02.08.2008;126
03.08.2008;127
04.08.2008;129
05.08.2008;128
06.08.2008;126
07.08.2008;125
08.08.2008;126
09.08.2008;127
10.08.2008;128
11.08.2008;129
12.08.2008;130
13.08.2008;130
14.08.2008;129
15.08.2008;128
16.08.2008;129
17.08.2008;130
18.08.2008;131
19.08.2008;131
20.08.2008;129
21.08.2008;128
22.08.2008;128
23.08.2008;130
24.08.2008;131
25.08.2008;132
26.08.2008;132
27.08.2008;131
28.08.2008;129
29.08.2008;128
30.08.2008;126
31.08.2008;126
01.09.2008;130
02.09.2008;129
03.09.2008;132
04.09.2008;132
05.09.2008;130
06.09.2008;128
07.09.2008;131
08.09.2008;131
09.09.2008;133
10.09.2008;133
11.09.2008;132
12.09.2008;129
13.09.2008;127
14.09.2008;127
15.09.2008;128
16.09.2008;128
17.09.2008;129
18.09.2008;129
19.09.2008;129
20.09.2008;130
21.09.2008;130
22.09.2008;130
23.09.2008;130
24.09.2008;131
25.09.2008;131
26.09.2008;130
27.09.2008;130
28.09.2008;130
29.09.2008;131
30.09.2008;132
01.10.2008;133
02.10.2008;139
03.10.2008;137
04.10.2008;134
05.10.2008;132
06.10.2008;131
07.10.2008;130
08.10.2008;128
09.10.2008;128
10.10.2008;129
11.10.2008;131
12.10.2008;132
13.10.2008;132
14.10.2008;131
15.10.2008;131
16.10.2008;133
17.10.2008;134
18.10.2008;132
19.10.2008;132
20.10.2008;131
21.10.2008;131
22.10.2008;131
23.10.2008;131
24.10.2008;131
25.10.2008;131
26.10.2008;131
27.10.2008;132
28.10.2008;134
29.10.2008;134
30.10.2008;139
31.10.2008;144
01.11.2008;139
02.11.2008;145
03.11.2008;142
04.11.2008;140
05.11.2008;137
06.11.2008;137
07.11.2008;137
08.11.2008;138
09.11.2008;138
10.11.2008;139
11.11.2008;138
12.11.2008;136
13.11.2008;135
14.11.2008;134
15.11.2008;135
16.11.2008;136
17.11.2008;136
18.11.2008;136
19.11.2008;138
20.11.2008;141
21.11.2008;144
22.11.2008;145
23.11.2008;144
24.11.2008;141
25.11.2008;139
26.11.2008;139
27.11.2008;140
28.11.2008;140
29.11.2008;139
30.11.2008;139
01.12.2008;141
02.12.2008;142
03.12.2008;141
04.12.2008;142
05.12.2008;141
06.12.2008;141
07.12.2008;141
08.12.2008;142
09.12.2008;141
10.12.2008;141
11.12.2008;140
12.12.2008;141
13.12.2008;140
14.12.2008;140
15.12.2008;140
16.12.2008;139
17.12.2008;137
18.12.2008;137
19.12.2008;139
20.12.2008;141
21.12.2008;143
22.12.2008;144
23.12.2008;145
24.12.2008;145
25.12.2008;144
26.12.2008;142
27.12.2008;139
28.12.2008;137
29.12.2008;137
30.12.2008;137
31.12.2008;138
01.01.2009;137
02.01.2009;138
03.01.2009;137
04.01.2009;136
05.01.2009;136
06.01.2009;136
07.01.2009;136
08.01.2009;135
09.01.2009;136
10.01.2009;136
11.01.2009;136
12.01.2009;136
13.01.2009;136
14.01.2009;136
15.01.2009;136
16.01.2009;135
17.01.2009;135
18.01.2009;135
19.01.2009;136
20.01.2009;138
21.01.2009;139
22.01.2009;139
23.01.2009;138
24.01.2009;139
25.01.2009;139
26.01.2009;139
27.01.2009;138
28.01.2009;138
29.01.2009;136
30.01.2009;136
31.01.2009;136
01.02.2009;140
02.02.2009;133
03.02.2009;133
04.02.2009;134
05.02.2009;135
06.02.2009;135
07.02.2009;135
08.02.2009;135
09.02.2009;135
10.02.2009;136
11.02.2009;140
12.02.2009;140
13.02.2009;141
14.02.2009;141
15.02.2009;141
16.02.2009;139
17.02.2009;139
18.02.2009;138
19.02.2009;138
20.02.2009;139
21.02.2009;140
22.02.2009;142
23.02.2009;145
24.02.2009;146
25.02.2009;149
26.02.2009;150
27.02.2009;153
28.02.2009;154
01.03.2009;153
02.03.2009;151
03.03.2009;152
04.03.2009;153
05.03.2009;153
06.03.2009;152
07.03.2009;151
08.03.2009;150
09.03.2009;151
10.03.2009;152
11.03.2009;153
12.03.2009;153
13.03.2009;155
14.03.2009;155
15.03.2009;155
16.03.2009;155
17.03.2009;155
18.03.2009;155
19.03.2009;154
20.03.2009;151
21.03.2009;151
22.03.2009;151
23.03.2009;153
24.03.2009;155
25.03.2009;155
26.03.2009;155
27.03.2009;153
28.03.2009;151
29.03.2009;152
30.03.2009;151
31.03.2009;150
01.04.2009;135
02.04.2009;146
03.04.2009;144
04.04.2009;144
05.04.2009;143
06.04.2009;142
07.04.2009;143
08.04.2009;143
09.04.2009;143
10.04.2009;141
11.04.2009;138
12.04.2009;136
13.04.2009;134
14.04.2009;133
15.04.2009;133
16.04.2009;131
17.04.2009;130
18.04.2009;129
19.04.2009;128
20.04.2009;128
21.04.2009;128
22.04.2009;130
23.04.2009;131
24.04.2009;131
25.04.2009;130
26.04.2009;128
27.04.2009;127
28.04.2009;127
29.04.2009;128
30.04.2009;128
01.05.2009;129
02.05.2009;126
03.05.2009;126
04.05.2009;127
05.05.2009;127
06.05.2009;130
07.05.2009;130
08.05.2009;131
09.05.2009;132
10.05.2009;134
11.05.2009;133
12.05.2009;131
13.05.2009;128
14.05.2009;126
15.05.2009;125
16.05.2009;127
17.05.2009;128
18.05.2009;130
19.05.2009;130
20.05.2009;130
21.05.2009;129
22.05.2009;129
23.05.2009;128
24.05.2009;127
25.05.2009;127
26.05.2009;128
27.05.2009;133
28.05.2009;134
29.05.2009;132
30.05.2009;131
31.05.2009;132
01.06.2009;131
02.06.2009;131
03.06.2009;132
04.06.2009;131
05.06.2009;133
06.06.2009;133
07.06.2009;135
08.06.2009;135
09.06.2009;133
10.06.2009;132
11.06.2009;133
12.06.2009;135
13.06.2009;135
14.06.2009;132
15.06.2009;130
16.06.2009;131
17.06.2009;131
18.06.2009;131
19.06.2009;131
20.06.2009;131
21.06.2009;131
22.06.2009;132
23.06.2009;132
24.06.2009;131
25.06.2009;131
26.06.2009;131
27.06.2009;128
28.06.2009;125
29.06.2009;124
30.06.2009;126
01.07.2009;131
02.07.2009;131
03.07.2009;132
04.07.2009;132
05.07.2009;132
06.07.2009;132
07.07.2009;131
08.07.2009;131
09.07.2009;131
10.07.2009;132
11.07.2009;133
12.07.2009;132
13.07.2009;132
14.07.2009;131
15.07.2009;128
16.07.2009;126
17.07.2009;126
18.07.2009;130
19.07.2009;132
20.07.2009;133
21.07.2009;132
22.07.2009;132
23.07.2009;130
24.07.2009;129
25.07.2009;130
26.07.2009;131
27.07.2009;132
28.07.2009;133
29.07.2009;131
30.07.2009;130
31.07.2009;128
01.08.2009;128
02.08.2009;127
03.08.2009;128
04.08.2009;128
05.08.2009;127
06.08.2009;127
07.08.2009;128
08.08.2009;128
09.08.2009;128
10.08.2009;128
11.08.2009;129
12.08.2009;129
13.08.2009;129
14.08.2009;127
15.08.2009;127
16.08.2009;127
17.08.2009;127
18.08.2009;127
19.08.2009;126
20.08.2009;125
21.08.2009;127
22.08.2009;130
23.08.2009;131
24.08.2009;130
25.08.2009;127
26.08.2009;126
27.08.2009;126
28.08.2009;128
29.08.2009;129
30.08.2009;130
31.08.2009;130
01.09.2009;128
02.09.2009;129
03.09.2009;129
04.09.2009;131
05.09.2009;132
06.09.2009;132
07.09.2009;131
08.09.2009;129
09.09.2009;128
10.09.2009;127
11.09.2009;127
12.09.2009;128
13.09.2009;129
14.09.2009;129
15.09.2009;128
16.09.2009;128
17.09.2009;127
18.09.2009;127
19.09.2009;127
20.09.2009;128
21.09.2009;128
22.09.2009;128
23.09.2009;128
24.09.2009;128
25.09.2009;127
26.09.2009;127
27.09.2009;128
28.09.2009;129
29.09.2009;129
30.09.2009;129
01.10.2009;133
02.10.2009;133
03.10.2009;133
04.10.2009;133
05.10.2009;129
06.10.2009;127
07.10.2009;127
08.10.2009;130
09.10.2009;132
10.10.2009;132
11.10.2009;135
12.10.2009;137
13.10.2009;137
14.10.2009;135
15.10.2009;134
16.10.2009;135
17.10.2009;137
18.10.2009;136
19.10.2009;136
20.10.2009;134
21.10.2009;132
22.10.2009;131
23.10.2009;131
24.10.2009;131
25.10.2009;132
26.10.2009;133
27.10.2009;134
28.10.2009;133
29.10.2009;134
30.10.2009;134
31.10.2009;133
01.11.2009;139
02.11.2009;133
03.11.2009;136
04.11.2009;139
05.11.2009;142
06.11.2009;143
07.11.2009;142
08.11.2009;141
09.11.2009;141
10.11.2009;141
11.11.2009;141
12.11.2009;142
13.11.2009;143
14.11.2009;142
15.11.2009;141
16.11.2009;139
17.11.2009;136
18.11.2009;136
19.11.2009;138
20.11.2009;139
21.11.2009;140
22.11.2009;139
23.11.2009;139
24.11.2009;141
25.11.2009;140
26.11.2009;138
27.11.2009;137
28.11.2009;135
29.11.2009;133
30.11.2009;130
01.12.2009;129
02.12.2009;132
03.12.2009;131
04.12.2009;129
05.12.2009;127
06.12.2009;127
07.12.2009;128
08.12.2009;129
09.12.2009;129
10.12.2009;130
11.12.2009;133
12.12.2009;132
13.12.2009;132
14.12.2009;130
15.12.2009;128
16.12.2009;127
17.12.2009;127
18.12.2009;127
19.12.2009;128
20.12.2009;128
21.12.2009;126
22.12.2009;124
23.12.2009;124
24.12.2009;124
25.12.2009;125
26.12.2009;129
27.12.2009;130
28.12.2009;132
29.12.2009;131
30.12.2009;129
31.12.2009;130
01.01.2010;135
02.01.2010;131
03.01.2010;131
04.01.2010;131
05.01.2010;130
06.01.2010;131
07.01.2010;132
08.01.2010;133
09.01.2010;135
10.01.2010;137
11.01.2010;137
12.01.2010;137
13.01.2010;137
14.01.2010;136
15.01.2010;136
16.01.2010;137
17.01.2010;137
18.01.2010;139
19.01.2010;140
20.01.2010;140
21.01.2010;139
22.01.2010;139
23.01.2010;139
24.01.2010;138
25.01.2010;137
26.01.2010;136
27.01.2010;134
28.01.2010;133
29.01.2010;133
30.01.2010;135
31.01.2010;136
01.02.2010;138
02.02.2010;136
03.02.2010;137
04.02.2010;137
05.02.2010;137
06.02.2010;135
07.02.2010;134
08.02.2010;134
09.02.2010;134
10.02.2010;135
11.02.2010;135
12.02.2010;136
13.02.2010;138
14.02.2010;138
15.02.2010;139
16.02.2010;139
17.02.2010;138
18.02.2010;138
19.02.2010;138
20.02.2010;137
21.02.2010;138
22.02.2010;138
23.02.2010;139
24.02.2010;140
25.02.2010;142
26.02.2010;144
27.02.2010;149
28.02.2010;154
01.03.2010;161
02.03.2010;167
03.03.2010;169
04.03.2010;171
05.03.2010;173
06.03.2010;171
07.03.2010;168
08.03.2010;165
09.03.2010;163
10.03.2010;159
11.03.2010;155
12.03.2010;153
13.03.2010;154
14.03.2010;156
15.03.2010;159
16.03.2010;160
17.03.2010;160
18.03.2010;159
19.03.2010;156
20.03.2010;156
21.03.2010;158
22.03.2010;160
23.03.2010;163
24.03.2010;162
25.03.2010;161
26.03.2010;159
27.03.2010;160
28.03.2010;161
29.03.2010;161
30.03.2010;161
31.03.2010;162
01.04.2010;145
02.04.2010;160
03.04.2010;158
04.04.2010;157
05.04.2010;156
06.04.2010;154
07.04.2010;151
08.04.2010;148
09.04.2010;147
10.04.2010;147
11.04.2010;146
12.04.2010;143
13.04.2010;142
14.04.2010;141
15.04.2010;142
16.04.2010;144
17.04.2010;143
18.04.2010;141
19.04.2010;139
20.04.2010;138
21.04.2010;139
22.04.2010;139
23.04.2010;139
24.04.2010;139
25.04.2010;138
26.04.2010;137
27.04.2010;138
28.04.2010;139
29.04.2010;140
30.04.2010;140
01.05.2010;144
02.05.2010;138
03.05.2010;139
04.05.2010;140
05.05.2010;140
06.05.2010;139
07.05.2010;140
08.05.2010;140
09.05.2010;141
10.05.2010;141
11.05.2010;140
12.05.2010;141
13.05.2010;141
14.05.2010;141
15.05.2010;144
16.05.2010;147
17.05.2010;147
18.05.2010;147
19.05.2010;149
20.05.2010;150
21.05.2010;150
22.05.2010;150
23.05.2010;150
24.05.2010;150
25.05.2010;151
26.05.2010;150
27.05.2010;149
28.05.2010;146
29.05.2010;145
30.05.2010;143
31.05.2010;145
01.06.2010;148
02.06.2010;149
03.06.2010;148
04.06.2010;146
05.06.2010;144
06.06.2010;140
07.06.2010;139
08.06.2010;136
09.06.2010;135
10.06.2010;133
11.06.2010;132
12.06.2010;131
13.06.2010;130
14.06.2010;128
15.06.2010;129
16.06.2010;133
17.06.2010;136
18.06.2010;136
19.06.2010;134
20.06.2010;131
21.06.2010;131
22.06.2010;131
23.06.2010;132
24.06.2010;131
25.06.2010;129
26.06.2010;127
27.06.2010;126
28.06.2010;126
29.06.2010;126
30.06.2010;127
01.07.2010;128
02.07.2010;127
03.07.2010;128
04.07.2010;129
05.07.2010;129
06.07.2010;130
07.07.2010;130
08.07.2010;130
09.07.2010;129
10.07.2010;128
11.07.2010;127
12.07.2010;127
13.07.2010;127
14.07.2010;127
15.07.2010;127
16.07.2010;126
17.07.2010;127
18.07.2010;127
19.07.2010;130
20.07.2010;130
21.07.2010;128
22.07.2010;127
23.07.2010;133
24.07.2010;134
25.07.2010;129
26.07.2010;124
27.07.2010;121
28.07.2010;122
29.07.2010;124
30.07.2010;126
31.07.2010;126
01.08.2010;136
02.08.2010;129
03.08.2010;130
04.08.2010;133
05.08.2010;131
06.08.2010;131
07.08.2010;131
08.08.2010;130
09.08.2010;130
10.08.2010;129
11.08.2010;130
12.08.2010;130
13.08.2010;133
14.08.2010;137
15.08.2010;140
16.08.2010;139
17.08.2010;138
18.08.2010;140
19.08.2010;142
20.08.2010;141
21.08.2010;140
22.08.2010;139
23.08.2010;139
24.08.2010;139
25.08.2010;139
26.08.2010;138
27.08.2010;140
28.08.2010;141
29.08.2010;142
30.08.2010;144
31.08.2010;145
01.09.2010;140
02.09.2010;144
03.09.2010;142
04.09.2010;141
05.09.2010;141
06.09.2010;141
07.09.2010;141
08.09.2010;138
09.09.2010;137
10.09.2010;137
11.09.2010;136
12.09.2010;135
13.09.2010;136
14.09.2010;138
15.09.2010;142
16.09.2010;144
17.09.2010;145
18.09.2010;145
19.09.2010;144
20.09.2010;142
21.09.2010;140
22.09.2010;139
23.09.2010;137
24.09.2010;134
25.09.2010;130
26.09.2010;133
27.09.2010;141
28.09.2010;145
29.09.2010;147
30.09.2010;149
01.10.2010;148
02.10.2010;152
03.10.2010;150
04.10.2010;149
05.10.2010;148
06.10.2010;147
07.10.2010;146
08.10.2010;146
09.10.2010;145
10.10.2010;144
11.10.2010;143
12.10.2010;143
13.10.2010;142
14.10.2010;143
15.10.2010;145
16.10.2010;147
17.10.2010;148
18.10.2010;149
19.10.2010;150
20.10.2010;151
21.10.2010;153
22.10.2010;154
23.10.2010;154
24.10.2010;153
25.10.2010;152
26.10.2010;150
27.10.2010;147
28.10.2010;146
29.10.2010;144
30.10.2010;143
31.10.2010;142
01.11.2010;167
02.11.2010;144
03.11.2010;146
04.11.2010;148
05.11.2010;150
06.11.2010;152
07.11.2010;154
08.11.2010;155
09.11.2010;157
10.11.2010;157
11.11.2010;158
12.11.2010;158
13.11.2010;159
14.11.2010;162
15.11.2010;162
16.11.2010;163
17.11.2010;168
18.11.2010;171
19.11.2010;175
20.11.2010;177
21.11.2010;179
22.11.2010;180
23.11.2010;183
24.11.2010;185
25.11.2010;185
26.11.2010;186
27.11.2010;187
28.11.2010;187
29.11.2010;187
30.11.2010;185
01.12.2010;186
02.12.2010;183
03.12.2010;181
04.12.2010;175
05.12.2010;169
06.12.2010;166
07.12.2010;165
08.12.2010;166
09.12.2010;170
10.12.2010;170
11.12.2010;172
12.12.2010;175
13.12.2010;178
14.12.2010;181
15.12.2010;184
16.12.2010;184
17.12.2010;185
18.12.2010;185
19.12.2010;188
20.12.2010;192
21.12.2010;195
22.12.2010;196
23.12.2010;198
24.12.2010;200
25.12.2010;202
26.12.2010;202
27.12.2010;203
28.12.2010;203
29.12.2010;202
30.12.2010;202
31.12.2010;202
01.01.2011;216
02.01.2011;204
03.01.2011;203
04.01.2011;202
05.01.2011;201
06.01.2011;202
07.01.2011;204
08.01.2011;207
09.01.2011;208
10.01.2011;207
11.01.2011;207
12.01.2011;208
13.01.2011;210
14.01.2011;214
15.01.2011;219
16.01.2011;223
17.01.2011;225
18.01.2011;226
19.01.2011;227
20.01.2011;227
21.01.2011;227
22.01.2011;227
23.01.2011;226
24.01.2011;225
25.01.2011;225
26.01.2011;226
27.01.2011;226
28.01.2011;225
29.01.2011;224
30.01.2011;223
31.01.2011;221
01.02.2011;207
02.02.2011;217
03.02.2011;215
04.02.2011;215
05.02.2011;216
06.02.2011;219
07.02.2011;222
08.02.2011;223
09.02.2011;223
10.02.2011;223
11.02.2011;224
12.02.2011;223
13.02.2011;221
14.02.2011;219
15.02.2011;216
16.02.2011;213
17.02.2011;210
18.02.2011;208
19.02.2011;205
20.02.2011;202
21.02.2011;200
22.02.2011;195
23.02.2011;189
24.02.2011;184
25.02.2011;179
26.02.2011;173
27.02.2011;167
28.02.2011;166
01.03.2011;158
02.03.2011;166
03.03.2011;163
04.03.2011;160
05.03.2011;158
06.03.2011;158
07.03.2011;158
08.03.2011;155
09.03.2011;154
10.03.2011;153
11.03.2011;154
12.03.2011;153
13.03.2011;152
14.03.2011;152
15.03.2011;155
16.03.2011;155
17.03.2011;155
18.03.2011;159
19.03.2011;160
20.03.2011;160
21.03.2011;160
22.03.2011;160
23.03.2011;161
24.03.2011;161
25.03.2011;161
26.03.2011;161
27.03.2011;160
28.03.2011;160
29.03.2011;158
30.03.2011;157
31.03.2011;156
01.04.2011;149
02.04.2011;155
03.04.2011;154
04.04.2011;154
05.04.2011;155
06.04.2011;155
07.04.2011;154
08.04.2011;155
09.04.2011;154
10.04.2011;152
11.04.2011;151
12.04.2011;152
13.04.2011;154
14.04.2011;156
15.04.2011;155
16.04.2011;154
17.04.2011;152
18.04.2011;150
19.04.2011;148
20.04.2011;147
21.04.2011;146
22.04.2011;144
23.04.2011;141
24.04.2011;139
25.04.2011;138
26.04.2011;139
27.04.2011;142
28.04.2011;142
29.04.2011;141
30.04.2011;138
01.05.2011;133
02.05.2011;133
03.05.2011;134
04.05.2011;135
05.05.2011;136
06.05.2011;136
07.05.2011;135
08.05.2011;134
09.05.2011;133
10.05.2011;131
11.05.2011;132
12.05.2011;133
13.05.2011;135
14.05.2011;134
15.05.2011;135
16.05.2011;135
17.05.2011;135
18.05.2011;134
19.05.2011;135
20.05.2011;135
21.05.2011;135
22.05.2011;134
23.05.2011;132
24.05.2011;131
25.05.2011;131
26.05.2011;130
27.05.2011;131
28.05.2011;130
29.05.2011;130
30.05.2011;129
31.05.2011;129
01.06.2011;130
02.06.2011;130
03.06.2011;130
04.06.2011;129
05.06.2011;127
06.06.2011;127
07.06.2011;129
08.06.2011;130
09.06.2011;134
10.06.2011;134
11.06.2011;133
12.06.2011;131
13.06.2011;129
14.06.2011;128
15.06.2011;127
16.06.2011;128
17.06.2011;129
18.06.2011;129
19.06.2011;129
20.06.2011;128
21.06.2011;126
22.06.2011;126
23.06.2011;130
24.06.2011;130
25.06.2011;132
26.06.2011;132
27.06.2011;131
28.06.2011;131
29.06.2011;131
30.06.2011;131
01.07.2011;130
02.07.2011;130
03.07.2011;130
04.07.2011;132
05.07.2011;139
06.07.2011;137
07.07.2011;135
08.07.2011;133
09.07.2011;131
10.07.2011;131
11.07.2011;136
12.07.2011;136
13.07.2011;134
14.07.2011;135
15.07.2011;132
16.07.2011;131
17.07.2011;130
18.07.2011;134
19.07.2011;135
20.07.2011;134
21.07.2011;132
22.07.2011;137
23.07.2011;145
24.07.2011;147
25.07.2011;146
26.07.2011;144
27.07.2011;141
28.07.2011;139
29.07.2011;145
30.07.2011;161
31.07.2011;171
01.08.2011;168
02.08.2011;176
03.08.2011;177
04.08.2011;180
05.08.2011;183
06.08.2011;185
07.08.2011;185
08.08.2011;185
09.08.2011;184
10.08.2011;182
11.08.2011;179
12.08.2011;176
13.08.2011;176
14.08.2011;175
15.08.2011;175
16.08.2011;174
17.08.2011;171
18.08.2011;168
19.08.2011;164
20.08.2011;162
21.08.2011;159
22.08.2011;156
23.08.2011;152
24.08.2011;148
25.08.2011;151
26.08.2011;153
27.08.2011;152
28.08.2011;152
29.08.2011;151
30.08.2011;148
31.08.2011;145
01.09.2011;146
02.09.2011;142
03.09.2011;141
04.09.2011;140
05.09.2011;140
06.09.2011;139
07.09.2011;143
08.09.2011;141
09.09.2011;143
10.09.2011;146
11.09.2011;148
12.09.2011;152
13.09.2011;154
14.09.2011;156
15.09.2011;156
16.09.2011;155
17.09.2011;153
18.09.2011;152
19.09.2011;151
20.09.2011;148
21.09.2011;147
22.09.2011;148
23.09.2011;148
24.09.2011;146
25.09.2011;145
26.09.2011;144
27.09.2011;142
28.09.2011;140
29.09.2011;138
30.09.2011;138
01.10.2011;145
02.10.2011;139
03.10.2011;140
04.10.2011;140
05.10.2011;140
06.10.2011;141
07.10.2011;141
08.10.2011;142
09.10.2011;141
10.10.2011;143
11.10.2011;147
12.10.2011;152
13.10.2011;151
14.10.2011;152
15.10.2011;153
16.10.2011;153
17.10.2011;151
18.10.2011;150
19.10.2011;149
20.10.2011;149
21.10.2011;147
22.10.2011;145
23.10.2011;144
24.10.2011;143
25.10.2011;142
26.10.2011;142
27.10.2011;142
28.10.2011;142
29.10.2011;141
30.10.2011;141
31.10.2011;142
01.11.2011;140
02.11.2011;141
03.11.2011;142
04.11.2011;143
05.11.2011;143
06.11.2011;142
07.11.2011;141
08.11.2011;141
09.11.2011;140
10.11.2011;140
11.11.2011;139
12.11.2011;138
13.11.2011;137
14.11.2011;138
15.11.2011;139
16.11.2011;138
17.11.2011;138
18.11.2011;138
19.11.2011;138
20.11.2011;138
21.11.2011;138
22.11.2011;139
23.11.2011;140
24.11.2011;140
25.11.2011;140
26.11.2011;141
27.11.2011;142
28.11.2011;143
29.11.2011;143
30.11.2011;143
01.12.2011;158
02.12.2011;142
03.12.2011;142
04.12.2011;144
05.12.2011;145
06.12.2011;146
07.12.2011;148
08.12.2011;152
09.12.2011;154
10.12.2011;155
11.12.2011;155
12.12.2011;156
13.12.2011;156
14.12.2011;157
15.12.2011;159
16.12.2011;160
17.12.2011;168
18.12.2011;168
19.12.2011;168
20.12.2011;168
21.12.2011;168
22.12.2011;166
23.12.2011;165
24.12.2011;165
25.12.2011;165
26.12.2011;165
27.12.2011;163
28.12.2011;160
29.12.2011;160
30.12.2011;161
31.12.2011;163
01.01.2012;178
02.01.2012;163
03.01.2012;164
04.01.2012;164
05.01.2012;168
06.01.2012;172
07.01.2012;176
08.01.2012;178
09.01.2012;179
10.01.2012;179
11.01.2012;177
12.01.2012;179
13.01.2012;181
14.01.2012;180
15.01.2012;180
16.01.2012;179
17.01.2012;177
18.01.2012;175
19.01.2012;178
20.01.2012;182
21.01.2012;184
22.01.2012;187
23.01.2012;189
24.01.2012;189
25.01.2012;189
26.01.2012;188
27.01.2012;187
28.01.2012;186
29.01.2012;183
30.01.2012;178
31.01.2012;174
01.02.2012;170
02.02.2012;176
03.02.2012;175
04.02.2012;174
05.02.2012;175
06.02.2012;175
07.02.2012;175
08.02.2012;171
09.02.2012;169
10.02.2012;166
11.02.2012;165
12.02.2012;164
13.02.2012;162
14.02.2012;160
15.02.2012;161
16.02.2012;160
17.02.2012;162
18.02.2012;163
19.02.2012;164
20.02.2012;164
21.02.2012;164
22.02.2012;167
23.02.2012;170
24.02.2012;173
25.02.2012;177
26.02.2012;180
27.02.2012;181
28.02.2012;180
29.02.2012;181
01.03.2012;167
02.03.2012;184
03.03.2012;183
04.03.2012;182
05.03.2012;181
06.03.2012;179
07.03.2012;178
08.03.2012;177
09.03.2012;176
10.03.2012;175
11.03.2012;175
12.03.2012;174
13.03.2012;173
14.03.2012;171
15.03.2012;169
16.03.2012;168
17.03.2012;166
18.03.2012;164
19.03.2012;164
20.03.2012;163
21.03.2012;162
22.03.2012;160
23.03.2012;158
24.03.2012;157
25.03.2012;154
26.03.2012;151
27.03.2012;148
28.03.2012;148
29.03.2012;149
30.03.2012;148
31.03.2012;149
01.04.2012;144
02.04.2012;152
03.04.2012;151
04.04.2012;153
05.04.2012;154
06.04.2012;153
07.04.2012;151
08.04.2012;149
09.04.2012;148
10.04.2012;147
11.04.2012;146
12.04.2012;145
13.04.2012;144
14.04.2012;141
15.04.2012;140
16.04.2012;139
17.04.2012;141
18.04.2012;142
19.04.2012;142
20.04.2012;141
21.04.2012;141
22.04.2012;140
23.04.2012;140
24.04.2012;140
25.04.2012;141
26.04.2012;141
27.04.2012;141
28.04.2012;141
29.04.2012;141
30.04.2012;139
01.05.2012;133
02.05.2012;135
03.05.2012;135
04.05.2012;136
05.05.2012;137
06.05.2012;138
07.05.2012;138
08.05.2012;137
09.05.2012;137
10.05.2012;135
11.05.2012;134
12.05.2012;135
13.05.2012;135
14.05.2012;137
15.05.2012;138
16.05.2012;136
17.05.2012;133
18.05.2012;133
19.05.2012;135
20.05.2012;133
21.05.2012;131
22.05.2012;130
23.05.2012;130
24.05.2012;128
25.05.2012;127
26.05.2012;125
27.05.2012;125
28.05.2012;125
29.05.2012;127
30.05.2012;128
31.05.2012;129
01.06.2012;130
02.06.2012;134
03.06.2012;135
04.06.2012;136
05.06.2012;136
06.06.2012;134
07.06.2012;132
08.06.2012;131
09.06.2012;132
10.06.2012;133
11.06.2012;133
12.06.2012;131
13.06.2012;129
14.06.2012;127
15.06.2012;126
16.06.2012;124
17.06.2012;123
18.06.2012;122
19.06.2012;123
20.06.2012;126
21.06.2012;129
22.06.2012;130
23.06.2012;129
24.06.2012;128
25.06.2012;133
26.06.2012;135
27.06.2012;135
28.06.2012;133
29.06.2012;132
30.06.2012;132
01.07.2012;142
02.07.2012;136
03.07.2012;136
04.07.2012;133
05.07.2012;131
06.07.2012;137
07.07.2012;144
08.07.2012;148
09.07.2012;147
10.07.2012;145
11.07.2012;143
12.07.2012;143
13.07.2012;144
14.07.2012;147
15.07.2012;149
16.07.2012;149
17.07.2012;151
18.07.2012;153
19.07.2012;155
20.07.2012;156
21.07.2012;153
22.07.2012;147
23.07.2012;143
24.07.2012;141
25.07.2012;138
26.07.2012;134
27.07.2012;130
28.07.2012;130
29.07.2012;134
30.07.2012;137
31.07.2012;138
01.08.2012;133
02.08.2012;137
03.08.2012;137
04.08.2012;139
05.08.2012;140
06.08.2012;139
07.08.2012;137
08.08.2012;136
09.08.2012;135
10.08.2012;135
11.08.2012;135
12.08.2012;134
13.08.2012;133
14.08.2012;132
15.08.2012;130
16.08.2012;130
17.08.2012;130
18.08.2012;130
19.08.2012;129
20.08.2012;128
21.08.2012;128
22.08.2012;136
23.08.2012;138
24.08.2012;135
25.08.2012;133
26.08.2012;130
27.08.2012;129
28.08.2012;128
29.08.2012;129
30.08.2012;130
31.08.2012;134
01.09.2012;135
02.09.2012;134
03.09.2012;133
04.09.2012;133
05.09.2012;133
06.09.2012;133
07.09.2012;133
08.09.2012;134
09.09.2012;136
10.09.2012;136
11.09.2012;135
12.09.2012;133
13.09.2012;131
14.09.2012;132
15.09.2012;134
16.09.2012;134
17.09.2012;135
18.09.2012;136
19.09.2012;137
20.09.2012;136
21.09.2012;135
22.09.2012;134
23.09.2012;132
24.09.2012;131
25.09.2012;134
26.09.2012;135
27.09.2012;137
28.09.2012;139
29.09.2012;138
30.09.2012;136
01.10.2012;136
02.10.2012;134
03.10.2012;133
04.10.2012;133
05.10.2012;136
06.10.2012;139
07.10.2012;141
08.10.2012;142
09.10.2012;142
10.10.2012;141
11.10.2012;140
12.10.2012;139
13.10.2012;138
14.10.2012;137
15.10.2012;137
16.10.2012;137
17.10.2012;136
18.10.2012;136
19.10.2012;136
20.10.2012;135
21.10.2012;134
22.10.2012;133
23.10.2012;134
24.10.2012;134
25.10.2012;135
26.10.2012;135
27.10.2012;135
28.10.2012;135
29.10.2012;134
30.10.2012;135
31.10.2012;137
01.11.2012;139
02.11.2012;141
03.11.2012;140
04.11.2012;140
05.11.2012;140
06.11.2012;141
07.11.2012;141
08.11.2012;142
09.11.2012;141
10.11.2012;139
11.11.2012;138
12.11.2012;138
13.11.2012;139
14.11.2012;140
15.11.2012;140
16.11.2012;139
17.11.2012;138
18.11.2012;136
19.11.2012;136
20.11.2012;137
21.11.2012;138
22.11.2012;137
23.11.2012;136
24.11.2012;137
25.11.2012;138
26.11.2012;139
27.11.2012;140
28.11.2012;140
29.11.2012;142
30.11.2012;149
01.12.2012;154
02.12.2012;152
03.12.2012;151
04.12.2012;153
05.12.2012;157
06.12.2012;157
07.12.2012;155
08.12.2012;153
09.12.2012;153
10.12.2012;153
11.12.2012;153
12.12.2012;151
13.12.2012;148
14.12.2012;146
15.12.2012;147
16.12.2012;148
17.12.2012;148
18.12.2012;150
19.12.2012;153
20.12.2012;154
21.12.2012;155
22.12.2012;155
23.12.2012;155
24.12.2012;158
25.12.2012;160
26.12.2012;160
27.12.2012;161
28.12.2012;161
29.12.2012;162
30.12.2012;162
31.12.2012;161
01.01.2013;159
02.01.2013;161
03.01.2013;162
04.01.2013;164
05.01.2013;166
06.01.2013;165
07.01.2013;165
08.01.2013;166
09.01.2013;169
10.01.2013;172
11.01.2013;174
12.01.2013;175
13.01.2013;173
14.01.2013;171
15.01.2013;170
16.01.2013;169
17.01.2013;167
18.01.2013;165
19.01.2013;163
20.01.2013;160
21.01.2013;158
22.01.2013;157
23.01.2013;154
24.01.2013;151
25.01.2013;149
26.01.2013;149
27.01.2013;149
28.01.2013;150
29.01.2013;153
30.01.2013;162
31.01.2013;171
01.02.2013;177
02.02.2013;179
03.02.2013;183
04.02.2013;186
05.02.2013;187
06.02.2013;188
07.02.2013;189
08.02.2013;189
09.02.2013;188
10.02.2013;187
11.02.2013;185
12.02.2013;184
13.02.2013;181
14.02.2013;178
15.02.2013;175
16.02.2013;174
17.02.2013;172
18.02.2013;171
19.02.2013;171
20.02.2013;170
21.02.2013;170
22.02.2013;169
23.02.2013;168
24.02.2013;168
25.02.2013;166
26.02.2013;165
27.02.2013;167
28.02.2013;169
01.03.2013;160
02.03.2013;169
03.03.2013;169
04.03.2013;168
05.03.2013;168
06.03.2013;168
07.03.2013;167
08.03.2013;166
09.03.2013;165
10.03.2013;165
11.03.2013;164
12.03.2013;163
13.03.2013;161
14.03.2013;160
15.03.2013;159
16.03.2013;159
17.03.2013;158
18.03.2013;156
19.03.2013;156
20.03.2013;157
21.03.2013;158
22.03.2013;159
23.03.2013;158
24.03.2013;157
25.03.2013;154
26.03.2013;153
27.03.2013;152
28.03.2013;150
29.03.2013;150
30.03.2013;153
31.03.2013;155
01.04.2013;153
02.04.2013;155
03.04.2013;155
04.04.2013;155
05.04.2013;155
06.04.2013;156
07.04.2013;157
08.04.2013;157
09.04.2013;156
10.04.2013;155
11.04.2013;155
12.04.2013;156
13.04.2013;156
14.04.2013;156
15.04.2013;158
16.04.2013;158
17.04.2013;157
18.04.2013;156
19.04.2013;154
20.04.2013;153
21.04.2013;151
22.04.2013;149
23.04.2013;146
24.04.2013;146
25.04.2013;145
26.04.2013;144
27.04.2013;146
28.04.2013;146
29.04.2013;145
30.04.2013;144
01.05.2013;139
02.05.2013;141
03.05.2013;140
04.05.2013;139
05.05.2013;138
06.05.2013;136
07.05.2013;135
08.05.2013;136
09.05.2013;136
10.05.2013;136
11.05.2013;137
12.05.2013;137
13.05.2013;136
14.05.2013;136
15.05.2013;135
16.05.2013;135
17.05.2013;134
18.05.2013;136
19.05.2013;137
20.05.2013;137
21.05.2013;135
22.05.2013;134
23.05.2013;134
24.05.2013;134
25.05.2013;135
26.05.2013;146
27.05.2013;148
28.05.2013;148
29.05.2013;147
30.05.2013;147
31.05.2013;148
01.06.2013;162
02.06.2013;163
03.06.2013;165
04.06.2013;167
05.06.2013;167
06.06.2013;167
07.06.2013;166
08.06.2013;164
09.06.2013;162
10.06.2013;156
11.06.2013;156
12.06.2013;160
13.06.2013;162
14.06.2013;164
15.06.2013;162
16.06.2013;160
17.06.2013;157
18.06.2013;157
19.06.2013;156
20.06.2013;155
21.06.2013;161
22.06.2013;161
23.06.2013;161
24.06.2013;160
25.06.2013;162
26.06.2013;168
27.06.2013;169
28.06.2013;170
29.06.2013;169
30.06.2013;166
01.07.2013;142
02.07.2013;167
03.07.2013;168
04.07.2013;168
05.07.2013;166
06.07.2013;163
07.07.2013;160
08.07.2013;158
09.07.2013;155
10.07.2013;151
11.07.2013;148
12.07.2013;145
13.07.2013;143
14.07.2013;138
15.07.2013;134
16.07.2013;131
17.07.2013;130
18.07.2013;130
19.07.2013;130
20.07.2013;130
21.07.2013;130
22.07.2013;129
23.07.2013;127
24.07.2013;125
25.07.2013;125
26.07.2013;126
27.07.2013;127
28.07.2013;129
29.07.2013;132
30.07.2013;137
31.07.2013;137
01.08.2013;133
02.08.2013;130
03.08.2013;130
04.08.2013;132
05.08.2013;137
06.08.2013;140
07.08.2013;143
08.08.2013;141
09.08.2013;138
10.08.2013;135
11.08.2013;136
12.08.2013;137
13.08.2013;138
14.08.2013;136
15.08.2013;134
16.08.2013;135
17.08.2013;134
18.08.2013;133
19.08.2013;131
20.08.2013;131
21.08.2013;133
22.08.2013;132
23.08.2013;132
24.08.2013;131
25.08.2013;129
26.08.2013;127
27.08.2013;127
28.08.2013;127
29.08.2013;128
30.08.2013;129
31.08.2013;131
01.09.2013;136
02.09.2013;134
03.09.2013;137
04.09.2013;137
05.09.2013;135
06.09.2013;133
07.09.2013;131
08.09.2013;128
09.09.2013;131
10.09.2013;132
11.09.2013;134
12.09.2013;135
13.09.2013;134
14.09.2013;133
15.09.2013;133
16.09.2013;134
17.09.2013;135
18.09.2013;135
19.09.2013;136
20.09.2013;135
21.09.2013;137
22.09.2013;137
23.09.2013;139
24.09.2013;139
25.09.2013;139
26.09.2013;140
27.09.2013;140
28.09.2013;141
29.09.2013;141
30.09.2013;139
01.10.2013;142
02.10.2013;134
03.10.2013;133
04.10.2013;134
05.10.2013;135
06.10.2013;136
07.10.2013;135
08.10.2013;134
09.10.2013;133
10.10.2013;133
11.10.2013;135
12.10.2013;138
13.10.2013;147
14.10.2013;148
15.10.2013;151
16.10.2013;151
17.10.2013;152
18.10.2013;155
19.10.2013;153
20.10.2013;151
21.10.2013;150
22.10.2013;147
23.10.2013;145
24.10.2013;146
25.10.2013;143
26.10.2013;141
27.10.2013;140
28.10.2013;141
29.10.2013;143
30.10.2013;143
31.10.2013;143
01.11.2013;145
02.11.2013;143
03.11.2013;144
04.11.2013;144
05.11.2013;144
06.11.2013;145
07.11.2013;147
08.11.2013;149
09.11.2013;150
10.11.2013;152
11.11.2013;149
12.11.2013;147
13.11.2013;146
14.11.2013;147
15.11.2013;147
16.11.2013;145
17.11.2013;144
18.11.2013;143
19.11.2013;141
20.11.2013;143
21.11.2013;144
22.11.2013;146
23.11.2013;147
24.11.2013;147
25.11.2013;146
26.11.2013;145
27.11.2013;144
28.11.2013;143
29.11.2013;144
30.11.2013;145
01.12.2013;148
02.12.2013;145
03.12.2013;144
04.12.2013;143
05.12.2013;145
06.12.2013;152
07.12.2013;155
08.12.2013;152
09.12.2013;153
10.12.2013;153
11.12.2013;153
12.12.2013;153
13.12.2013;152
14.12.2013;151
15.12.2013;150
16.12.2013;149
17.12.2013;150
18.12.2013;150
19.12.2013;149
20.12.2013;148
21.12.2013;147
22.12.2013;147
23.12.2013;146
24.12.2013;146
25.12.2013;144
26.12.2013;145
27.12.2013;145
28.12.2013;145
29.12.2013;147
30.12.2013;147
31.12.2013;147
01.01.2014;145
02.01.2014;144
03.01.2014;143
04.01.2014;141
05.01.2014;141
06.01.2014;141
07.01.2014;145
08.01.2014;147
09.01.2014;149
10.01.2014;152
11.01.2014;152
12.01.2014;153
13.01.2014;151
14.01.2014;150
15.01.2014;148
16.01.2014;147
17.01.2014;149
18.01.2014;149
19.01.2014;148
20.01.2014;145
21.01.2014;144
22.01.2014;145
23.01.2014;144
24.01.2014;143
25.01.2014;141
26.01.2014;142
27.01.2014;142
28.01.2014;140
29.01.2014;139
30.01.2014;139
31.01.2014;139
01.02.2014;145
02.02.2014;142
03.02.2014;143
04.02.2014;145
05.02.2014;148
06.02.2014;150
07.02.2014;149
08.02.2014;149
09.02.2014;149
10.02.2014;150
11.02.2014;149
12.02.2014;148
13.02.2014;146
14.02.2014;144
15.02.2014;143
16.02.2014;144
17.02.2014;145
18.02.2014;145
19.02.2014;146
20.02.2014;146
21.02.2014;146
22.02.2014;145
23.02.2014;145
24.02.2014;144
25.02.2014;142
26.02.2014;141
27.02.2014;139
28.02.2014;138
01.03.2014;138
02.03.2014;137
03.03.2014;136
04.03.2014;136
05.03.2014;135
06.03.2014;135
07.03.2014;134
08.03.2014;132
09.03.2014;132
10.03.2014;132
11.03.2014;132
12.03.2014;132
13.03.2014;132
14.03.2014;132
15.03.2014;136
16.03.2014;141
17.03.2014;144
18.03.2014;144
19.03.2014;144
20.03.2014;142
21.03.2014;141
22.03.2014;140
23.03.2014;140
24.03.2014;140
25.03.2014;142
26.03.2014;145
27.03.2014;143
28.03.2014;140
29.03.2014;138
30.03.2014;137
31.03.2014;138
01.04.2014;135
02.04.2014;136
03.04.2014;135
04.04.2014;132
05.04.2014;131
06.04.2014;130
07.04.2014;131
08.04.2014;134
09.04.2014;138
10.04.2014;140
11.04.2014;138
12.04.2014;137
13.04.2014;137
14.04.2014;139
15.04.2014;140
16.04.2014;141
17.04.2014;140
18.04.2014;139
19.04.2014;139
20.04.2014;137
21.04.2014;134
22.04.2014;133
23.04.2014;134
24.04.2014;135
25.04.2014;135
26.04.2014;134
27.04.2014;132
28.04.2014;131
29.04.2014;131
30.04.2014;131
01.05.2014;136
02.05.2014;134
03.05.2014;137
04.05.2014;135
05.05.2014;132
06.05.2014;131
07.05.2014;132
08.05.2014;135
09.05.2014;137
10.05.2014;139
11.05.2014;140
12.05.2014;141
13.05.2014;141
14.05.2014;139
15.05.2014;136
16.05.2014;134
17.05.2014;133
18.05.2014;135
19.05.2014;137
20.05.2014;137
21.05.2014;135
22.05.2014;133
23.05.2014;134
24.05.2014;132
25.05.2014;131
26.05.2014;130
27.05.2014;130
28.05.2014;135
29.05.2014;141
30.05.2014;142
31.05.2014;143
01.06.2014;132
02.06.2014;140
03.06.2014;140
04.06.2014;139
05.06.2014;139
06.06.2014;138
07.06.2014;136
08.06.2014;132
09.06.2014;129
10.06.2014;129
11.06.2014;129
12.06.2014;130
13.06.2014;131
14.06.2014;131
15.06.2014;130
16.06.2014;128
17.06.2014;126
18.06.2014;124
19.06.2014;126
20.06.2014;126
21.06.2014;126
22.06.2014;126
23.06.2014;127
24.06.2014;128
25.06.2014;136
26.06.2014;139
27.06.2014;136
28.06.2014;134
29.06.2014;134
30.06.2014;133
01.07.2014;130
02.07.2014;130
03.07.2014;130
04.07.2014;131
05.07.2014;131
06.07.2014;132
07.07.2014;131
08.07.2014;133
09.07.2014;134
10.07.2014;137
11.07.2014;135
12.07.2014;132
13.07.2014;129
14.07.2014;132
15.07.2014;134
16.07.2014;132
17.07.2014;130
18.07.2014;126
19.07.2014;123
20.07.2014;121
21.07.2014;121
22.07.2014;121
23.07.2014;122
24.07.2014;123
25.07.2014;126
26.07.2014;128
27.07.2014;129
28.07.2014;130
29.07.2014;132
30.07.2014;136
31.07.2014;135
01.08.2014;132
02.08.2014;129
03.08.2014;127
04.08.2014;130
05.08.2014;134
06.08.2014;136
07.08.2014;135
08.08.2014;134
09.08.2014;134
10.08.2014;134
11.08.2014;135
12.08.2014;132
13.08.2014;131
14.08.2014;131
15.08.2014;130
16.08.2014;130
17.08.2014;130
18.08.2014;132
19.08.2014;133
20.08.2014;134
21.08.2014;133
22.08.2014;132
23.08.2014;131
24.08.2014;130
25.08.2014;130
26.08.2014;130
27.08.2014;131
28.08.2014;130
29.08.2014;130
30.08.2014;130
31.08.2014;130
01.09.2014;132
02.09.2014;133
03.09.2014;135
04.09.2014;134
05.09.2014;132
06.09.2014;131
07.09.2014;130
08.09.2014;129
09.09.2014;130
10.09.2014;131
11.09.2014;132
12.09.2014;131
13.09.2014;131
14.09.2014;132
15.09.2014;133
16.09.2014;132
17.09.2014;131
18.09.2014;130
19.09.2014;130
20.09.2014;130
21.09.2014;131
22.09.2014;133
23.09.2014;134
24.09.2014;133
25.09.2014;133
26.09.2014;133
27.09.2014;133
28.09.2014;132
29.09.2014;132
30.09.2014;133
01.10.2014;134
02.10.2014;134
03.10.2014;133
04.10.2014;131
05.10.2014;129
06.10.2014;128
07.10.2014;127
08.10.2014;127
09.10.2014;127
10.10.2014;127
11.10.2014;131
12.10.2014;134
13.10.2014;134
14.10.2014;133
15.10.2014;131
16.10.2014;130
17.10.2014;133
18.10.2014;134
19.10.2014;134
20.10.2014;136
21.10.2014;136
22.10.2014;139
23.10.2014;142
24.10.2014;143
25.10.2014;141
26.10.2014;141
27.10.2014;139
28.10.2014;137
29.10.2014;136
30.10.2014;135
31.10.2014;133
01.11.2014;132
02.11.2014;131
03.11.2014;131
04.11.2014;131
05.11.2014;133
06.11.2014;134
07.11.2014;134
08.11.2014;134
09.11.2014;132
10.11.2014;131
11.11.2014;131
12.11.2014;132
13.11.2014;132
14.11.2014;132
15.11.2014;131
16.11.2014;132
17.11.2014;132
18.11.2014;132
19.11.2014;132
20.11.2014;132
21.11.2014;131
22.11.2014;131
23.11.2014;131
24.11.2014;131
25.11.2014;133
26.11.2014;133
27.11.2014;133
28.11.2014;132
29.11.2014;130
30.11.2014;128
01.12.2014;137
02.12.2014;125
03.12.2014;124
04.12.2014;126
05.12.2014;130
06.12.2014;133
07.12.2014;134
08.12.2014;134
09.12.2014;132
10.12.2014;131
11.12.2014;131
12.12.2014;135
13.12.2014;138
14.12.2014;138
15.12.2014;137
16.12.2014;135
17.12.2014;134
18.12.2014;133
19.12.2014;135
20.12.2014;138
21.12.2014;141
22.12.2014;143
23.12.2014;147
24.12.2014;151
25.12.2014;152
26.12.2014;150
27.12.2014;147
28.12.2014;142
29.12.2014;139
30.12.2014;138
31.12.2014;138
01.01.2015;151
02.01.2015;140
03.01.2015;142
04.01.2015;143
05.01.2015;144
06.01.2015;144
07.01.2015;143
08.01.2015;142
09.01.2015;146
10.01.2015;154
11.01.2015;160
12.01.2015;162
13.01.2015;165
14.01.2015;167
15.01.2015;166
16.01.2015;164
17.01.2015;160
18.01.2015;158
19.01.2015;156
20.01.2015;155
21.01.2015;154
22.01.2015;151
23.01.2015;147
24.01.2015;142
25.01.2015;142
26.01.2015;144
27.01.2015;147
28.01.2015;148
29.01.2015;150
30.01.2015;152
31.01.2015;154
01.02.2015;145
02.02.2015;157
03.02.2015;157
04.02.2015;156
05.02.2015;154
06.02.2015;151
07.02.2015;151
08.02.2015;150
09.02.2015;149
10.02.2015;148
11.02.2015;147
12.02.2015;146
13.02.2015;145
14.02.2015;144
15.02.2015;142
16.02.2015;140
17.02.2015;139
18.02.2015;138
19.02.2015;138
20.02.2015;138
21.02.2015;138
22.02.2015;138
23.02.2015;138
24.02.2015;139
25.02.2015;140
26.02.2015;140
27.02.2015;140
28.02.2015;140
01.03.2015;136
02.03.2015;140
03.03.2015;143
04.03.2015;144
05.03.2015;144
06.03.2015;143
07.03.2015;141
08.03.2015;139
09.03.2015;137
10.03.2015;135
11.03.2015;134
12.03.2015;134
13.03.2015;135
14.03.2015;134
15.03.2015;133
16.03.2015;132
17.03.2015;130
18.03.2015;128
19.03.2015;128
20.03.2015;129
21.03.2015;131
22.03.2015;133
23.03.2015;133
24.03.2015;133
25.03.2015;134
26.03.2015;133
27.03.2015;133
28.03.2015;133
29.03.2015;133
30.03.2015;140
31.03.2015;146
01.04.2015;137
02.04.2015;154
03.04.2015;152
04.04.2015;149
05.04.2015;143
06.04.2015;139
07.04.2015;139
08.04.2015;141
09.04.2015;140
10.04.2015;138
11.04.2015;134
12.04.2015;135
13.04.2015;136
14.04.2015;136
15.04.2015;136
16.04.2015;135
17.04.2015;134
18.04.2015;133
19.04.2015;132
20.04.2015;132
21.04.2015;132
22.04.2015;133
23.04.2015;134
24.04.2015;134
25.04.2015;134
26.04.2015;133
27.04.2015;134
28.04.2015;134
29.04.2015;134
30.04.2015;132
01.05.2015;129
02.05.2015;133
03.05.2015;132
04.05.2015;134
05.05.2015;134
06.05.2015;132
07.05.2015;133
08.05.2015;131
09.05.2015;130
10.05.2015;128
11.05.2015;127
12.05.2015;128
13.05.2015;131
14.05.2015;130
15.05.2015;130
16.05.2015;129
17.05.2015;128
18.05.2015;127
19.05.2015;128
20.05.2015;127
21.05.2015;127
22.05.2015;127
23.05.2015;126
24.05.2015;126
25.05.2015;126
26.05.2015;125
27.05.2015;125
28.05.2015;125
29.05.2015;125
30.05.2015;126
31.05.2015;127
01.06.2015;127
02.06.2015;127
03.06.2015;127
04.06.2015;126
05.06.2015;125
06.06.2015;125
07.06.2015;125
08.06.2015;125
09.06.2015;124
10.06.2015;123
11.06.2015;123
12.06.2015;122
13.06.2015;123
14.06.2015;126
15.06.2015;126
16.06.2015;126
17.06.2015;126
18.06.2015;127
19.06.2015;128
20.06.2015;128
21.06.2015;128
22.06.2015;129
23.06.2015;131
24.06.2015;132
25.06.2015;132
26.06.2015;131
27.06.2015;131
28.06.2015;130
29.06.2015;127
30.06.2015;126
01.07.2015;125
02.07.2015;124
03.07.2015;123
04.07.2015;123
05.07.2015;124
06.07.2015;126
07.07.2015;124
08.07.2015;126
09.07.2015;127
10.07.2015;126
11.07.2015;125
12.07.2015;125
13.07.2015;127
14.07.2015;131
15.07.2015;132
16.07.2015;129
17.07.2015;126
18.07.2015;125
19.07.2015;123
20.07.2015;124
21.07.2015;125
22.07.2015;125
23.07.2015;125
24.07.2015;123
25.07.2015;121
26.07.2015;122
27.07.2015;121
28.07.2015;123
29.07.2015;123
30.07.2015;124
31.07.2015;124
01.08.2015;125
02.08.2015;126
03.08.2015;126
04.08.2015;127
05.08.2015;127
06.08.2015;126
07.08.2015;125
08.08.2015;125
09.08.2015;124
10.08.2015;123
11.08.2015;123
12.08.2015;123
13.08.2015;122
14.08.2015;121
15.08.2015;123
16.08.2015;124
17.08.2015;127
18.08.2015;126
19.08.2015;125
20.08.2015;124
21.08.2015;124
22.08.2015;124
23.08.2015;123
24.08.2015;124
25.08.2015;126
26.08.2015;127
27.08.2015;128
28.08.2015;130
29.08.2015;130
30.08.2015;127
31.08.2015;126
01.09.2015;127
02.09.2015;126
03.09.2015;126
04.09.2015;127
05.09.2015;129
06.09.2015;130
07.09.2015;130
08.09.2015;130
09.09.2015;129
10.09.2015;129
11.09.2015;131
12.09.2015;130
13.09.2015;127
14.09.2015;124
15.09.2015;125
16.09.2015;125
17.09.2015;126
18.09.2015;127
19.09.2015;127
20.09.2015;129
21.09.2015;129
22.09.2015;129
23.09.2015;128
24.09.2015;128
25.09.2015;127
26.09.2015;127
27.09.2015;126
28.09.2015;125
29.09.2015;125
30.09.2015;125
01.10.2015;131
02.10.2015;125
03.10.2015;125
04.10.2015;126
05.10.2015;126
06.10.2015;126
07.10.2015;126
08.10.2015;130
09.10.2015;131
10.10.2015;130
11.10.2015;128
12.10.2015;125
13.10.2015;124
14.10.2015;125
15.10.2015;127
16.10.2015;133
17.10.2015;137
18.10.2015;138
19.10.2015;139
20.10.2015;139
21.10.2015;139
22.10.2015;137
23.10.2015;134
24.10.2015;134
25.10.2015;135
26.10.2015;134
27.10.2015;133
28.10.2015;132
29.10.2015;131
30.10.2015;129
31.10.2015;128
01.11.2015;139
02.11.2015;128
03.11.2015;128
04.11.2015;128
05.11.2015;128
06.11.2015;128
07.11.2015;129
08.11.2015;131
09.11.2015;132
10.11.2015;135
11.11.2015;136
12.11.2015;136
13.11.2015;134
14.11.2015;134
15.11.2015;138
16.11.2015;144
17.11.2015;146
18.11.2015;151
19.11.2015;153
20.11.2015;153
21.11.2015;153
22.11.2015;152
23.11.2015;150
24.11.2015;147
25.11.2015;143
26.11.2015;140
27.11.2015;138
28.11.2015;136
29.11.2015;137
30.11.2015;143
01.12.2015;143
02.12.2015;150
03.12.2015;148
04.12.2015;147
05.12.2015;146
06.12.2015;145
07.12.2015;144
08.12.2015;143
09.12.2015;142
10.12.2015;141
11.12.2015;139
12.12.2015;140
13.12.2015;142
14.12.2015;142
15.12.2015;140
16.12.2015;139
17.12.2015;138
18.12.2015;139
19.12.2015;139
20.12.2015;139
21.12.2015;140
22.12.2015;142
23.12.2015;143
24.12.2015;144
25.12.2015;145
26.12.2015;145
27.12.2015;145
28.12.2015;144
29.12.2015;143
30.12.2015;140
31.12.2015;136
01.01.2016;142
02.01.2016;136
03.01.2016;135
04.01.2016;134
05.01.2016;133
06.01.2016;134
07.01.2016;135
08.01.2016;138
09.01.2016;141
10.01.2016;141
11.01.2016;142
12.01.2016;144
13.01.2016;145
14.01.2016;146
15.01.2016;147
16.01.2016;146
17.01.2016;146
18.01.2016;146
19.01.2016;145
20.01.2016;143
21.01.2016;141
22.01.2016;140
23.01.2016;141
24.01.2016;142
25.01.2016;144
26.01.2016;146
27.01.2016;148
28.01.2016;148
29.01.2016;148
30.01.2016;148
31.01.2016;149
01.02.2016;151
02.02.2016;151
03.02.2016;153
04.02.2016;154
05.02.2016;153
06.02.2016;152
07.02.2016;150
08.02.2016;150
09.02.2016;149
10.02.2016;151
11.02.2016;151
12.02.2016;151
13.02.2016;151
14.02.2016;150
15.02.2016;147
16.02.2016;144
17.02.2016;142
18.02.2016;142
19.02.2016;142
20.02.2016;143
21.02.2016;145
22.02.2016;150
23.02.2016;155
24.02.2016;160
25.02.2016;159
26.02.2016;159
27.02.2016;159
28.02.2016;157
29.02.2016;157
01.03.2016;145
02.03.2016;154
03.03.2016;151
04.03.2016;149
05.03.2016;146
06.03.2016;147
07.03.2016;150
08.03.2016;152
09.03.2016;151
10.03.2016;149
11.03.2016;145
12.03.2016;144
13.03.2016;143
14.03.2016;142
15.03.2016;141
16.03.2016;140
17.03.2016;140
18.03.2016;139
19.03.2016;138
20.03.2016;139
21.03.2016;140
22.03.2016;142
23.03.2016;144
24.03.2016;144
25.03.2016;145
26.03.2016;144
27.03.2016;142
28.03.2016;141
29.03.2016;141
30.03.2016;143
31.03.2016;143
01.04.2016;144
02.04.2016;143
03.04.2016;142
04.04.2016;141
05.04.2016;140
06.04.2016;140
07.04.2016;140
08.04.2016;140
09.04.2016;140
10.04.2016;137
11.04.2016;135
12.04.2016;134
13.04.2016;134
14.04.2016;135
15.04.2016;136
16.04.2016;142
17.04.2016;145
18.04.2016;145
19.04.2016;145
20.04.2016;145
21.04.2016;145
22.04.2016;145
23.04.2016;144
24.04.2016;146
25.04.2016;145
26.04.2016;144
27.04.2016;143
28.04.2016;142
29.04.2016;141
30.04.2016;140
01.05.2016;139
02.05.2016;138
03.05.2016;135
04.05.2016;134
05.05.2016;134
06.05.2016;134
07.05.2016;132
08.05.2016;130
09.05.2016;129
10.05.2016;128
11.05.2016;128
12.05.2016;128
13.05.2016;128
14.05.2016;130
15.05.2016;132
16.05.2016;133
17.05.2016;134
18.05.2016;133
19.05.2016;131
20.05.2016;131
21.05.2016;130
22.05.2016;129
23.05.2016;130
24.05.2016;133
25.05.2016;133
26.05.2016;134
27.05.2016;133
28.05.2016;132
29.05.2016;130
30.05.2016;129
31.05.2016;129
01.06.2016;131
02.06.2016;134
03.06.2016;134
04.06.2016;132
05.06.2016;129
06.06.2016;127
07.06.2016;126
08.06.2016;127
09.06.2016;128
10.06.2016;129
11.06.2016;129
12.06.2016;129
13.06.2016;129
14.06.2016;129
15.06.2016;131
16.06.2016;133
17.06.2016;137
18.06.2016;140
19.06.2016;141
20.06.2016;140
21.06.2016;138
22.06.2016;134
23.06.2016;131
24.06.2016;129
25.06.2016;129
26.06.2016;130
27.06.2016;130
28.06.2016;131
29.06.2016;131
30.06.2016;130
01.07.2016;130
02.07.2016;131
03.07.2016;131
04.07.2016;131
05.07.2016;133
06.07.2016;135
07.07.2016;134
08.07.2016;133
09.07.2016;135
10.07.2016;134
11.07.2016;133
12.07.2016;132
13.07.2016;130
14.07.2016;131
15.07.2016;131
16.07.2016;130
17.07.2016;131
18.07.2016;131
19.07.2016;131
20.07.2016;131
21.07.2016;131
22.07.2016;130
23.07.2016;128
24.07.2016;126
25.07.2016;126
26.07.2016;126
27.07.2016;128
28.07.2016;134
29.07.2016;136
30.07.2016;134
31.07.2016;130
01.08.2016;129
02.08.2016;129
03.08.2016;130
04.08.2016;132
05.08.2016;133
06.08.2016;133
07.08.2016;133
08.08.2016;134
09.08.2016;133
10.08.2016;132
11.08.2016;131
12.08.2016;129
13.08.2016;128
14.08.2016;128
15.08.2016;130
16.08.2016;131
17.08.2016;131
18.08.2016;131
19.08.2016;130
20.08.2016;129
21.08.2016;130
22.08.2016;131
23.08.2016;130
24.08.2016;129
25.08.2016;128
26.08.2016;127
27.08.2016;126
28.08.2016;125
29.08.2016;125
30.08.2016;125
31.08.2016;125
01.09.2016;126
02.09.2016;126
03.09.2016;127
04.09.2016;127
05.09.2016;129
06.09.2016;129
07.09.2016;129
08.09.2016;130
09.09.2016;131
10.09.2016;130
11.09.2016;129
12.09.2016;128
13.09.2016;126
14.09.2016;125
15.09.2016;124
16.09.2016;124
17.09.2016;125
18.09.2016;125
19.09.2016;126
20.09.2016;126
21.09.2016;127
22.09.2016;127
23.09.2016;128
24.09.2016;129
25.09.2016;129
26.09.2016;129
27.09.2016;129
28.09.2016;130
29.09.2016;130
30.09.2016;130
01.10.2016;130
02.10.2016;131
03.10.2016;130
04.10.2016;130
05.10.2016;129
06.10.2016;129
07.10.2016;129
08.10.2016;130
09.10.2016;132
10.10.2016;134
11.10.2016;134
12.10.2016;133
13.10.2016;132
14.10.2016;130
15.10.2016;130
16.10.2016;129
17.10.2016;128
18.10.2016;127
19.10.2016;129
20.10.2016;130
21.10.2016;131
22.10.2016;132
23.10.2016;132
24.10.2016;132
25.10.2016;133
26.10.2016;135
27.10.2016;135
28.10.2016;136
29.10.2016;136
30.10.2016;135
31.10.2016;135
01.11.2016;134
02.11.2016;134
03.11.2016;134
04.11.2016;133
05.11.2016;132
06.11.2016;133
07.11.2016;133
08.11.2016;132
09.11.2016;131
10.11.2016;129
11.11.2016;129
12.11.2016;131
13.11.2016;132
14.11.2016;133
15.11.2016;135
16.11.2016;137
17.11.2016;137
18.11.2016;137
19.11.2016;138
20.11.2016;137
21.11.2016;136
22.11.2016;135
23.11.2016;134
24.11.2016;133
25.11.2016;133
26.11.2016;133
27.11.2016;133
28.11.2016;133
29.11.2016;133
30.11.2016;134
01.12.2016;137
02.12.2016;139
03.12.2016;137
04.12.2016;134
05.12.2016;131
06.12.2016;129
07.12.2016;129
08.12.2016;131
09.12.2016;133
10.12.2016;134
11.12.2016;137
12.12.2016;143
13.12.2016;144
14.12.2016;141
15.12.2016;137
16.12.2016;135
17.12.2016;135
18.12.2016;136
19.12.2016;137
20.12.2016;138
21.12.2016;137
22.12.2016;136
23.12.2016;134
24.12.2016;133
25.12.2016;138
26.12.2016;144
27.12.2016;148
28.12.2016;149
29.12.2016;147
30.12.2016;144
31.12.2016;142
01.01.2017;140
02.01.2017;139
03.01.2017;141
04.01.2017;147
05.01.2017;150
06.01.2017;149
07.01.2017;145
08.01.2017;141
09.01.2017;141
10.01.2017;141
11.01.2017;141
12.01.2017;142
13.01.2017;143
14.01.2017;144
15.01.2017;144
16.01.2017;144
17.01.2017;143
18.01.2017;139
19.01.2017;135
20.01.2017;134
21.01.2017;136
22.01.2017;138
23.01.2017;138
24.01.2017;138
25.01.2017;138
26.01.2017;137
27.01.2017;136
28.01.2017;134
29.01.2017;132
30.01.2017;133
31.01.2017;136
01.02.2017;138
02.02.2017;136
03.02.2017;136
04.02.2017;136
05.02.2017;137
06.02.2017;138
07.02.2017;138
08.02.2017;138
09.02.2017;139
10.02.2017;140
11.02.2017;139
12.02.2017;138
13.02.2017;138
14.02.2017;139
15.02.2017;140
16.02.2017;140
17.02.2017;140
18.02.2017;141
19.02.2017;141
20.02.2017;143
21.02.2017;147
22.02.2017;150
23.02.2017;155
24.02.2017;161
25.02.2017;164
26.02.2017;162
27.02.2017;160
28.02.2017;159
01.03.2017;160
02.03.2017;163
03.03.2017;165
04.03.2017;164
05.03.2017;162
06.03.2017;160
07.03.2017;159
08.03.2017;154
09.03.2017;152
10.03.2017;153
11.03.2017;153
12.03.2017;151
13.03.2017;148
14.03.2017;144
15.03.2017;143
16.03.2017;145
17.03.2017;145
18.03.2017;147
19.03.2017;148
20.03.2017;151
21.03.2017;151
22.03.2017;150
23.03.2017;150
24.03.2017;150
25.03.2017;149
26.03.2017;147
27.03.2017;146
28.03.2017;145
29.03.2017;145
30.03.2017;145
31.03.2017;143
01.04.2017;140
02.04.2017;140
03.04.2017;139
04.04.2017;140
05.04.2017;140
06.04.2017;140
07.04.2017;141
08.04.2017;141
09.04.2017;141
10.04.2017;140
11.04.2017;140
12.04.2017;143
13.04.2017;145
14.04.2017;145
15.04.2017;145
16.04.2017;145
17.04.2017;145
18.04.2017;144
19.04.2017;141
20.04.2017;139
21.04.2017;137
22.04.2017;138
23.04.2017;139
24.04.2017;140
25.04.2017;140
26.04.2017;141
27.04.2017;140
28.04.2017;138
29.04.2017;136
30.04.2017;132
01.05.2017;130
02.05.2017;128
03.05.2017;127
04.05.2017;128
05.05.2017;129
06.05.2017;131
07.05.2017;133
08.05.2017;134
09.05.2017;135
10.05.2017;136
11.05.2017;137
12.05.2017;136
13.05.2017;136
14.05.2017;136
15.05.2017;135
16.05.2017;135
17.05.2017;135
18.05.2017;133
19.05.2017;132
20.05.2017;132
21.05.2017;129
22.05.2017;129
23.05.2017;128
24.05.2017;129
25.05.2017;129
26.05.2017;129
27.05.2017;129
28.05.2017;129
29.05.2017;129
30.05.2017;129
31.05.2017;131
01.06.2017;130
02.06.2017;130
03.06.2017;130
04.06.2017;132
05.06.2017;133
06.06.2017;133
07.06.2017;133
08.06.2017;130
09.06.2017;128
10.06.2017;128
11.06.2017;128
12.06.2017;129
13.06.2017;129
14.06.2017;128
15.06.2017;129
16.06.2017;130
17.06.2017;128
18.06.2017;126
19.06.2017;125
20.06.2017;124
21.06.2017;124
22.06.2017;124
23.06.2017;128
24.06.2017;129
25.06.2017;131
26.06.2017;132
27.06.2017;131
28.06.2017;129
29.06.2017;135
30.06.2017;172
01.07.2017;178
02.07.2017;174
03.07.2017;168
04.07.2017;163
05.07.2017;158
06.07.2017;154
07.07.2017;149
08.07.2017;145
09.07.2017;141
10.07.2017;140
11.07.2017;141
12.07.2017;140
13.07.2017;140
14.07.2017;138
15.07.2017;138
16.07.2017;138
17.07.2017;138
18.07.2017;137
19.07.2017;136
20.07.2017;137
21.07.2017;136
22.07.2017;138
23.07.2017;143
24.07.2017;144
25.07.2017;157
26.07.2017;168
27.07.2017;174
28.07.2017;176
29.07.2017;174
30.07.2017;172
31.07.2017;168
01.08.2017;165
02.08.2017;163
03.08.2017;161
04.08.2017;160
05.08.2017;156
06.08.2017;150
07.08.2017;145
08.08.2017;141
09.08.2017;139
10.08.2017;136
11.08.2017;138
12.08.2017;140
13.08.2017;140
14.08.2017;140
15.08.2017;140
16.08.2017;142
17.08.2017;144
18.08.2017;143
19.08.2017;146
20.08.2017;145
21.08.2017;144
22.08.2017;142
23.08.2017;140
24.08.2017;138
25.08.2017;135
26.08.2017;133
27.08.2017;135
28.08.2017;135
29.08.2017;135
30.08.2017;133
31.08.2017;132
01.09.2017;130
02.09.2017;130
03.09.2017;129
04.09.2017;128
05.09.2017;128
06.09.2017;129
07.09.2017;132
08.09.2017;132
09.09.2017;133
10.09.2017;134
11.09.2017;133
12.09.2017;132
13.09.2017;131
14.09.2017;130
15.09.2017;130
16.09.2017;130
17.09.2017;130
18.09.2017;129
19.09.2017;129
20.09.2017;130
21.09.2017;131
22.09.2017;131
23.09.2017;131
24.09.2017;133
25.09.2017;133
26.09.2017;132
27.09.2017;132
28.09.2017;132
29.09.2017;132
30.09.2017;132
01.10.2017;132
02.10.2017;132
03.10.2017;133
04.10.2017;133
05.10.2017;137
06.10.2017;140
07.10.2017;143
08.10.2017;147
09.10.2017;148
10.10.2017;148
11.10.2017;146
12.10.2017;146
13.10.2017;144
14.10.2017;143
15.10.2017;142
16.10.2017;142
17.10.2017;141
18.10.2017;139
19.10.2017;137
20.10.2017;137
21.10.2017;137
22.10.2017;138
23.10.2017;138
24.10.2017;139
25.10.2017;142
26.10.2017;144
27.10.2017;145
28.10.2017;147
29.10.2017;151
30.10.2017;153
31.10.2017;153
01.11.2017;153
02.11.2017;157
03.11.2017;160
04.11.2017;160
05.11.2017;161
06.11.2017;162
07.11.2017;160
08.11.2017;158
09.11.2017;156
10.11.2017;156
11.11.2017;157
12.11.2017;157
13.11.2017;157
14.11.2017;156
15.11.2017;155
16.11.2017;155
17.11.2017;154
18.11.2017;152
19.11.2017;152
20.11.2017;153
21.11.2017;152
22.11.2017;152
23.11.2017;152
24.11.2017;151
25.11.2017;150
26.11.2017;154
27.11.2017;156
28.11.2017;158
29.11.2017;159
30.11.2017;159
01.12.2017;160
02.12.2017;160
03.12.2017;159
04.12.2017;157
05.12.2017;155
06.12.2017;154
07.12.2017;152
08.12.2017;153
09.12.2017;154
10.12.2017;154
11.12.2017;155
12.12.2017;156
13.12.2017;155
14.12.2017;158
15.12.2017;159
16.12.2017;160
17.12.2017;160
18.12.2017;160
19.12.2017;161
20.12.2017;160
21.12.2017;159
22.12.2017;157
23.12.2017;156
24.12.2017;156
25.12.2017;155
26.12.2017;154
27.12.2017;153
28.12.2017;152
29.12.2017;151
30.12.2017;150
31.12.2017;151
01.01.2018;152
02.01.2018;152
03.01.2018;154
04.01.2018;159
05.01.2018;162
06.01.2018;163
07.01.2018;163
08.01.2018;163
09.01.2018;162
10.01.2018;161
11.01.2018;160
12.01.2018;159
13.01.2018;158
14.01.2018;157
15.01.2018;156
16.01.2018;158
17.01.2018;160
18.01.2018;161
19.01.2018;164
20.01.2018;165
21.01.2018;164
22.01.2018;163
23.01.2018;162
24.01.2018;160
25.01.2018;159
26.01.2018;161
27.01.2018;160
28.01.2018;161
29.01.2018;162
30.01.2018;164
31.01.2018;164
01.02.2018;165
02.02.2018;164
03.02.2018;163
04.02.2018;161
05.02.2018;159
06.02.2018;157
07.02.2018;155
08.02.2018;153
09.02.2018;152
10.02.2018;151
11.02.2018;151
12.02.2018;152
13.02.2018;151
14.02.2018;149
15.02.2018;147
16.02.2018;147
17.02.2018;145
18.02.2018;144
19.02.2018;144
20.02.2018;144
21.02.2018;143
22.02.2018;141
23.02.2018;140
24.02.2018;140
25.02.2018;139
26.02.2018;139
27.02.2018;137
28.02.2018;134
01.03.2018;134
02.03.2018;134
03.03.2018;134
04.03.2018;134
05.03.2018;136
06.03.2018;137
07.03.2018;138
08.03.2018;140
09.03.2018;142
10.03.2018;143
11.03.2018;143
12.03.2018;144
13.03.2018;148
14.03.2018;152
15.03.2018;154
16.03.2018;153
17.03.2018;151
18.03.2018;146
19.03.2018;143
20.03.2018;142
21.03.2018;143
22.03.2018;145
23.03.2018;147
24.03.2018;149
25.03.2018;148
26.03.2018;146
27.03.2018;144
28.03.2018;144
29.03.2018;148
30.03.2018;149
31.03.2018;149
01.04.2018;149
02.04.2018;150
03.04.2018;151
04.04.2018;151
05.04.2018;152
06.04.2018;152
07.04.2018;151
08.04.2018;150
09.04.2018;148
10.04.2018;145
11.04.2018;143
12.04.2018;141
13.04.2018;138
14.04.2018;141
15.04.2018;144
16.04.2018;147
17.04.2018;147
18.04.2018;146
19.04.2018;145
20.04.2018;144
21.04.2018;143
22.04.2018;142
23.04.2018;141
24.04.2018;140
25.04.2018;140
26.04.2018;141
27.04.2018;141
28.04.2018;141
29.04.2018;140
30.04.2018;140
01.05.2018;140
02.05.2018;138
03.05.2018;136
04.05.2018;133
05.05.2018;131
06.05.2018;129
07.05.2018;129
08.05.2018;130
09.05.2018;130
10.05.2018;131
11.05.2018;132
12.05.2018;132
13.05.2018;131
14.05.2018;130
15.05.2018;130
16.05.2018;132
17.05.2018;132
18.05.2018;132
19.05.2018;131
20.05.2018;129
21.05.2018;128
22.05.2018;127
23.05.2018;125
24.05.2018;124
25.05.2018;125
26.05.2018;126
27.05.2018;126
28.05.2018;127
29.05.2018;127
30.05.2018;128
31.05.2018;128
01.06.2018;129
02.06.2018;133
03.06.2018;132
04.06.2018;133
05.06.2018;132
06.06.2018;130
07.06.2018;128
08.06.2018;127
09.06.2018;126
10.06.2018;126
11.06.2018;128
12.06.2018;128
13.06.2018;128
14.06.2018;127
15.06.2018;127
16.06.2018;126
17.06.2018;126
18.06.2018;125
19.06.2018;126
20.06.2018;126
21.06.2018;127
22.06.2018;127
23.06.2018;128
24.06.2018;128
25.06.2018;129
26.06.2018;129
27.06.2018;128
28.06.2018;127
29.06.2018;126
30.06.2018;124
01.07.2018;123
02.07.2018;124
03.07.2018;125
04.07.2018;125
05.07.2018;126
06.07.2018;127
07.07.2018;127
08.07.2018;127
09.07.2018;128
10.07.2018;127
11.07.2018;126
12.07.2018;135
13.07.2018;138
14.07.2018;135
15.07.2018;131
16.07.2018;129
17.07.2018;129
18.07.2018;131
19.07.2018;132
20.07.2018;132
21.07.2018;131
22.07.2018;130
23.07.2018;129
24.07.2018;128
25.07.2018;129
26.07.2018;129
27.07.2018;128
28.07.2018;127
29.07.2018;128
30.07.2018;127
31.07.2018;127
01.08.2018;128
02.08.2018;128
03.08.2018;128
04.08.2018;128
05.08.2018;128
06.08.2018;128
07.08.2018;128
08.08.2018;127
09.08.2018;127
10.08.2018;127
11.08.2018;126
12.08.2018;125
13.08.2018;126
14.08.2018;126
15.08.2018;127
16.08.2018;127
17.08.2018;127
18.08.2018;127
19.08.2018;127
20.08.2018;127
21.08.2018;127
22.08.2018;127
23.08.2018;127
24.08.2018;128
25.08.2018;128
26.08.2018;128
27.08.2018;128
28.08.2018;128
29.08.2018;127
30.08.2018;128
31.08.2018;129
01.09.2018;129
02.09.2018;129
03.09.2018;127
04.09.2018;126
05.09.2018;126
06.09.2018;126
07.09.2018;127
08.09.2018;127
09.09.2018;128
10.09.2018;128
11.09.2018;129
12.09.2018;129
13.09.2018;128
14.09.2018;129
15.09.2018;131
16.09.2018;130
17.09.2018;127
18.09.2018;125
19.09.2018;126
20.09.2018;126
21.09.2018;128
22.09.2018;128
23.09.2018;129
24.09.2018;134
25.09.2018;133
26.09.2018;132
27.09.2018;132
28.09.2018;131
29.09.2018;130
30.09.2018;129
01.10.2018;130
02.10.2018;130
03.10.2018;132
04.10.2018;131
05.10.2018;131
06.10.2018;131
07.10.2018;131
08.10.2018;131
09.10.2018;131
10.10.2018;132
11.10.2018;130
12.10.2018;129
13.10.2018;128
14.10.2018;126
15.10.2018;126
16.10.2018;127
17.10.2018;127
18.10.2018;128
19.10.2018;129
20.10.2018;130
21.10.2018;130
22.10.2018;131
23.10.2018;134
24.10.2018;134
25.10.2018;136
26.10.2018;136
27.10.2018;134
28.10.2018;132
29.10.2018;129
30.10.2018;128
31.10.2018;129
01.11.2018;130
02.11.2018;131
03.11.2018;132
04.11.2018;132
05.11.2018;132
06.11.2018;131
07.11.2018;131
08.11.2018;130
09.11.2018;129
10.11.2018;128
11.11.2018;128
12.11.2018;128
13.11.2018;130
14.11.2018;132
15.11.2018;133
16.11.2018;132
17.11.2018;130
18.11.2018;130
19.11.2018;129
20.11.2018;128
21.11.2018;128
22.11.2018;129
23.11.2018;129
24.11.2018;131
25.11.2018;132
26.11.2018;132
27.11.2018;133
28.11.2018;134
29.11.2018;132
30.11.2018;131
01.12.2018;131
02.12.2018;131
03.12.2018;132
04.12.2018;135
05.12.2018;136
06.12.2018;136
07.12.2018;135
08.12.2018;138
09.12.2018;141
10.12.2018;143
11.12.2018;142
12.12.2018;140
13.12.2018;139
14.12.2018;137
15.12.2018;135
16.12.2018;133
17.12.2018;132
18.12.2018;132
19.12.2018;132
20.12.2018;133
21.12.2018;134
22.12.2018;137
23.12.2018;138
24.12.2018;139
25.12.2018;139
26.12.2018;138
27.12.2018;138
28.12.2018;137
29.12.2018;137
30.12.2018;139
31.12.2018;139
01.01.2019;141
02.01.2019;142
03.01.2019;141
04.01.2019;140
05.01.2019;139
06.01.2019;138
07.01.2019;137
08.01.2019;140
09.01.2019;144
10.01.2019;146
11.01.2019;147
12.01.2019;147
13.01.2019;149
14.01.2019;153
15.01.2019;154
16.01.2019;155
17.01.2019;155
18.01.2019;152
19.01.2019;149
20.01.2019;147
21.01.2019;144
22.01.2019;141
23.01.2019;138
24.01.2019;135
25.01.2019;134
26.01.2019;134
27.01.2019;138
28.01.2019;141
29.01.2019;141
30.01.2019;140
31.01.2019;140
01.02.2019;138
02.02.2019;137
03.02.2019;137
04.02.2019;137
05.02.2019;139
06.02.2019;140
07.02.2019;140
08.02.2019;141
09.02.2019;142
10.02.2019;143
11.02.2019;146
12.02.2019;146
13.02.2019;145
14.02.2019;145
15.02.2019;145
16.02.2019;145
17.02.2019;144
18.02.2019;143
19.02.2019;142
20.02.2019;141
21.02.2019;140
22.02.2019;140
23.02.2019;139
24.02.2019;137
25.02.2019;135
26.02.2019;136
27.02.2019;136
28.02.2019;137
01.03.2019;138
02.03.2019;139
03.03.2019;140
04.03.2019;142
05.03.2019;145
06.03.2019;145
07.03.2019;143
08.03.2019;143
09.03.2019;143
10.03.2019;145
11.03.2019;148
12.03.2019;149
13.03.2019;149
14.03.2019;149
15.03.2019;151
16.03.2019;154
17.03.2019;155
18.03.2019;155
19.03.2019;153
20.03.2019;149
21.03.2019;146
22.03.2019;144
23.03.2019;141
24.03.2019;140
25.03.2019;141
26.03.2019;143
27.03.2019;144
28.03.2019;144
29.03.2019;143
30.03.2019;141
31.03.2019;139
01.04.2019;137
02.04.2019;136
03.04.2019;135
04.04.2019;134
05.04.2019;134
06.04.2019;133
07.04.2019;133
08.04.2019;134
09.04.2019;133
10.04.2019;132
11.04.2019;131
12.04.2019;130
13.04.2019;131
14.04.2019;132
15.04.2019;133
16.04.2019;133
17.04.2019;133
18.04.2019;132
19.04.2019;131
20.04.2019;131
21.04.2019;132
22.04.2019;132
23.04.2019;130
24.04.2019;128
25.04.2019;130
26.04.2019;132
27.04.2019;134
28.04.2019;136
29.04.2019;137
30.04.2019;136
01.05.2019;136
02.05.2019;136
03.05.2019;136
04.05.2019;136
05.05.2019;136
06.05.2019;137
07.05.2019;136
08.05.2019;136
09.05.2019;135
10.05.2019;135
11.05.2019;134
12.05.2019;134
13.05.2019;133
14.05.2019;132
15.05.2019;132
16.05.2019;132
17.05.2019;133
18.05.2019;133
19.05.2019;134
20.05.2019;136
21.05.2019;140
22.05.2019;140
23.05.2019;137
24.05.2019;135
25.05.2019;133
26.05.2019;132
27.05.2019;133
28.05.2019;134
29.05.2019;133
30.05.2019;132
31.05.2019;132
01.06.2019;132
02.06.2019;131
03.06.2019;131
04.06.2019;130
05.06.2019;129
06.06.2019;129
07.06.2019;130
08.06.2019;131
09.06.2019;130
10.06.2019;130
11.06.2019;131
12.06.2019;142
13.06.2019;141
14.06.2019;136
15.06.2019;133
16.06.2019;132
17.06.2019;132
18.06.2019;132
19.06.2019;133
20.06.2019;133
21.06.2019;133
22.06.2019;132
23.06.2019;132
24.06.2019;132
25.06.2019;131
26.06.2019;131
27.06.2019;131
28.06.2019;129
29.06.2019;128
30.06.2019;128
01.07.2019;127
02.07.2019;126
03.07.2019;125
04.07.2019;124
05.07.2019;124
06.07.2019;124
07.07.2019;125
08.07.2019;124
09.07.2019;124
10.07.2019;124
11.07.2019;124
12.07.2019;124
13.07.2019;126
14.07.2019;127
15.07.2019;127
16.07.2019;127
17.07.2019;127
18.07.2019;127
19.07.2019;129
20.07.2019;129
21.07.2019;133
22.07.2019;133
23.07.2019;133
24.07.2019;133
25.07.2019;133
26.07.2019;133
27.07.2019;132
28.07.2019;132
29.07.2019;133
30.07.2019;134
31.07.2019;135
01.08.2019;137
02.08.2019;136
03.08.2019;137
04.08.2019;136
05.08.2019;133
06.08.2019;131
07.08.2019;131
08.08.2019;132
09.08.2019;131
10.08.2019;132
11.08.2019;131
12.08.2019;131
13.08.2019;132
14.08.2019;130
15.08.2019;129
16.08.2019;129
17.08.2019;129
18.08.2019;130
19.08.2019;131
20.08.2019;131
21.08.2019;131
22.08.2019;131
23.08.2019;130
24.08.2019;130
25.08.2019;130
26.08.2019;130
27.08.2019;131
28.08.2019;131
29.08.2019;131
30.08.2019;131
31.08.2019;131
01.09.2019;131
02.09.2019;131
03.09.2019;130
04.09.2019;130
05.09.2019;130
06.09.2019;129
07.09.2019;128
08.09.2019;128
09.09.2019;130
10.09.2019;132
11.09.2019;131
12.09.2019;131
13.09.2019;132
14.09.2019;131
15.09.2019;132
16.09.2019;132
17.09.2019;133
18.09.2019;134
19.09.2019;134
20.09.2019;134
21.09.2019;134
22.09.2019;134
23.09.2019;133
24.09.2019;133
25.09.2019;133
26.09.2019;133
27.09.2019;134
28.09.2019;136
29.09.2019;138
30.09.2019;140
01.10.2019;139
02.10.2019;138
03.10.2019;137
04.10.2019;135
05.10.2019;137
06.10.2019;136
07.10.2019;135
08.10.2019;134
09.10.2019;134
10.10.2019;136
11.10.2019;137
12.10.2019;138
13.10.2019;137
14.10.2019;136
15.10.2019;135
16.10.2019;135
17.10.2019;136
18.10.2019;136
19.10.2019;136
20.10.2019;135
21.10.2019;134
22.10.2019;134
23.10.2019;133
24.10.2019;133
25.10.2019;133
26.10.2019;135
27.10.2019;136
28.10.2019;137
29.10.2019;138
30.10.2019;136
31.10.2019;134
01.11.2019;134
02.11.2019;134
03.11.2019;133
04.11.2019;133
05.11.2019;132
06.11.2019;133
07.11.2019;135
08.11.2019;136
09.11.2019;137
10.11.2019;137
11.11.2019;136
12.11.2019;136
13.11.2019;135
14.11.2019;134
15.11.2019;132
16.11.2019;132
17.11.2019;132
18.11.2019;133
19.11.2019;135
20.11.2019;137
21.11.2019;138
22.11.2019;138
23.11.2019;138
24.11.2019;136
25.11.2019;134
26.11.2019;133
27.11.2019;133
28.11.2019;135
29.11.2019;137
30.11.2019;137
01.12.2019;137
02.12.2019;137
03.12.2019;136
04.12.2019;136
05.12.2019;135
06.12.2019;136
07.12.2019;137
08.12.2019;138
09.12.2019;138
10.12.2019;138
11.12.2019;138
12.12.2019;138
13.12.2019;136
14.12.2019;136
15.12.2019;137
16.12.2019;137
17.12.2019;138
18.12.2019;138
19.12.2019;137
20.12.2019;136
21.12.2019;136
22.12.2019;135
23.12.2019;135
24.12.2019;136
25.12.2019;137
26.12.2019;137
27.12.2019;138
28.12.2019;138
29.12.2019;137
30.12.2019;136
31.12.2019;136
01.01.2020;136
02.01.2020;137
03.01.2020;137
04.01.2020;140
05.01.2020;140
06.01.2020;140
07.01.2020;139
08.01.2020;139
09.01.2020;138
10.01.2020;139
11.01.2020;139
12.01.2020;140
13.01.2020;140
14.01.2020;140
15.01.2020;139
16.01.2020;139
17.01.2020;138
18.01.2020;137
19.01.2020;136
20.01.2020;136
21.01.2020;136
22.01.2020;135
23.01.2020;136
24.01.2020;137
25.01.2020;137
26.01.2020;137
27.01.2020;137
28.01.2020;138
29.01.2020;142
30.01.2020;144
31.01.2020;145
01.02.2020;145
02.02.2020;147
03.02.2020;147
04.02.2020;147
05.02.2020;146
06.02.2020;145
07.02.2020;143
08.02.2020;142
09.02.2020;141
10.02.2020;146
11.02.2020;149
12.02.2020;151
13.02.2020;150
14.02.2020;147
15.02.2020;143
16.02.2020;141
17.02.2020;141
18.02.2020;143
19.02.2020;145
20.02.2020;145
21.02.2020;147
22.02.2020;147
23.02.2020;149
24.02.2020;152
25.02.2020;153
26.02.2020;153
27.02.2020;153
28.02.2020;152
29.02.2020;153
01.03.2020;153
02.03.2020;153
03.03.2020;151
04.03.2020;148
05.03.2020;146
06.03.2020;144
07.03.2020;145
08.03.2020;144
09.03.2020;144
10.03.2020;145
11.03.2020;148
12.03.2020;150
13.03.2020;152
14.03.2020;151
15.03.2020;150
16.03.2020;147
17.03.2020;144
18.03.2020;140
19.03.2020;138
20.03.2020;137
21.03.2020;136
22.03.2020;134
23.03.2020;132
24.03.2020;131
25.03.2020;130
26.03.2020;130
27.03.2020;130
28.03.2020;131
29.03.2020;132
30.03.2020;133
31.03.2020;134
01.04.2020;135
02.04.2020;136
03.04.2020;136
04.04.2020;135
05.04.2020;134
06.04.2020;132
07.04.2020;131
08.04.2020;132
09.04.2020;132
10.04.2020;132
11.04.2020;131
12.04.2020;131
13.04.2020;132
14.04.2020;134
15.04.2020;135
16.04.2020;135
17.04.2020;134
18.04.2020;132
19.04.2020;129
20.04.2020;127
21.04.2020;125
22.04.2020;126
23.04.2020;127
24.04.2020;129
25.04.2020;130
26.04.2020;130
27.04.2020;131
28.04.2020;131
29.04.2020;131
30.04.2020;131
01.05.2020;132
02.05.2020;131
03.05.2020;131
04.05.2020;130
05.05.2020;130
06.05.2020;130
07.05.2020;131
08.05.2020;131
09.05.2020;131
10.05.2020;131
11.05.2020;132
12.05.2020;133
13.05.2020;132
14.05.2020;131
15.05.2020;131
16.05.2020;131
17.05.2020;131
18.05.2020;132
19.05.2020;133
20.05.2020;132
21.05.2020;131
22.05.2020;129
23.05.2020;130
24.05.2020;131
25.05.2020;132
26.05.2020;133
27.05.2020;132
28.05.2020;131
29.05.2020;130
30.05.2020;129
31.05.2020;129
01.06.2020;129
02.06.2020;129
03.06.2020;129
04.06.2020;130
05.06.2020;132
06.06.2020;132
07.06.2020;131
08.06.2020;131
09.06.2020;131
10.06.2020;130
11.06.2020;131
12.06.2020;131
13.06.2020;132
14.06.2020;135
15.06.2020;133
16.06.2020;131
17.06.2020;130
18.06.2020;130
19.06.2020;130
20.06.2020;130
21.06.2020;130
22.06.2020;130
23.06.2020;130
24.06.2020;130
25.06.2020;129
26.06.2020;130
27.06.2020;130
28.06.2020;131
29.06.2020;131
30.06.2020;131
01.07.2020;130
02.07.2020;131
03.07.2020;131
04.07.2020;131
05.07.2020;130
06.07.2020;130
07.07.2020;129
08.07.2020;128
09.07.2020;128
10.07.2020;130
11.07.2020;131
12.07.2020;131
13.07.2020;130
14.07.2020;130
15.07.2020;131
16.07.2020;131
17.07.2020;132
18.07.2020;132
19.07.2020;132
20.07.2020;132
21.07.2020;132
22.07.2020;131
23.07.2020;131
24.07.2020;131
25.07.2020;130
26.07.2020;130
27.07.2020;131
28.07.2020;131
29.07.2020;131
30.07.2020;129
31.07.2020;129
01.08.2020;128
02.08.2020;128
03.08.2020;128
04.08.2020;127
05.08.2020;127
06.08.2020;126
07.08.2020;126
08.08.2020;126
09.08.2020;126
10.08.2020;126
11.08.2020;126
12.08.2020;126
13.08.2020;126
14.08.2020;126
15.08.2020;126
16.08.2020;126
17.08.2020;126
18.08.2020;127
19.08.2020;127
20.08.2020;127
21.08.2020;127
22.08.2020;127
23.08.2020;128
24.08.2020;128
25.08.2020;127
26.08.2020;129
27.08.2020;130
28.08.2020;128
29.08.2020;129
30.08.2020;130
31.08.2020;133
01.09.2020;132
02.09.2020;131
03.09.2020;130
04.09.2020;131
05.09.2020;131
06.09.2020;131
07.09.2020;131
08.09.2020;132
09.09.2020;133
10.09.2020;134
11.09.2020;133
12.09.2020;132
13.09.2020;131
14.09.2020;130
15.09.2020;130
16.09.2020;130
17.09.2020;129
18.09.2020;128
19.09.2020;128
20.09.2020;128
21.09.2020;127
22.09.2020;127
23.09.2020;128
24.09.2020;129
25.09.2020;131
26.09.2020;135
27.09.2020;137
28.09.2020;133
29.09.2020;130
30.09.2020;129
01.10.2020;129
02.10.2020;129
03.10.2020;129
04.10.2020;130
05.10.2020;130
06.10.2020;131
07.10.2020;133
08.10.2020;133
09.10.2020;134
10.10.2020;133
11.10.2020;132
12.10.2020;130
13.10.2020;130
14.10.2020;132
15.10.2020;134
16.10.2020;135
17.10.2020;135
18.10.2020;136
19.10.2020;136
20.10.2020;136
21.10.2020;136
22.10.2020;134
23.10.2020;132
24.10.2020;133
25.10.2020;132
26.10.2020;133
27.10.2020;133
28.10.2020;133
29.10.2020;133
30.10.2020;135
31.10.2020;138
01.11.2020;138
02.11.2020;140
03.11.2020;141
04.11.2020;140
05.11.2020;139
06.11.2020;138
07.11.2020;136
08.11.2020;134
09.11.2020;132
10.11.2020;131
11.11.2020;130
12.11.2020;130
13.11.2020;130
14.11.2020;130
15.11.2020;131
16.11.2020;132
17.11.2020;132
18.11.2020;133
19.11.2020;135
20.11.2020;137
21.11.2020;137
22.11.2020;136
23.11.2020;135
24.11.2020;134
25.11.2020;134
26.11.2020;135
27.11.2020;135
28.11.2020;135
29.11.2020;135
30.11.2020;134
01.12.2020;133
02.12.2020;133
03.12.2020;132
04.12.2020;132
05.12.2020;131
06.12.2020;131
07.12.2020;130
08.12.2020;130
09.12.2020;130
10.12.2020;129
11.12.2020;129
12.12.2020;130
13.12.2020;130
14.12.2020;130
15.12.2020;131
16.12.2020;131
17.12.2020;131
18.12.2020;131
19.12.2020;131
20.12.2020;131
21.12.2020;131
22.12.2020;134
23.12.2020;135
24.12.2020;137
25.12.2020;138
26.12.2020;138
27.12.2020;137
28.12.2020;134
29.12.2020;134
30.12.2020;134
31.12.2020;134
01.01.2021;135
02.01.2021;135
03.01.2021;135
04.01.2021;136
05.01.2021;136
06.01.2021;138
07.01.2021;139
08.01.2021;140
09.01.2021;140
10.01.2021;141
11.01.2021;141
12.01.2021;142
13.01.2021;142
14.01.2021;143
15.01.2021;142
16.01.2021;140
17.01.2021;138
18.01.2021;138
19.01.2021;138
20.01.2021;140
21.01.2021;141
22.01.2021;142
23.01.2021;143
24.01.2021;144
25.01.2021;144
26.01.2021;144
27.01.2021;143
28.01.2021;143
29.01.2021;142
30.01.2021;141
31.01.2021;140
01.02.2021;138
02.02.2021;138
03.02.2021;139
04.02.2021;143
05.02.2021;143
06.02.2021;142
07.02.2021;141
08.02.2021;142
09.02.2021;145
10.02.2021;147
11.02.2021;147
12.02.2021;146
13.02.2021;145
14.02.2021;143
15.02.2021;141
16.02.2021;141
17.02.2021;143
18.02.2021;145
19.02.2021;146
20.02.2021;146
21.02.2021;146
22.02.2021;146
23.02.2021;146
24.02.2021;145
25.02.2021;144
26.02.2021;142
27.02.2021;140
28.02.2021;138
01.03.2021;137
02.03.2021;137
03.03.2021;137
04.03.2021;136
05.03.2021;135
06.03.2021;135
07.03.2021;136
08.03.2021;136
09.03.2021;137
10.03.2021;137
11.03.2021;138
12.03.2021;140
13.03.2021;140
14.03.2021;143
15.03.2021;144
16.03.2021;145
17.03.2021;144
18.03.2021;144
19.03.2021;144
20.03.2021;142
21.03.2021;141
22.03.2021;140
23.03.2021;141
24.03.2021;141
25.03.2021;140
26.03.2021;140
27.03.2021;140
28.03.2021;141
29.03.2021;141
30.03.2021;139
31.03.2021;137
01.04.2021;134
02.04.2021;133
03.04.2021;133
04.04.2021;135
05.04.2021;137
06.04.2021;139
07.04.2021;139
08.04.2021;139
09.04.2021;137
10.04.2021;137
11.04.2021;137
12.04.2021;137
13.04.2021;136
14.04.2021;135
15.04.2021;134
16.04.2021;132
17.04.2021;131
18.04.2021;132
19.04.2021;133
20.04.2021;135
21.04.2021;137
22.04.2021;137
23.04.2021;137
24.04.2021;137
25.04.2021;136
26.04.2021;134
27.04.2021;132
28.04.2021;130
29.04.2021;130
30.04.2021;132
01.05.2021;133
02.05.2021;135
03.05.2021;135
04.05.2021;137
05.05.2021;140
06.05.2021;141
07.05.2021;141
08.05.2021;141
09.05.2021;139
10.05.2021;136
11.05.2021;134
12.05.2021;135
13.05.2021;138
14.05.2021;141
15.05.2021;140
16.05.2021;139
17.05.2021;136
18.05.2021;134
19.05.2021;135
20.05.2021;136
21.05.2021;136
22.05.2021;136
23.05.2021;136
24.05.2021;135
25.05.2021;134
26.05.2021;133
27.05.2021;133
28.05.2021;133
29.05.2021;133
30.05.2021;133
31.05.2021;133
01.06.2021;133
02.06.2021;133
03.06.2021;133
04.06.2021;132
05.06.2021;131
06.06.2021;130
07.06.2021;129
08.06.2021;128
09.06.2021;127
10.06.2021;126
11.06.2021;126
12.06.2021;127
13.06.2021;126
14.06.2021;126
15.06.2021;126
16.06.2021;127
17.06.2021;127
18.06.2021;128
19.06.2021;128
20.06.2021;129
21.06.2021;129
22.06.2021;129
23.06.2021;128
24.06.2021;128
25.06.2021;129
26.06.2021;129
27.06.2021;129
28.06.2021;129
29.06.2021;130
30.06.2021;136
01.07.2021;143
02.07.2021;141
03.07.2021;137
04.07.2021;134
05.07.2021;131
06.07.2021;131
07.07.2021;132
08.07.2021;134
09.07.2021;136
10.07.2021;139
11.07.2021;137
12.07.2021;135
13.07.2021;133
14.07.2021;131
15.07.2021;130
16.07.2021;131
17.07.2021;134
18.07.2021;135
19.07.2021;135
20.07.2021;134
21.07.2021;133
22.07.2021;132
23.07.2021;131
24.07.2021;130
25.07.2021;129
26.07.2021;130
27.07.2021;130
28.07.2021;131
29.07.2021;132
30.07.2021;132
31.07.2021;133
01.08.2021;133
02.08.2021;134
03.08.2021;133
04.08.2021;132
05.08.2021;132
06.08.2021;132
07.08.2021;133
08.08.2021;133
09.08.2021;132
10.08.2021;132
11.08.2021;132
12.08.2021;131
13.08.2021;130
14.08.2021;130
15.08.2021;129
16.08.2021;130
17.08.2021;130
18.08.2021;130
19.08.2021;129
20.08.2021;130
21.08.2021;130
22.08.2021;131
23.08.2021;135
24.08.2021;133
25.08.2021;131
26.08.2021;133
27.08.2021;136
28.08.2021;136
29.08.2021;136
30.08.2021;138
31.08.2021;139
01.09.2021;138
02.09.2021;136
03.09.2021;135
04.09.2021;134
05.09.2021;134
06.09.2021;134
07.09.2021;133
08.09.2021;130
09.09.2021;127
10.09.2021;127
11.09.2021;130
12.09.2021;131
13.09.2021;132
14.09.2021;133
15.09.2021;133
16.09.2021;133
17.09.2021;132
18.09.2021;131
19.09.2021;130
20.09.2021;129
21.09.2021;129
22.09.2021;131
23.09.2021;133
24.09.2021;135
25.09.2021;135
26.09.2021;133
27.09.2021;132
28.09.2021;131
29.09.2021;131
30.09.2021;133
01.10.2021;131
02.10.2021;131
03.10.2021;129
04.10.2021;129
05.10.2021;129
06.10.2021;130
07.10.2021;131
08.10.2021;131
09.10.2021;131
10.10.2021;130
11.10.2021;131
12.10.2021;130
13.10.2021;130
14.10.2021;131
15.10.2021;133
16.10.2021;134
17.10.2021;133
18.10.2021;133
19.10.2021;134
20.10.2021;134
21.10.2021;137
22.10.2021;139
23.10.2021;140
24.10.2021;137
25.10.2021;133
26.10.2021;130
27.10.2021;131
28.10.2021;130
29.10.2021;130
30.10.2021;130
31.10.2021;131
01.11.2021;130
02.11.2021;130
03.11.2021;131
04.11.2021;137
05.11.2021;146
06.11.2021;145
07.11.2021;147
08.11.2021;148
09.11.2021;148
10.11.2021;147
11.11.2021;145
12.11.2021;143
13.11.2021;140
14.11.2021;138
15.11.2021;135
16.11.2021;134
17.11.2021;134
18.11.2021;135
19.11.2021;139
20.11.2021;139
21.11.2021;140
22.11.2021;139
23.11.2021;138
24.11.2021;138
25.11.2021;137
26.11.2021;137
27.11.2021;136
28.11.2021;136
29.11.2021;136
30.11.2021;139
01.12.2021;140
02.12.2021;143
03.12.2021;142
04.12.2021;141
05.12.2021;140
06.12.2021;138
07.12.2021;136
08.12.2021;134
09.12.2021;134
10.12.2021;134
11.12.2021;135
12.12.2021;135
13.12.2021;136
14.12.2021;136
15.12.2021;137
16.12.2021;138
17.12.2021;138
18.12.2021;138
19.12.2021;139
20.12.2021;139
21.12.2021;138
22.12.2021;137
23.12.2021;136
24.12.2021;139
25.12.2021;139
26.12.2021;138
27.12.2021;136
28.12.2021;136
29.12.2021;137
30.12.2021;137
31.12.2021;140
01.01.2022;142
02.01.2022;144
03.01.2022;146
04.01.2022;147
05.01.2022;147
06.01.2022;146
07.01.2022;146
08.01.2022;146
09.01.2022;145
10.01.2022;145
11.01.2022;143
12.01.2022;141
13.01.2022;141
14.01.2022;140
15.01.2022;140
16.01.2022;140
17.01.2022;142
18.01.2022;143
19.01.2022;142
20.01.2022;143
21.01.2022;144
22.01.2022;144
23.01.2022;143
24.01.2022;143
25.01.2022;142
26.01.2022;142
27.01.2022;143
28.01.2022;146
29.01.2022;148
30.01.2022;154
31.01.2022;152
01.02.2022;150
02.02.2022;148
03.02.2022;148
04.02.2022;147
05.02.2022;147
06.02.2022;149
07.02.2022;151
08.02.2022;150
09.02.2022;151
10.02.2022;150
11.02.2022;149
12.02.2022;147
13.02.2022;145
14.02.2022;144
15.02.2022;144
16.02.2022;143
17.02.2022;151
18.02.2022;153
19.02.2022;160
20.02.2022;160
21.02.2022;163
22.02.2022;163
23.02.2022;163
24.02.2022;162
25.02.2022;161
26.02.2022;160
27.02.2022;156
28.02.2022;153
01.03.2022;150
02.03.2022;146
03.03.2022;143
04.03.2022;140
05.03.2022;138
06.03.2022;137
07.03.2022;137
08.03.2022;137
09.03.2022;137
10.03.2022;136
11.03.2022;135
12.03.2022;134
13.03.2022;133
14.03.2022;132
15.03.2022;132
16.03.2022;132
17.03.2022;133
18.03.2022;133
19.03.2022;133
20.03.2022;132
21.03.2022;130
22.03.2022;130
23.03.2022;130
24.03.2022;131
25.03.2022;132
26.03.2022;132
27.03.2022;134
28.03.2022;135
29.03.2022;135
30.03.2022;135
31.03.2022;133
01.04.2022;131
02.04.2022;129
03.04.2022;130
04.04.2022;134
05.04.2022;138
06.04.2022;139
07.04.2022;139
08.04.2022;143
09.04.2022;143
10.04.2022;143
11.04.2022;142
12.04.2022;139
13.04.2022;137
14.04.2022;135
15.04.2022;135
16.04.2022;134
17.04.2022;134
18.04.2022;133
19.04.2022;132
20.04.2022;131
21.04.2022;131
22.04.2022;131
23.04.2022;131
24.04.2022;131
25.04.2022;131
26.04.2022;130
27.04.2022;130
28.04.2022;130
29.04.2022;130
30.04.2022;132
01.05.2022;133
02.05.2022;134
03.05.2022;134
04.05.2022;134
05.05.2022;134
06.05.2022;133
07.05.2022;133
08.05.2022;133
09.05.2022;133
10.05.2022;132
11.05.2022;132
12.05.2022;133
13.05.2022;133
14.05.2022;133
15.05.2022;132
16.05.2022;131
17.05.2022;130
18.05.2022;128
19.05.2022;127
20.05.2022;128
21.05.2022;131
22.05.2022;130
23.05.2022;129
24.05.2022;131
25.05.2022;132
26.05.2022;133
27.05.2022;133
28.05.2022;134
29.05.2022;133
30.05.2022;133
31.05.2022;132
01.06.2022;132
02.06.2022;131
03.06.2022;129
04.06.2022;128
05.06.2022;127
06.06.2022;128
07.06.2022;128
08.06.2022;129
09.06.2022;129
10.06.2022;130
11.06.2022;130
12.06.2022;131
13.06.2022;132
14.06.2022;131
15.06.2022;131
16.06.2022;130
17.06.2022;129
18.06.2022;129
19.06.2022;130
20.06.2022;131
21.06.2022;132
22.06.2022;132
23.06.2022;132
24.06.2022;132
25.06.2022;130
26.06.2022;129
27.06.2022;128
28.06.2022;128
29.06.2022;128
30.06.2022;128
01.07.2022;130
02.07.2022;131
03.07.2022;131
04.07.2022;132
05.07.2022;131
06.07.2022;131
07.07.2022;131
08.07.2022;133
09.07.2022;133
10.07.2022;133
11.07.2022;133
12.07.2022;133
13.07.2022;133
14.07.2022;133
15.07.2022;132
16.07.2022;132
17.07.2022;131
18.07.2022;131
19.07.2022;131
20.07.2022;131
21.07.2022;132
22.07.2022;132
23.07.2022;133
24.07.2022;132
25.07.2022;132
26.07.2022;133
27.07.2022;133
28.07.2022;132
29.07.2022;132
30.07.2022;132
31.07.2022;133
01.08.2022;133
02.08.2022;132
03.08.2022;132
04.08.2022;132
05.08.2022;132
06.08.2022;132
07.08.2022;131
08.08.2022;131
09.08.2022;130
10.08.2022;130
11.08.2022;129
12.08.2022;129
13.08.2022;129
14.08.2022;129
15.08.2022;129
16.08.2022;130
17.08.2022;130
18.08.2022;131
19.08.2022;133
20.08.2022;133
21.08.2022;134
22.08.2022;134
23.08.2022;134
24.08.2022;134
25.08.2022;134
26.08.2022;136
27.08.2022;139
28.08.2022;138
29.08.2022;136
30.08.2022;134
31.08.2022;133
01.09.2022;133
02.09.2022;132
03.09.2022;131
04.09.2022;131
05.09.2022;130
06.09.2022;130
07.09.2022;130
08.09.2022;131
09.09.2022;133
10.09.2022;134
11.09.2022;133
12.09.2022;132
13.09.2022;133
14.09.2022;133
15.09.2022;134
16.09.2022;135
17.09.2022;136
18.09.2022;137
19.09.2022;138
20.09.2022;139
21.09.2022;139
22.09.2022;138
23.09.2022;135
24.09.2022;133
25.09.2022;132
26.09.2022;131
27.09.2022;132
28.09.2022;133
29.09.2022;133
30.09.2022;133
01.10.2022;133
02.10.2022;134
03.10.2022;134
04.10.2022;133
05.10.2022;133
06.10.2022;134
07.10.2022;133
08.10.2022;134
09.10.2022;133
10.10.2022;133
11.10.2022;132
12.10.2022;131
13.10.2022;131
14.10.2022;131
15.10.2022;131
16.10.2022;131
17.10.2022;131
18.10.2022;132
19.10.2022;134
20.10.2022;133
21.10.2022;134
22.10.2022;136
23.10.2022;135
24.10.2022;136
25.10.2022;136
26.10.2022;136
27.10.2022;136
28.10.2022;136
29.10.2022;136
30.10.2022;135
31.10.2022;135
01.11.2022;135
02.11.2022;134
03.11.2022;133
04.11.2022;133
05.11.2022;133
06.11.2022;132
07.11.2022;132
08.11.2022;132
09.11.2022;131
10.11.2022;132
11.11.2022;132
12.11.2022;132
13.11.2022;133
14.11.2022;133
15.11.2022;133
16.11.2022;132
17.11.2022;131
18.11.2022;131
19.11.2022;132
20.11.2022;131
21.11.2022;131
22.11.2022;131
23.11.2022;132
24.11.2022;133
25.11.2022;134
26.11.2022;136
27.11.2022;135
28.11.2022;133
29.11.2022;131
30.11.2022;130
01.12.2022;129
02.12.2022;130
03.12.2022;130
04.12.2022;130
05.12.2022;132
06.12.2022;133
07.12.2022;135
08.12.2022;135
09.12.2022;136
10.12.2022;135
11.12.2022;133
12.12.2022;132
13.12.2022;132
14.12.2022;133
15.12.2022;134
16.12.2022;134
17.12.2022;133
18.12.2022;132
19.12.2022;131
20.12.2022;131
21.12.2022;133
22.12.2022;134
23.12.2022;135
24.12.2022;136
25.12.2022;137
26.12.2022;137
27.12.2022;138
28.12.2022;140
29.12.2022;141
30.12.2022;141
31.12.2022;141
01.01.2023;140
02.01.2023;138
03.01.2023;137
04.01.2023;139
05.01.2023;143
06.01.2023;142
07.01.2023;141
08.01.2023;139
09.01.2023;138
10.01.2023;139
11.01.2023;140
12.01.2023;143
13.01.2023;144
14.01.2023;143
15.01.2023;145
16.01.2023;144
17.01.2023;144
18.01.2023;142
19.01.2023;140
20.01.2023;139
21.01.2023;139
22.01.2023;140
23.01.2023;140
24.01.2023;139
25.01.2023;138
26.01.2023;138
27.01.2023;139
28.01.2023;139
29.01.2023;140
30.01.2023;141
31.01.2023;143
01.02.2023;147
02.02.2023;149
03.02.2023;149
04.02.2023;148
05.02.2023;146
06.02.2023;144
07.02.2023;142
08.02.2023;140
09.02.2023;138
10.02.2023;138
11.02.2023;140
12.02.2023;141
13.02.2023;141
14.02.2023;140
15.02.2023;138
16.02.2023;137
17.02.2023;138
18.02.2023;140
19.02.2023;145
20.02.2023;146
21.02.2023;146
22.02.2023;146
23.02.2023;145
24.02.2023;143
25.02.2023;145
26.02.2023;145
27.02.2023;145
28.02.2023;144
01.03.2023;142
02.03.2023;141
03.03.2023;141
04.03.2023;141
05.03.2023;141
06.03.2023;142
07.03.2023;142
08.03.2023;141
09.03.2023;140
10.03.2023;143
11.03.2023;149
12.03.2023;150
13.03.2023;151
14.03.2023;151
15.03.2023;153
16.03.2023;153
17.03.2023;153
18.03.2023;151
19.03.2023;149
20.03.2023;149
21.03.2023;148
22.03.2023;147
23.03.2023;145
24.03.2023;144
25.03.2023;144
26.03.2023;144
27.03.2023;143
28.03.2023;143
29.03.2023;142
30.03.2023;142
31.03.2023;141
01.04.2023;144
02.04.2023;146
03.04.2023;144
04.04.2023;143
05.04.2023;142
06.04.2023;141
07.04.2023;139
08.04.2023;138
09.04.2023;137
10.04.2023;137
11.04.2023;137
12.04.2023;137
13.04.2023;137
14.04.2023;137
15.04.2023;140
16.04.2023;143
17.04.2023;144
18.04.2023;145
19.04.2023;147
20.04.2023;150
21.04.2023;151
22.04.2023;152
23.04.2023;152
24.04.2023;152
25.04.2023;151
26.04.2023;149
27.04.2023;147
28.04.2023;145
29.04.2023;142
30.04.2023;138
01.05.2023;137
02.05.2023;137
03.05.2023;137
04.05.2023;137
05.05.2023;136
06.05.2023;137
07.05.2023;136
08.05.2023;135
09.05.2023;134
10.05.2023;133
11.05.2023;132
12.05.2023;131
13.05.2023;131
14.05.2023;131
15.05.2023;132
16.05.2023;133
17.05.2023;134
18.05.2023;135
19.05.2023;134
20.05.2023;131
21.05.2023;129
22.05.2023;128
23.05.2023;130
24.05.2023;131
25.05.2023;133
26.05.2023;134
27.05.2023;135
28.05.2023;134
29.05.2023;134
30.05.2023;134
31.05.2023;134
01.06.2023;135
02.06.2023;135
03.06.2023;134
04.06.2023;135
05.06.2023;134
06.06.2023;133
07.06.2023;132
08.06.2023;131
09.06.2023;130
10.06.2023;130
11.06.2023;130
12.06.2023;130
13.06.2023;130
14.06.2023;129
15.06.2023;129
16.06.2023;131
17.06.2023;133
18.06.2023;133
19.06.2023;131
20.06.2023;130
21.06.2023;132
22.06.2023;132
23.06.2023;142
24.06.2023;149
25.06.2023;146
26.06.2023;141
27.06.2023;142
28.06.2023;143
29.06.2023;142
30.06.2023;140
01.07.2023;138
02.07.2023;139
03.07.2023;138
04.07.2023;138
05.07.2023;139
06.07.2023;138
07.07.2023;137
08.07.2023;136
09.07.2023;135
10.07.2023;135
11.07.2023;133
12.07.2023;134
13.07.2023;134
14.07.2023;133
15.07.2023;134
16.07.2023;135
17.07.2023;135
18.07.2023;135
19.07.2023;135
20.07.2023;135
21.07.2023;135
22.07.2023;137
23.07.2023;137
24.07.2023;137
25.07.2023;139
26.07.2023;138
27.07.2023;136
28.07.2023;138
29.07.2023;139
30.07.2023;139
31.07.2023;137
01.08.2023;137
02.08.2023;136
03.08.2023;136
04.08.2023;136
05.08.2023;136
06.08.2023;136
07.08.2023;138
08.08.2023;137
09.08.2023;136
10.08.2023;136
11.08.2023;135
12.08.2023;134
13.08.2023;134
14.08.2023;134
15.08.2023;137
16.08.2023;138
17.08.2023;137
18.08.2023;136
19.08.2023;135
20.08.2023;134
21.08.2023;133
22.08.2023;133
23.08.2023;133
24.08.2023;133
25.08.2023;134
26.08.2023;135
27.08.2023;134
28.08.2023;135
29.08.2023;134
30.08.2023;135
31.08.2023;135
01.09.2023;135
02.09.2023;135
03.09.2023;136
04.09.2023;135
05.09.2023;135
06.09.2023;135
07.09.2023;135
08.09.2023;134
09.09.2023;133
10.09.2023;133
11.09.2023;133
12.09.2023;133
13.09.2023;135
14.09.2023;136
15.09.2023;135
16.09.2023;134
17.09.2023;134
18.09.2023;133
19.09.2023;133
20.09.2023;132
21.09.2023;132
22.09.2023;133
23.09.2023;133
24.09.2023;133
25.09.2023;133
26.09.2023;133
27.09.2023;134
28.09.2023;135
29.09.2023;135
30.09.2023;136
01.10.2023;136
02.10.2023;135
03.10.2023;136
04.10.2023;136
05.10.2023;136
06.10.2023;135
07.10.2023;137
08.10.2023;138
09.10.2023;137
10.10.2023;135
11.10.2023;133
12.10.2023;134
13.10.2023;136
14.10.2023;138
15.10.2023;137
16.10.2023;135
17.10.2023;134
18.10.2023;132
19.10.2023;131
20.10.2023;131
21.10.2023;132
22.10.2023;132
23.10.2023;133
24.10.2023;134
25.10.2023;138
26.10.2023;139
27.10.2023;140
28.10.2023;140
29.10.2023;142
30.10.2023;143
31.10.2023;142
01.11.2023;139
02.11.2023;137
03.11.2023;136
04.11.2023;134
05.11.2023;133
06.11.2023;134
07.11.2023;133
08.11.2023;132
09.11.2023;131
10.11.2023;132
11.11.2023;133
12.11.2023;134
13.11.2023;135
14.11.2023;138
15.11.2023;140
16.11.2023;140
17.11.2023;140
18.11.2023;138
19.11.2023;139
20.11.2023;142
21.11.2023;145
22.11.2023;143
23.11.2023;144
24.11.2023;145
25.11.2023;146
26.11.2023;146
27.11.2023;145
28.11.2023;145
29.11.2023;145
30.11.2023;142
01.12.2023;139
02.12.2023;138
03.12.2023;138
04.12.2023;137
05.12.2023;136
06.12.2023;136
07.12.2023;137
08.12.2023;136
09.12.2023;135
10.12.2023;136
11.12.2023;141
12.12.2023;147
13.12.2023;149
14.12.2023;151
15.12.2023;150
16.12.2023;150
17.12.2023;149
18.12.2023;149
19.12.2023;148
20.12.2023;150
21.12.2023;155
22.12.2023;161
23.12.2023;163
24.12.2023;167
25.12.2023;171
26.12.2023;176
27.12.2023;178
28.12.2023;176
29.12.2023;174
30.12.2023;174
31.12.2023;173
01.01.2024;172
02.01.2024;170
03.01.2024;172
04.01.2024;173
05.01.2024;173
06.01.2024;173
07.01.2024;171
08.01.2024;168
09.01.2024;165
10.01.2024;163
11.01.2024;159
12.01.2024;155
13.01.2024;154
14.01.2024;155
15.01.2024;156
16.01.2024;156
17.01.2024;155
18.01.2024;153
19.01.2024;151
20.01.2024;149
21.01.2024;148
22.01.2024;148
23.01.2024;149
24.01.2024;153
25.01.2024;156
26.01.2024;158
27.01.2024;161
28.01.2024;161
29.01.2024;161
30.01.2024;158
31.01.2024;157
01.02.2024;157
02.02.2024;155
03.02.2024;156
04.02.2024;156
05.02.2024;160
06.02.2024;163
07.02.2024;167
08.02.2024;168
09.02.2024;171
10.02.2024;173
11.02.2024;173
12.02.2024;175
13.02.2024;177
14.02.2024;178
15.02.2024;180
16.02.2024;181
17.02.2024;182
18.02.2024;181
19.02.2024;182
20.02.2024;181
21.02.2024;180
22.02.2024;180
23.02.2024;180
24.02.2024;177
25.02.2024;175
26.02.2024;173
27.02.2024;170
28.02.2024;167
29.02.2024;164
01.03.2024;161
02.03.2024;158
03.03.2024;155
04.03.2024;152
05.03.2024;150
06.03.2024;148
07.03.2024;147
08.03.2024;147
09.03.2024;146
10.03.2024;145
11.03.2024;144
12.03.2024;142
13.03.2024;141
14.03.2024;142
15.03.2024;143
16.03.2024;143
17.03.2024;143
18.03.2024;142
19.03.2024;141
20.03.2024;139
21.03.2024;140
22.03.2024;142
23.03.2024;146
24.03.2024;150
25.03.2024;152
26.03.2024;152
27.03.2024;152
28.03.2024;152
29.03.2024;151
30.03.2024;149
31.03.2024;147
01.04.2024;145
02.04.2024;146
03.04.2024;146
04.04.2024;147
05.04.2024;147
06.04.2024;147
07.04.2024;146
08.04.2024;145
09.04.2024;145
10.04.2024;144
11.04.2024;143
12.04.2024;143
13.04.2024;143
14.04.2024;141
15.04.2024;139
16.04.2024;141
17.04.2024;140
18.04.2024;140
19.04.2024;141
20.04.2024;143
21.04.2024;143
22.04.2024;142
23.04.2024;140
24.04.2024;139
25.04.2024;139
26.04.2024;139
27.04.2024;139
28.04.2024;139
29.04.2024;139
30.04.2024;139
01.05.2024;138
02.05.2024;135
03.05.2024;132
04.05.2024;132
05.05.2024;133
06.05.2024;133
07.05.2024;133
08.05.2024;134
09.05.2024;134
10.05.2024;134
11.05.2024;134
12.05.2024;133
13.05.2024;132
14.05.2024;131
15.05.2024;129
16.05.2024;127
17.05.2024;127
18.05.2024;128
19.05.2024;129
20.05.2024;131
21.05.2024;132
22.05.2024;134
23.05.2024;137
24.05.2024;137
25.05.2024;140
26.05.2024;138
27.05.2024;135
28.05.2024;134
29.05.2024;134
30.05.2024;134
31.05.2024;135
01.06.2024;133
02.06.2024;132
03.06.2024;130
04.06.2024;130
05.06.2024;133
06.06.2024;135
07.06.2024;136
08.06.2024;134
09.06.2024;132
10.06.2024;132
11.06.2024;133
12.06.2024;132
13.06.2024;131
14.06.2024;130
15.06.2024;130
16.06.2024;130
17.06.2024;130
18.06.2024;130
19.06.2024;132
20.06.2024;133
21.06.2024;133
22.06.2024;137
23.06.2024;138
24.06.2024;137
25.06.2024;136
26.06.2024;134
27.06.2024;132
28.06.2024;132
29.06.2024;131
30.06.2024;133
01.07.2024;134
02.07.2024;136
03.07.2024;136
04.07.2024;137
05.07.2024;136
06.07.2024;135
07.07.2024;135
08.07.2024;134
09.07.2024;133
10.07.2024;135
11.07.2024;137
12.07.2024;137
13.07.2024;139
14.07.2024;139
15.07.2024;139
16.07.2024;138
17.07.2024;137
18.07.2024;135
19.07.2024;133
20.07.2024;132
21.07.2024;131
22.07.2024;131
23.07.2024;131
24.07.2024;133
25.07.2024;133
26.07.2024;133
27.07.2024;133
28.07.2024;142
29.07.2024;142
30.07.2024;139
31.07.2024;137
01.08.2024;135
02.08.2024;133
03.08.2024;133
04.08.2024;136
05.08.2024;-777
